{
  "training_duration": "00:39:48",
  "training_start_epoch": 0,
  "training_epochs": 3,
  "epoch": 3,
  "training_background_P": 0.9860133382734346,
  "training_background_R": 0.987660048246428,
  "training_background_F1": 0.9868360063038344,
  "training_method_P": 0.9805920407763183,
  "training_method_R": 0.977478137671601,
  "training_method_F1": 0.9790326132164988,
  "training_result_P": 0.9779886914378029,
  "training_result_R": 0.9772979517707597,
  "training_result_F1": 0.9776431995962156,
  "training_average_F1": 0.9811706063721829,
  "training_aux-sec--introduction_P": 0.49745318889446877,
  "training_aux-sec--introduction_R": 0.7323100753361966,
  "training_aux-sec--introduction_F1": 0.5924554633096937,
  "training_aux-sec--conclusion_P": 0.503893833439288,
  "training_aux-sec--conclusion_R": 0.4172259507829978,
  "training_aux-sec--conclusion_F1": 0.45648261464252476,
  "training_aux-sec--experiments_P": 0.42846799884158704,
  "training_aux-sec--experiments_R": 0.24560092961487384,
  "training_aux-sec--experiments_F1": 0.31222960852585846,
  "training_aux-sec--method_P": 0.3830409356725146,
  "training_aux-sec--method_R": 0.23246577657596756,
  "training_aux-sec--method_F1": 0.2893352965922963,
  "training_aux-sec--related work_P": 0.46086086086086087,
  "training_aux-sec--related work_R": 0.3837945981993998,
  "training_aux-sec--related work_F1": 0.4188119712543851,
  "training_aux-sec--average_F1": 0.41386299086495165,
  "training_aux-worth--False_P": 0.9264642308781659,
  "training_aux-worth--False_R": 0.9872601347058076,
  "training_aux-worth--False_F1": 0.9558964894066484,
  "training_aux-worth--True_P": 0.8747070770192158,
  "training_aux-worth--True_R": 0.5316179263197873,
  "training_aux-worth--True_F1": 0.6613122305556727,
  "training_aux-worth--average_F1": 0.8086043599811605,
  "training_loss": 0.19386426103493937,
  "validation_background_P": 0.8653500897666068,
  "validation_background_R": 0.895910780669145,
  "validation_background_F1": 0.880365296803603,
  "validation_method_P": 0.826271186440678,
  "validation_method_R": 0.7647058823529411,
  "validation_method_F1": 0.7942973523421089,
  "validation_result_P": 0.7560975609756098,
  "validation_result_R": 0.7560975609756098,
  "validation_result_F1": 0.7560975609755599,
  "validation_average_F1": 0.8102534033737573,
  "validation_aux-sec--introduction_P": 0.0,
  "validation_aux-sec--introduction_R": 0.0,
  "validation_aux-sec--introduction_F1": 0.0,
  "validation_aux-sec--conclusion_P": 0.0,
  "validation_aux-sec--conclusion_R": 0.0,
  "validation_aux-sec--conclusion_F1": 0.0,
  "validation_aux-sec--experiments_P": 0.0,
  "validation_aux-sec--experiments_R": 0.0,
  "validation_aux-sec--experiments_F1": 0.0,
  "validation_aux-sec--method_P": 0.0,
  "validation_aux-sec--method_R": 0.0,
  "validation_aux-sec--method_F1": 0.0,
  "validation_aux-sec--related work_P": 0.0,
  "validation_aux-sec--related work_R": 0.0,
  "validation_aux-sec--related work_F1": 0.0,
  "validation_aux-sec--average_F1": 0.0,
  "validation_aux-worth--False_P": 0.0,
  "validation_aux-worth--False_R": 0.0,
  "validation_aux-worth--False_F1": 0.0,
  "validation_aux-worth--True_P": 0.0,
  "validation_aux-worth--True_R": 0.0,
  "validation_aux-worth--True_F1": 0.0,
  "validation_aux-worth--average_F1": 0.0,
  "validation_loss": 0.9839501948706035,
  "best_epoch": 0,
  "best_validation_background_P": 0.8713235294117647,
  "best_validation_background_R": 0.8810408921933085,
  "best_validation_background_F1": 0.8761552680221313,
  "best_validation_method_P": 0.804,
  "best_validation_method_R": 0.788235294117647,
  "best_validation_method_F1": 0.796039603960346,
  "best_validation_result_P": 0.7704918032786885,
  "best_validation_result_R": 0.7642276422764228,
  "best_validation_result_F1": 0.7673469387754602,
  "best_validation_average_F1": 0.8131806035859791,
  "best_validation_aux-sec--introduction_P": 0.0,
  "best_validation_aux-sec--introduction_R": 0.0,
  "best_validation_aux-sec--introduction_F1": 0.0,
  "best_validation_aux-sec--conclusion_P": 0.0,
  "best_validation_aux-sec--conclusion_R": 0.0,
  "best_validation_aux-sec--conclusion_F1": 0.0,
  "best_validation_aux-sec--experiments_P": 0.0,
  "best_validation_aux-sec--experiments_R": 0.0,
  "best_validation_aux-sec--experiments_F1": 0.0,
  "best_validation_aux-sec--method_P": 0.0,
  "best_validation_aux-sec--method_R": 0.0,
  "best_validation_aux-sec--method_F1": 0.0,
  "best_validation_aux-sec--related work_P": 0.0,
  "best_validation_aux-sec--related work_R": 0.0,
  "best_validation_aux-sec--related work_F1": 0.0,
  "best_validation_aux-sec--average_F1": 0.0,
  "best_validation_aux-worth--False_P": 0.0,
  "best_validation_aux-worth--False_R": 0.0,
  "best_validation_aux-worth--False_F1": 0.0,
  "best_validation_aux-worth--True_P": 0.0,
  "best_validation_aux-worth--True_R": 0.0,
  "best_validation_aux-worth--True_F1": 0.0,
  "best_validation_aux-worth--average_F1": 0.0,
  "best_validation_loss": 0.4729069219581012,
  "test_background_P": 0.8771929824561403,
  "test_background_R": 0.8525576730190572,
  "test_background_F1": 0.8646998982705503,
  "test_method_P": 0.8450946643717728,
  "test_method_R": 0.8115702479338843,
  "test_method_F1": 0.8279932546373868,
  "test_result_P": 0.7041800643086816,
  "test_result_R": 0.8455598455598455,
  "test_result_F1": 0.7684210526315294,
  "test_average_F1": 0.8203714018464888,
  "test_aux-sec--introduction_P": 0.0,
  "test_aux-sec--introduction_R": 0.0,
  "test_aux-sec--introduction_F1": 0.0,
  "test_aux-sec--conclusion_P": 0.0,
  "test_aux-sec--conclusion_R": 0.0,
  "test_aux-sec--conclusion_F1": 0.0,
  "test_aux-sec--experiments_P": 0.0,
  "test_aux-sec--experiments_R": 0.0,
  "test_aux-sec--experiments_F1": 0.0,
  "test_aux-sec--method_P": 0.0,
  "test_aux-sec--method_R": 0.0,
  "test_aux-sec--method_F1": 0.0,
  "test_aux-sec--related work_P": 0.0,
  "test_aux-sec--related work_R": 0.0,
  "test_aux-sec--related work_F1": 0.0,
  "test_aux-sec--average_F1": 0.0,
  "test_aux-worth--False_P": 0.0,
  "test_aux-worth--False_R": 0.0,
  "test_aux-worth--False_F1": 0.0,
  "test_aux-worth--True_P": 0.0,
  "test_aux-worth--True_R": 0.0,
  "test_aux-worth--True_F1": 0.0,
  "test_aux-worth--average_F1": 0.0,
  "test_loss": 0.43049039565405606
}