{
  "training_duration": "00:10:15",
  "training_start_epoch": 0,
  "training_epochs": 0,
  "epoch": 0,
  "training_background_P": 0.8831569074098888,
  "training_background_R": 0.9161801501251042,
  "training_background_F1": 0.8993654908916741,
  "training_method_P": 0.8417714992782017,
  "training_method_R": 0.7969055056618508,
  "training_method_F1": 0.8187243004713171,
  "training_result_P": 0.8573728267868641,
  "training_result_R": 0.811890243902439,
  "training_result_F1": 0.8340119010334608,
  "training_average_F1": 0.8507005641321506,
  "training_aux-sec--introduction_P": 0.45024580090127,
  "training_aux-sec--introduction_R": 0.7738153911145532,
  "training_aux-sec--introduction_F1": 0.5692642374329424,
  "training_aux-sec--conclusion_P": 0.4797047970479705,
  "training_aux-sec--conclusion_R": 0.3164890117120674,
  "training_aux-sec--conclusion_F1": 0.3813676907829055,
  "training_aux-sec--experiments_P": 0.3730977785551863,
  "training_aux-sec--experiments_R": 0.17704183266932272,
  "training_aux-sec--experiments_F1": 0.24013509710099773,
  "training_aux-sec--method_P": 0.32324344157035406,
  "training_aux-sec--method_R": 0.148893020111543,
  "training_aux-sec--method_F1": 0.20387619323108208,
  "training_aux-sec--related work_P": 0.34361487460363216,
  "training_aux-sec--related work_R": 0.19873291097032345,
  "training_aux-sec--related work_F1": 0.2518221189394275,
  "training_aux-sec--average_F1": 0.329293067497471,
  "training_aux-worth--False_P": 0.9019767678826167,
  "training_aux-worth--False_R": 0.9843055026051595,
  "training_aux-worth--False_F1": 0.9413444739839988,
  "training_aux-worth--True_P": 0.7935645633096532,
  "training_aux-worth--True_R": 0.3606152677554121,
  "training_aux-worth--True_F1": 0.49588719153932254,
  "training_aux-worth--average_F1": 0.7186158327616606,
  "training_loss": 0.5100803706157607,
  "validation_background_P": 0.8713235294117647,
  "validation_background_R": 0.8810408921933085,
  "validation_background_F1": 0.8761552680221313,
  "validation_method_P": 0.804,
  "validation_method_R": 0.788235294117647,
  "validation_method_F1": 0.796039603960346,
  "validation_result_P": 0.7704918032786885,
  "validation_result_R": 0.7642276422764228,
  "validation_result_F1": 0.7673469387754602,
  "validation_average_F1": 0.8131806035859791,
  "validation_aux-sec--introduction_P": 0.0,
  "validation_aux-sec--introduction_R": 0.0,
  "validation_aux-sec--introduction_F1": 0.0,
  "validation_aux-sec--conclusion_P": 0.0,
  "validation_aux-sec--conclusion_R": 0.0,
  "validation_aux-sec--conclusion_F1": 0.0,
  "validation_aux-sec--experiments_P": 0.0,
  "validation_aux-sec--experiments_R": 0.0,
  "validation_aux-sec--experiments_F1": 0.0,
  "validation_aux-sec--method_P": 0.0,
  "validation_aux-sec--method_R": 0.0,
  "validation_aux-sec--method_F1": 0.0,
  "validation_aux-sec--related work_P": 0.0,
  "validation_aux-sec--related work_R": 0.0,
  "validation_aux-sec--related work_F1": 0.0,
  "validation_aux-sec--average_F1": 0.0,
  "validation_aux-worth--False_P": 0.0,
  "validation_aux-worth--False_R": 0.0,
  "validation_aux-worth--False_F1": 0.0,
  "validation_aux-worth--True_P": 0.0,
  "validation_aux-worth--True_R": 0.0,
  "validation_aux-worth--True_F1": 0.0,
  "validation_aux-worth--average_F1": 0.0,
  "validation_loss": 0.4729069219581012,
  "best_epoch": 0,
  "best_validation_background_P": 0.8713235294117647,
  "best_validation_background_R": 0.8810408921933085,
  "best_validation_background_F1": 0.8761552680221313,
  "best_validation_method_P": 0.804,
  "best_validation_method_R": 0.788235294117647,
  "best_validation_method_F1": 0.796039603960346,
  "best_validation_result_P": 0.7704918032786885,
  "best_validation_result_R": 0.7642276422764228,
  "best_validation_result_F1": 0.7673469387754602,
  "best_validation_average_F1": 0.8131806035859791,
  "best_validation_aux-sec--introduction_P": 0.0,
  "best_validation_aux-sec--introduction_R": 0.0,
  "best_validation_aux-sec--introduction_F1": 0.0,
  "best_validation_aux-sec--conclusion_P": 0.0,
  "best_validation_aux-sec--conclusion_R": 0.0,
  "best_validation_aux-sec--conclusion_F1": 0.0,
  "best_validation_aux-sec--experiments_P": 0.0,
  "best_validation_aux-sec--experiments_R": 0.0,
  "best_validation_aux-sec--experiments_F1": 0.0,
  "best_validation_aux-sec--method_P": 0.0,
  "best_validation_aux-sec--method_R": 0.0,
  "best_validation_aux-sec--method_F1": 0.0,
  "best_validation_aux-sec--related work_P": 0.0,
  "best_validation_aux-sec--related work_R": 0.0,
  "best_validation_aux-sec--related work_F1": 0.0,
  "best_validation_aux-sec--average_F1": 0.0,
  "best_validation_aux-worth--False_P": 0.0,
  "best_validation_aux-worth--False_R": 0.0,
  "best_validation_aux-worth--False_F1": 0.0,
  "best_validation_aux-worth--True_P": 0.0,
  "best_validation_aux-worth--True_R": 0.0,
  "best_validation_aux-worth--True_F1": 0.0,
  "best_validation_aux-worth--average_F1": 0.0,
  "best_validation_loss": 0.4729069219581012
}