{
  "training_duration": "00:29:57",
  "training_start_epoch": 0,
  "training_epochs": 2,
  "epoch": 2,
  "training_background_P": 0.9747561144759351,
  "training_background_R": 0.9795112432633339,
  "training_background_F1": 0.9771278937732683,
  "training_method_P": 0.9633597495352705,
  "training_method_R": 0.9562493930270952,
  "training_method_F1": 0.9597914026707756,
  "training_result_P": 0.9691584967320261,
  "training_result_R": 0.9634517766497462,
  "training_result_F1": 0.966296711129163,
  "training_average_F1": 0.967738669191069,
  "training_aux-sec--introduction_P": 0.4870879697669536,
  "training_aux-sec--introduction_R": 0.735055974089981,
  "training_aux-sec--introduction_F1": 0.5859161253209012,
  "training_aux-sec--conclusion_P": 0.4971597925413682,
  "training_aux-sec--conclusion_R": 0.3973549151204106,
  "training_aux-sec--conclusion_F1": 0.44168952276462425,
  "training_aux-sec--experiments_P": 0.4202458643193201,
  "training_aux-sec--experiments_R": 0.22983067729083664,
  "training_aux-sec--experiments_F1": 0.29715082899603734,
  "training_aux-sec--method_P": 0.3768361581920904,
  "training_aux-sec--method_R": 0.22545208720635457,
  "training_aux-sec--method_F1": 0.28211906524263053,
  "training_aux-sec--related work_P": 0.4411580920641533,
  "training_aux-sec--related work_R": 0.35311770590196734,
  "training_aux-sec--related work_F1": 0.39225854245758557,
  "training_aux-sec--average_F1": 0.3998268169563558,
  "training_aux-worth--False_P": 0.9231763098491149,
  "training_aux-worth--False_R": 0.9874666412504766,
  "training_aux-worth--False_F1": 0.9542398378975309,
  "training_aux-worth--True_P": 0.871665582303188,
  "training_aux-worth--True_R": 0.5088302316748956,
  "training_aux-worth--True_F1": 0.6425659472421598,
  "training_aux-worth--average_F1": 0.7984028925698453,
  "training_loss": 0.23092593061285638,
  "validation_background_P": 0.8714555765595463,
  "validation_background_R": 0.8568773234200744,
  "validation_background_F1": 0.8641049671977008,
  "validation_method_P": 0.796,
  "validation_method_R": 0.7803921568627451,
  "validation_method_F1": 0.7881188118811381,
  "validation_result_P": 0.6934306569343066,
  "validation_result_R": 0.7723577235772358,
  "validation_result_F1": 0.730769230769181,
  "validation_average_F1": 0.7943310032826734,
  "validation_aux-sec--introduction_P": 0.0,
  "validation_aux-sec--introduction_R": 0.0,
  "validation_aux-sec--introduction_F1": 0.0,
  "validation_aux-sec--conclusion_P": 0.0,
  "validation_aux-sec--conclusion_R": 0.0,
  "validation_aux-sec--conclusion_F1": 0.0,
  "validation_aux-sec--experiments_P": 0.0,
  "validation_aux-sec--experiments_R": 0.0,
  "validation_aux-sec--experiments_F1": 0.0,
  "validation_aux-sec--method_P": 0.0,
  "validation_aux-sec--method_R": 0.0,
  "validation_aux-sec--method_F1": 0.0,
  "validation_aux-sec--related work_P": 0.0,
  "validation_aux-sec--related work_R": 0.0,
  "validation_aux-sec--related work_F1": 0.0,
  "validation_aux-sec--average_F1": 0.0,
  "validation_aux-worth--False_P": 0.0,
  "validation_aux-worth--False_R": 0.0,
  "validation_aux-worth--False_F1": 0.0,
  "validation_aux-worth--True_P": 0.0,
  "validation_aux-worth--True_R": 0.0,
  "validation_aux-worth--True_F1": 0.0,
  "validation_aux-worth--average_F1": 0.0,
  "validation_loss": 0.9371339703171417,
  "best_epoch": 0,
  "best_validation_background_P": 0.8713235294117647,
  "best_validation_background_R": 0.8810408921933085,
  "best_validation_background_F1": 0.8761552680221313,
  "best_validation_method_P": 0.804,
  "best_validation_method_R": 0.788235294117647,
  "best_validation_method_F1": 0.796039603960346,
  "best_validation_result_P": 0.7704918032786885,
  "best_validation_result_R": 0.7642276422764228,
  "best_validation_result_F1": 0.7673469387754602,
  "best_validation_average_F1": 0.8131806035859791,
  "best_validation_aux-sec--introduction_P": 0.0,
  "best_validation_aux-sec--introduction_R": 0.0,
  "best_validation_aux-sec--introduction_F1": 0.0,
  "best_validation_aux-sec--conclusion_P": 0.0,
  "best_validation_aux-sec--conclusion_R": 0.0,
  "best_validation_aux-sec--conclusion_F1": 0.0,
  "best_validation_aux-sec--experiments_P": 0.0,
  "best_validation_aux-sec--experiments_R": 0.0,
  "best_validation_aux-sec--experiments_F1": 0.0,
  "best_validation_aux-sec--method_P": 0.0,
  "best_validation_aux-sec--method_R": 0.0,
  "best_validation_aux-sec--method_F1": 0.0,
  "best_validation_aux-sec--related work_P": 0.0,
  "best_validation_aux-sec--related work_R": 0.0,
  "best_validation_aux-sec--related work_F1": 0.0,
  "best_validation_aux-sec--average_F1": 0.0,
  "best_validation_aux-worth--False_P": 0.0,
  "best_validation_aux-worth--False_R": 0.0,
  "best_validation_aux-worth--False_F1": 0.0,
  "best_validation_aux-worth--True_P": 0.0,
  "best_validation_aux-worth--True_R": 0.0,
  "best_validation_aux-worth--True_F1": 0.0,
  "best_validation_aux-worth--average_F1": 0.0,
  "best_validation_loss": 0.4729069219581012
}