{
  "training_duration": "00:20:05",
  "training_start_epoch": 0,
  "training_epochs": 1,
  "epoch": 1,
  "training_background_P": 0.9452978128295658,
  "training_background_R": 0.9582151986985824,
  "training_background_F1": 0.9517126765764435,
  "training_method_P": 0.9236416300439473,
  "training_method_R": 0.9010084279241974,
  "training_method_F1": 0.9121846563586096,
  "training_result_P": 0.9348223350253807,
  "training_result_R": 0.9268243583291395,
  "training_result_F1": 0.9308061662875416,
  "training_average_F1": 0.9315678330741982,
  "training_aux-sec--introduction_P": 0.4743263051076784,
  "training_aux-sec--introduction_R": 0.7404773639371963,
  "training_aux-sec--introduction_F1": 0.5782463471292015,
  "training_aux-sec--conclusion_P": 0.4853519895059029,
  "training_aux-sec--conclusion_R": 0.3651796288985393,
  "training_aux-sec--conclusion_F1": 0.41677617992710897,
  "training_aux-sec--experiments_P": 0.4074642911995085,
  "training_aux-sec--experiments_R": 0.22020252324037184,
  "training_aux-sec--experiments_F1": 0.28589902473189044,
  "training_aux-sec--method_P": 0.3662927981109799,
  "training_aux-sec--method_R": 0.20973466283589656,
  "training_aux-sec--method_F1": 0.26673831273504234,
  "training_aux-sec--related work_P": 0.4054788317862803,
  "training_aux-sec--related work_R": 0.2985995331777259,
  "training_aux-sec--related work_F1": 0.3439270283244831,
  "training_aux-sec--average_F1": 0.3783173785695452,
  "training_aux-worth--False_P": 0.9177055143959896,
  "training_aux-worth--False_R": 0.9857987037743042,
  "training_aux-worth--False_F1": 0.9505341757610071,
  "training_aux-worth--True_P": 0.8474663026787238,
  "training_aux-worth--True_R": 0.47161033042157235,
  "training_aux-worth--True_F1": 0.6059903617397211,
  "training_aux-worth--average_F1": 0.7782622687503641,
  "training_loss": 0.3249537790981541,
  "validation_background_P": 0.8566308243727598,
  "validation_background_R": 0.8884758364312267,
  "validation_background_F1": 0.8722627737225779,
  "validation_method_P": 0.8225108225108225,
  "validation_method_R": 0.7450980392156863,
  "validation_method_F1": 0.7818930041151766,
  "validation_result_P": 0.7244094488188977,
  "validation_result_R": 0.7479674796747967,
  "validation_result_F1": 0.73599999999995,
  "validation_average_F1": 0.7967185926125682,
  "validation_aux-sec--introduction_P": 0.0,
  "validation_aux-sec--introduction_R": 0.0,
  "validation_aux-sec--introduction_F1": 0.0,
  "validation_aux-sec--conclusion_P": 0.0,
  "validation_aux-sec--conclusion_R": 0.0,
  "validation_aux-sec--conclusion_F1": 0.0,
  "validation_aux-sec--experiments_P": 0.0,
  "validation_aux-sec--experiments_R": 0.0,
  "validation_aux-sec--experiments_F1": 0.0,
  "validation_aux-sec--method_P": 0.0,
  "validation_aux-sec--method_R": 0.0,
  "validation_aux-sec--method_F1": 0.0,
  "validation_aux-sec--related work_P": 0.0,
  "validation_aux-sec--related work_R": 0.0,
  "validation_aux-sec--related work_F1": 0.0,
  "validation_aux-sec--average_F1": 0.0,
  "validation_aux-worth--False_P": 0.0,
  "validation_aux-worth--False_R": 0.0,
  "validation_aux-worth--False_F1": 0.0,
  "validation_aux-worth--True_P": 0.0,
  "validation_aux-worth--True_R": 0.0,
  "validation_aux-worth--True_F1": 0.0,
  "validation_aux-worth--average_F1": 0.0,
  "validation_loss": 0.6543049989589329,
  "best_epoch": 0,
  "best_validation_background_P": 0.8713235294117647,
  "best_validation_background_R": 0.8810408921933085,
  "best_validation_background_F1": 0.8761552680221313,
  "best_validation_method_P": 0.804,
  "best_validation_method_R": 0.788235294117647,
  "best_validation_method_F1": 0.796039603960346,
  "best_validation_result_P": 0.7704918032786885,
  "best_validation_result_R": 0.7642276422764228,
  "best_validation_result_F1": 0.7673469387754602,
  "best_validation_average_F1": 0.8131806035859791,
  "best_validation_aux-sec--introduction_P": 0.0,
  "best_validation_aux-sec--introduction_R": 0.0,
  "best_validation_aux-sec--introduction_F1": 0.0,
  "best_validation_aux-sec--conclusion_P": 0.0,
  "best_validation_aux-sec--conclusion_R": 0.0,
  "best_validation_aux-sec--conclusion_F1": 0.0,
  "best_validation_aux-sec--experiments_P": 0.0,
  "best_validation_aux-sec--experiments_R": 0.0,
  "best_validation_aux-sec--experiments_F1": 0.0,
  "best_validation_aux-sec--method_P": 0.0,
  "best_validation_aux-sec--method_R": 0.0,
  "best_validation_aux-sec--method_F1": 0.0,
  "best_validation_aux-sec--related work_P": 0.0,
  "best_validation_aux-sec--related work_R": 0.0,
  "best_validation_aux-sec--related work_F1": 0.0,
  "best_validation_aux-sec--average_F1": 0.0,
  "best_validation_aux-worth--False_P": 0.0,
  "best_validation_aux-worth--False_R": 0.0,
  "best_validation_aux-worth--False_F1": 0.0,
  "best_validation_aux-worth--True_P": 0.0,
  "best_validation_aux-worth--True_R": 0.0,
  "best_validation_aux-worth--True_F1": 0.0,
  "best_validation_aux-worth--average_F1": 0.0,
  "best_validation_loss": 0.4729069219581012
}