{
  "training_duration": "00:49:33",
  "training_start_epoch": 0,
  "training_epochs": 4,
  "epoch": 4,
  "training_background_P": 0.9914977412255299,
  "training_background_R": 0.9921873188825779,
  "training_background_F1": 0.9918424101969373,
  "training_method_P": 0.9856220657276995,
  "training_method_R": 0.9845146793024279,
  "training_method_F1": 0.9850680612917704,
  "training_result_P": 0.9890677194047981,
  "training_result_R": 0.9883673882257739,
  "training_result_F1": 0.9887174298001019,
  "training_average_F1": 0.9885426337629366,
  "training_aux-sec--introduction_P": 0.5055172581784523,
  "training_aux-sec--introduction_R": 0.7305850876575372,
  "training_aux-sec--introduction_F1": 0.5975611511826638,
  "training_aux-sec--conclusion_P": 0.5129674072927151,
  "training_aux-sec--conclusion_R": 0.43597841821292277,
  "training_aux-sec--conclusion_F1": 0.47134981326688974,
  "training_aux-sec--experiments_P": 0.43025258323765786,
  "training_aux-sec--experiments_R": 0.24883798140770252,
  "training_aux-sec--experiments_F1": 0.31531342027761444,
  "training_aux-sec--method_P": 0.3935942106673814,
  "training_aux-sec--method_R": 0.24818320094642554,
  "training_aux-sec--method_F1": 0.3044154228855247,
  "training_aux-sec--related work_P": 0.47088906372934697,
  "training_aux-sec--related work_R": 0.39913304434811603,
  "training_aux-sec--related work_F1": 0.4320519761775356,
  "training_aux-sec--average_F1": 0.4241383567580456,
  "training_aux-worth--False_P": 0.9347643224081473,
  "training_aux-worth--False_R": 0.9885468293302834,
  "training_aux-worth--False_F1": 0.9609036023654983,
  "training_aux-worth--True_P": 0.8956584659913169,
  "training_aux-worth--True_R": 0.5876376756551462,
  "training_aux-worth--True_F1": 0.7096663226693708,
  "training_aux-worth--average_F1": 0.8352849625174346,
  "training_loss": 0.19247940451581425,
  "validation_background_P": 0.8553571428571428,
  "validation_background_R": 0.8903345724907064,
  "validation_background_F1": 0.8724954462658882,
  "validation_method_P": 0.8057851239669421,
  "validation_method_R": 0.7647058823529411,
  "validation_method_F1": 0.7847082494969319,
  "validation_result_P": 0.7894736842105263,
  "validation_result_R": 0.7317073170731707,
  "validation_result_F1": 0.759493670886026,
  "validation_average_F1": 0.8055657888829487,
  "validation_aux-sec--introduction_P": 0.0,
  "validation_aux-sec--introduction_R": 0.0,
  "validation_aux-sec--introduction_F1": 0.0,
  "validation_aux-sec--conclusion_P": 0.0,
  "validation_aux-sec--conclusion_R": 0.0,
  "validation_aux-sec--conclusion_F1": 0.0,
  "validation_aux-sec--experiments_P": 0.0,
  "validation_aux-sec--experiments_R": 0.0,
  "validation_aux-sec--experiments_F1": 0.0,
  "validation_aux-sec--method_P": 0.0,
  "validation_aux-sec--method_R": 0.0,
  "validation_aux-sec--method_F1": 0.0,
  "validation_aux-sec--related work_P": 0.0,
  "validation_aux-sec--related work_R": 0.0,
  "validation_aux-sec--related work_F1": 0.0,
  "validation_aux-sec--average_F1": 0.0,
  "validation_aux-worth--False_P": 0.0,
  "validation_aux-worth--False_R": 0.0,
  "validation_aux-worth--False_F1": 0.0,
  "validation_aux-worth--True_P": 0.0,
  "validation_aux-worth--True_R": 0.0,
  "validation_aux-worth--True_F1": 0.0,
  "validation_aux-worth--average_F1": 0.0,
  "validation_loss": 1.1308315452830544,
  "best_epoch": 2,
  "best_validation_background_P": 0.8646209386281588,
  "best_validation_background_R": 0.8903345724907064,
  "best_validation_background_F1": 0.8772893772893273,
  "best_validation_method_P": 0.7911646586345381,
  "best_validation_method_R": 0.7725490196078432,
  "best_validation_method_F1": 0.7817460317459818,
  "best_validation_result_P": 0.831858407079646,
  "best_validation_result_R": 0.7642276422764228,
  "best_validation_result_F1": 0.7966101694914757,
  "best_validation_average_F1": 0.8185485261755949,
  "best_validation_aux-sec--introduction_P": 0.0,
  "best_validation_aux-sec--introduction_R": 0.0,
  "best_validation_aux-sec--introduction_F1": 0.0,
  "best_validation_aux-sec--conclusion_P": 0.0,
  "best_validation_aux-sec--conclusion_R": 0.0,
  "best_validation_aux-sec--conclusion_F1": 0.0,
  "best_validation_aux-sec--experiments_P": 0.0,
  "best_validation_aux-sec--experiments_R": 0.0,
  "best_validation_aux-sec--experiments_F1": 0.0,
  "best_validation_aux-sec--method_P": 0.0,
  "best_validation_aux-sec--method_R": 0.0,
  "best_validation_aux-sec--method_F1": 0.0,
  "best_validation_aux-sec--related work_P": 0.0,
  "best_validation_aux-sec--related work_R": 0.0,
  "best_validation_aux-sec--related work_F1": 0.0,
  "best_validation_aux-sec--average_F1": 0.0,
  "best_validation_aux-worth--False_P": 0.0,
  "best_validation_aux-worth--False_R": 0.0,
  "best_validation_aux-worth--False_F1": 0.0,
  "best_validation_aux-worth--True_P": 0.0,
  "best_validation_aux-worth--True_R": 0.0,
  "best_validation_aux-worth--True_F1": 0.0,
  "best_validation_aux-worth--average_F1": 0.0,
  "best_validation_loss": 0.8324665252504677
}