{
  "training_duration": "00:20:03",
  "training_start_epoch": 0,
  "training_epochs": 1,
  "epoch": 1,
  "training_background_P": 0.9448873007146784,
  "training_background_R": 0.9586335115036021,
  "training_background_F1": 0.9517107722123027,
  "training_method_P": 0.9240841621270428,
  "training_method_R": 0.9007648462999951,
  "training_method_F1": 0.9122755081902008,
  "training_result_P": 0.9366032359824972,
  "training_result_R": 0.9264217413185707,
  "training_result_F1": 0.9314846675437208,
  "training_average_F1": 0.9318236493154082,
  "training_aux-sec--introduction_P": 0.473441831351158,
  "training_aux-sec--introduction_R": 0.7455467154826445,
  "training_aux-sec--introduction_F1": 0.5791243949793066,
  "training_aux-sec--conclusion_P": 0.48716370669949005,
  "training_aux-sec--conclusion_R": 0.36458744571654167,
  "training_aux-sec--conclusion_F1": 0.4170555471924845,
  "training_aux-sec--experiments_P": 0.40583346401129056,
  "training_aux-sec--experiments_R": 0.2148074369189907,
  "training_aux-sec--experiments_F1": 0.2809226594300768,
  "training_aux-sec--method_P": 0.3608108108108108,
  "training_aux-sec--method_R": 0.20305898259253,
  "training_aux-sec--method_F1": 0.2598680653184356,
  "training_aux-sec--related work_P": 0.40152038700760195,
  "training_aux-sec--related work_R": 0.290596865621874,
  "training_aux-sec--related work_F1": 0.337169939065625,
  "training_aux-sec--average_F1": 0.37482812119718567,
  "training_aux-worth--False_P": 0.9239096492141147,
  "training_aux-worth--False_R": 0.9869742025670352,
  "training_aux-worth--False_F1": 0.9544012718795823,
  "training_aux-worth--True_P": 0.8684843624699278,
  "training_aux-worth--True_R": 0.5141473604253703,
  "training_aux-worth--True_F1": 0.6459116120951403,
  "training_aux-worth--average_F1": 0.8001564419873612,
  "training_loss": 0.346206814524242,
  "validation_background_P": 0.8752362948960303,
  "validation_background_R": 0.8605947955390335,
  "validation_background_F1": 0.8678537956887973,
  "validation_method_P": 0.7756653992395437,
  "validation_method_R": 0.8,
  "validation_method_F1": 0.7876447876447377,
  "validation_result_P": 0.7741935483870968,
  "validation_result_R": 0.7804878048780488,
  "validation_result_F1": 0.7773279352226221,
  "validation_average_F1": 0.8109421728520524,
  "validation_aux-sec--introduction_P": 0.0,
  "validation_aux-sec--introduction_R": 0.0,
  "validation_aux-sec--introduction_F1": 0.0,
  "validation_aux-sec--conclusion_P": 0.0,
  "validation_aux-sec--conclusion_R": 0.0,
  "validation_aux-sec--conclusion_F1": 0.0,
  "validation_aux-sec--experiments_P": 0.0,
  "validation_aux-sec--experiments_R": 0.0,
  "validation_aux-sec--experiments_F1": 0.0,
  "validation_aux-sec--method_P": 0.0,
  "validation_aux-sec--method_R": 0.0,
  "validation_aux-sec--method_F1": 0.0,
  "validation_aux-sec--related work_P": 0.0,
  "validation_aux-sec--related work_R": 0.0,
  "validation_aux-sec--related work_F1": 0.0,
  "validation_aux-sec--average_F1": 0.0,
  "validation_aux-worth--False_P": 0.0,
  "validation_aux-worth--False_R": 0.0,
  "validation_aux-worth--False_F1": 0.0,
  "validation_aux-worth--True_P": 0.0,
  "validation_aux-worth--True_R": 0.0,
  "validation_aux-worth--True_F1": 0.0,
  "validation_aux-worth--average_F1": 0.0,
  "validation_loss": 0.669222055452651,
  "best_epoch": 1,
  "best_validation_background_P": 0.8752362948960303,
  "best_validation_background_R": 0.8605947955390335,
  "best_validation_background_F1": 0.8678537956887973,
  "best_validation_method_P": 0.7756653992395437,
  "best_validation_method_R": 0.8,
  "best_validation_method_F1": 0.7876447876447377,
  "best_validation_result_P": 0.7741935483870968,
  "best_validation_result_R": 0.7804878048780488,
  "best_validation_result_F1": 0.7773279352226221,
  "best_validation_average_F1": 0.8109421728520524,
  "best_validation_aux-sec--introduction_P": 0.0,
  "best_validation_aux-sec--introduction_R": 0.0,
  "best_validation_aux-sec--introduction_F1": 0.0,
  "best_validation_aux-sec--conclusion_P": 0.0,
  "best_validation_aux-sec--conclusion_R": 0.0,
  "best_validation_aux-sec--conclusion_F1": 0.0,
  "best_validation_aux-sec--experiments_P": 0.0,
  "best_validation_aux-sec--experiments_R": 0.0,
  "best_validation_aux-sec--experiments_F1": 0.0,
  "best_validation_aux-sec--method_P": 0.0,
  "best_validation_aux-sec--method_R": 0.0,
  "best_validation_aux-sec--method_F1": 0.0,
  "best_validation_aux-sec--related work_P": 0.0,
  "best_validation_aux-sec--related work_R": 0.0,
  "best_validation_aux-sec--related work_F1": 0.0,
  "best_validation_aux-sec--average_F1": 0.0,
  "best_validation_aux-worth--False_P": 0.0,
  "best_validation_aux-worth--False_R": 0.0,
  "best_validation_aux-worth--False_F1": 0.0,
  "best_validation_aux-worth--True_P": 0.0,
  "best_validation_aux-worth--True_R": 0.0,
  "best_validation_aux-worth--True_F1": 0.0,
  "best_validation_aux-worth--average_F1": 0.0,
  "best_validation_loss": 0.669222055452651
}