{
  "training_duration": "00:59:21",
  "training_start_epoch": 0,
  "training_epochs": 5,
  "epoch": 5,
  "training_background_P": 0.9940423756316936,
  "training_background_R": 0.9947572320040828,
  "training_background_F1": 0.9943996753434481,
  "training_method_P": 0.9915084671319115,
  "training_method_R": 0.9903002534607136,
  "training_method_F1": 0.9909039920013157,
  "training_result_P": 0.9910777653857853,
  "training_result_R": 0.99047522545344,
  "training_result_F1": 0.9907764038110184,
  "training_average_F1": 0.9920266903852607,
  "training_aux-sec--introduction_P": 0.5148813945426634,
  "training_aux-sec--introduction_R": 0.7320284446947828,
  "training_aux-sec--introduction_F1": 0.6045470403534811,
  "training_aux-sec--conclusion_P": 0.5211676600947578,
  "training_aux-sec--conclusion_R": 0.44874325569153833,
  "training_aux-sec--conclusion_F1": 0.48225144958275323,
  "training_aux-sec--experiments_P": 0.4456072707243184,
  "training_aux-sec--experiments_R": 0.2685922974767596,
  "training_aux-sec--experiments_F1": 0.3351631279129515,
  "training_aux-sec--method_P": 0.3959641854871041,
  "training_aux-sec--method_R": 0.2503802602670272,
  "training_aux-sec--method_F1": 0.3067764145570783,
  "training_aux-sec--related work_P": 0.4854756028099487,
  "training_aux-sec--related work_R": 0.4263087695898633,
  "training_aux-sec--related work_F1": 0.4539724811362129,
  "training_aux-sec--average_F1": 0.4365421027084954,
  "training_aux-worth--False_P": 0.9365222623345367,
  "training_aux-worth--False_R": 0.9890074977760833,
  "training_aux-worth--False_F1": 0.9620495704307555,
  "training_aux-worth--True_P": 0.9011993146773273,
  "training_aux-worth--True_R": 0.5993163691606532,
  "training_aux-worth--True_F1": 0.7198905109488571,
  "training_aux-worth--average_F1": 0.8409700406898063,
  "training_loss": 0.18133209906859038,
  "validation_background_P": 0.87569573283859,
  "validation_background_R": 0.8773234200743495,
  "validation_background_F1": 0.8765088207984645,
  "validation_method_P": 0.769811320754717,
  "validation_method_R": 0.8,
  "validation_method_F1": 0.7846153846153348,
  "validation_result_P": 0.8214285714285714,
  "validation_result_R": 0.7479674796747967,
  "validation_result_F1": 0.7829787234042055,
  "validation_average_F1": 0.8147009762726682,
  "validation_aux-sec--introduction_P": 0.0,
  "validation_aux-sec--introduction_R": 0.0,
  "validation_aux-sec--introduction_F1": 0.0,
  "validation_aux-sec--conclusion_P": 0.0,
  "validation_aux-sec--conclusion_R": 0.0,
  "validation_aux-sec--conclusion_F1": 0.0,
  "validation_aux-sec--experiments_P": 0.0,
  "validation_aux-sec--experiments_R": 0.0,
  "validation_aux-sec--experiments_F1": 0.0,
  "validation_aux-sec--method_P": 0.0,
  "validation_aux-sec--method_R": 0.0,
  "validation_aux-sec--method_F1": 0.0,
  "validation_aux-sec--related work_P": 0.0,
  "validation_aux-sec--related work_R": 0.0,
  "validation_aux-sec--related work_F1": 0.0,
  "validation_aux-sec--average_F1": 0.0,
  "validation_aux-worth--False_P": 0.0,
  "validation_aux-worth--False_R": 0.0,
  "validation_aux-worth--False_F1": 0.0,
  "validation_aux-worth--True_P": 0.0,
  "validation_aux-worth--True_R": 0.0,
  "validation_aux-worth--True_F1": 0.0,
  "validation_aux-worth--average_F1": 0.0,
  "validation_loss": 1.1855964855901127,
  "best_epoch": 2,
  "best_validation_background_P": 0.8646209386281588,
  "best_validation_background_R": 0.8903345724907064,
  "best_validation_background_F1": 0.8772893772893273,
  "best_validation_method_P": 0.7911646586345381,
  "best_validation_method_R": 0.7725490196078432,
  "best_validation_method_F1": 0.7817460317459818,
  "best_validation_result_P": 0.831858407079646,
  "best_validation_result_R": 0.7642276422764228,
  "best_validation_result_F1": 0.7966101694914757,
  "best_validation_average_F1": 0.8185485261755949,
  "best_validation_aux-sec--introduction_P": 0.0,
  "best_validation_aux-sec--introduction_R": 0.0,
  "best_validation_aux-sec--introduction_F1": 0.0,
  "best_validation_aux-sec--conclusion_P": 0.0,
  "best_validation_aux-sec--conclusion_R": 0.0,
  "best_validation_aux-sec--conclusion_F1": 0.0,
  "best_validation_aux-sec--experiments_P": 0.0,
  "best_validation_aux-sec--experiments_R": 0.0,
  "best_validation_aux-sec--experiments_F1": 0.0,
  "best_validation_aux-sec--method_P": 0.0,
  "best_validation_aux-sec--method_R": 0.0,
  "best_validation_aux-sec--method_F1": 0.0,
  "best_validation_aux-sec--related work_P": 0.0,
  "best_validation_aux-sec--related work_R": 0.0,
  "best_validation_aux-sec--related work_F1": 0.0,
  "best_validation_aux-sec--average_F1": 0.0,
  "best_validation_aux-worth--False_P": 0.0,
  "best_validation_aux-worth--False_R": 0.0,
  "best_validation_aux-worth--False_F1": 0.0,
  "best_validation_aux-worth--True_P": 0.0,
  "best_validation_aux-worth--True_R": 0.0,
  "best_validation_aux-worth--True_F1": 0.0,
  "best_validation_aux-worth--average_F1": 0.0,
  "best_validation_loss": 0.8324665252504677,
  "test_background_P": 0.8545636910732196,
  "test_background_R": 0.8545636910732196,
  "test_background_F1": 0.8545636910731697,
  "test_method_P": 0.8279932546374368,
  "test_method_R": 0.8115702479338843,
  "test_method_F1": 0.8196994991652254,
  "test_result_P": 0.7490774907749077,
  "test_result_R": 0.7837837837837838,
  "test_result_F1": 0.7660377358490067,
  "test_average_F1": 0.813433642029134,
  "test_aux-sec--introduction_P": 0.0,
  "test_aux-sec--introduction_R": 0.0,
  "test_aux-sec--introduction_F1": 0.0,
  "test_aux-sec--conclusion_P": 0.0,
  "test_aux-sec--conclusion_R": 0.0,
  "test_aux-sec--conclusion_F1": 0.0,
  "test_aux-sec--experiments_P": 0.0,
  "test_aux-sec--experiments_R": 0.0,
  "test_aux-sec--experiments_F1": 0.0,
  "test_aux-sec--method_P": 0.0,
  "test_aux-sec--method_R": 0.0,
  "test_aux-sec--method_F1": 0.0,
  "test_aux-sec--related work_P": 0.0,
  "test_aux-sec--related work_R": 0.0,
  "test_aux-sec--related work_F1": 0.0,
  "test_aux-sec--average_F1": 0.0,
  "test_aux-worth--False_P": 0.0,
  "test_aux-worth--False_R": 0.0,
  "test_aux-worth--False_F1": 0.0,
  "test_aux-worth--True_P": 0.0,
  "test_aux-worth--True_R": 0.0,
  "test_aux-worth--True_F1": 0.0,
  "test_aux-worth--average_F1": 0.0,
  "test_loss": 0.8131120260489189
}