{
  "training_duration": "00:39:47",
  "training_start_epoch": 0,
  "training_epochs": 3,
  "epoch": 3,
  "training_background_P": 0.985945169954617,
  "training_background_R": 0.9876832436444609,
  "training_background_F1": 0.9868134414831482,
  "training_method_P": 0.9791676878584383,
  "training_method_R": 0.9759147979872002,
  "training_method_F1": 0.9775385368240264,
  "training_result_P": 0.9800060587700696,
  "training_result_R": 0.979215013621229,
  "training_result_F1": 0.9796103765014136,
  "training_average_F1": 0.9813207849361961,
  "training_aux-sec--introduction_P": 0.4951690250643736,
  "training_aux-sec--introduction_R": 0.7379074843342955,
  "training_aux-sec--introduction_F1": 0.5926459985579909,
  "training_aux-sec--conclusion_P": 0.5069907332141115,
  "training_aux-sec--conclusion_R": 0.41038294512435847,
  "training_aux-sec--conclusion_F1": 0.4535999999999505,
  "training_aux-sec--experiments_P": 0.43382894155748564,
  "training_aux-sec--experiments_R": 0.24460491367861886,
  "training_aux-sec--experiments_F1": 0.31282840613550933,
  "training_aux-sec--method_P": 0.3852150911875261,
  "training_aux-sec--method_R": 0.23381781308095317,
  "training_aux-sec--method_F1": 0.29100278698002346,
  "training_aux-sec--related work_P": 0.4484102564102564,
  "training_aux-sec--related work_R": 0.3644548182727576,
  "training_aux-sec--related work_F1": 0.4020969373677423,
  "training_aux-sec--average_F1": 0.41043482580824336,
  "training_aux-worth--False_P": 0.9324662481082459,
  "training_aux-worth--False_R": 0.9885309442114627,
  "training_aux-worth--False_F1": 0.9596804663463635,
  "training_aux-worth--True_P": 0.8929894768045057,
  "training_aux-worth--True_R": 0.5720660843144701,
  "training_aux-worth--True_F1": 0.6973783205046112,
  "training_aux-worth--average_F1": 0.8285293934254874,
  "training_loss": 0.21458929260762089,
  "validation_background_P": 0.8548672566371681,
  "validation_background_R": 0.8977695167286245,
  "validation_background_F1": 0.8757932910244287,
  "validation_method_P": 0.8008130081300813,
  "validation_method_R": 0.7725490196078432,
  "validation_method_F1": 0.7864271457085329,
  "validation_result_P": 0.8380952380952381,
  "validation_result_R": 0.7154471544715447,
  "validation_result_F1": 0.771929824561354,
  "validation_average_F1": 0.8113834204314386,
  "validation_aux-sec--introduction_P": 0.0,
  "validation_aux-sec--introduction_R": 0.0,
  "validation_aux-sec--introduction_F1": 0.0,
  "validation_aux-sec--conclusion_P": 0.0,
  "validation_aux-sec--conclusion_R": 0.0,
  "validation_aux-sec--conclusion_F1": 0.0,
  "validation_aux-sec--experiments_P": 0.0,
  "validation_aux-sec--experiments_R": 0.0,
  "validation_aux-sec--experiments_F1": 0.0,
  "validation_aux-sec--method_P": 0.0,
  "validation_aux-sec--method_R": 0.0,
  "validation_aux-sec--method_F1": 0.0,
  "validation_aux-sec--related work_P": 0.0,
  "validation_aux-sec--related work_R": 0.0,
  "validation_aux-sec--related work_F1": 0.0,
  "validation_aux-sec--average_F1": 0.0,
  "validation_aux-worth--False_P": 0.0,
  "validation_aux-worth--False_R": 0.0,
  "validation_aux-worth--False_F1": 0.0,
  "validation_aux-worth--True_P": 0.0,
  "validation_aux-worth--True_R": 0.0,
  "validation_aux-worth--True_F1": 0.0,
  "validation_aux-worth--average_F1": 0.0,
  "validation_loss": 1.0503871191678376,
  "best_epoch": 2,
  "best_validation_background_P": 0.8646209386281588,
  "best_validation_background_R": 0.8903345724907064,
  "best_validation_background_F1": 0.8772893772893273,
  "best_validation_method_P": 0.7911646586345381,
  "best_validation_method_R": 0.7725490196078432,
  "best_validation_method_F1": 0.7817460317459818,
  "best_validation_result_P": 0.831858407079646,
  "best_validation_result_R": 0.7642276422764228,
  "best_validation_result_F1": 0.7966101694914757,
  "best_validation_average_F1": 0.8185485261755949,
  "best_validation_aux-sec--introduction_P": 0.0,
  "best_validation_aux-sec--introduction_R": 0.0,
  "best_validation_aux-sec--introduction_F1": 0.0,
  "best_validation_aux-sec--conclusion_P": 0.0,
  "best_validation_aux-sec--conclusion_R": 0.0,
  "best_validation_aux-sec--conclusion_F1": 0.0,
  "best_validation_aux-sec--experiments_P": 0.0,
  "best_validation_aux-sec--experiments_R": 0.0,
  "best_validation_aux-sec--experiments_F1": 0.0,
  "best_validation_aux-sec--method_P": 0.0,
  "best_validation_aux-sec--method_R": 0.0,
  "best_validation_aux-sec--method_F1": 0.0,
  "best_validation_aux-sec--related work_P": 0.0,
  "best_validation_aux-sec--related work_R": 0.0,
  "best_validation_aux-sec--related work_F1": 0.0,
  "best_validation_aux-sec--average_F1": 0.0,
  "best_validation_aux-worth--False_P": 0.0,
  "best_validation_aux-worth--False_R": 0.0,
  "best_validation_aux-worth--False_F1": 0.0,
  "best_validation_aux-worth--True_P": 0.0,
  "best_validation_aux-worth--True_R": 0.0,
  "best_validation_aux-worth--True_F1": 0.0,
  "best_validation_aux-worth--average_F1": 0.0,
  "best_validation_loss": 0.8324665252504677
}