{
  "training_duration": "00:10:15",
  "training_start_epoch": 0,
  "training_epochs": 0,
  "epoch": 0,
  "training_background_P": 0.8823568813074931,
  "training_background_R": 0.9155546288573811,
  "training_background_F1": 0.8986492632344415,
  "training_method_P": 0.8403153501313959,
  "training_method_R": 0.7959781335415853,
  "training_method_F1": 0.8175460584032588,
  "training_result_P": 0.8574809078197267,
  "training_result_R": 0.8101626016260163,
  "training_result_F1": 0.8331504415529626,
  "training_average_F1": 0.8497819210635543,
  "training_aux-sec--introduction_P": 0.4505331936140048,
  "training_aux-sec--introduction_R": 0.7719143842850102,
  "training_aux-sec--introduction_F1": 0.5689782679208097,
  "training_aux-sec--conclusion_P": 0.47840531561461797,
  "training_aux-sec--conclusion_R": 0.3221476510067114,
  "training_aux-sec--conclusion_F1": 0.38502673796786635,
  "training_aux-sec--experiments_P": 0.3700052807604295,
  "training_aux-sec--experiments_R": 0.17446879150066402,
  "training_aux-sec--experiments_F1": 0.2371256134017276,
  "training_aux-sec--method_P": 0.3198763411529369,
  "training_aux-sec--method_R": 0.1486395132668582,
  "training_aux-sec--method_F1": 0.2029654416430652,
  "training_aux-sec--related work_P": 0.33842987356659804,
  "training_aux-sec--related work_R": 0.1918972990996999,
  "training_aux-sec--related work_F1": 0.24491967230551825,
  "training_aux-sec--average_F1": 0.3278031466477974,
  "training_aux-worth--False_P": 0.9085097648231776,
  "training_aux-worth--False_R": 0.9843055026051595,
  "training_aux-worth--False_F1": 0.9448900545914289,
  "training_aux-worth--True_P": 0.8128787878787879,
  "training_aux-worth--True_R": 0.40751993923281427,
  "training_aux-worth--True_F1": 0.5428788262078988,
  "training_aux-worth--average_F1": 0.7438844403996638,
  "training_loss": 0.5376409366370077,
  "validation_background_P": 0.8703703703703703,
  "validation_background_R": 0.8736059479553904,
  "validation_background_F1": 0.8719851576993934,
  "validation_method_P": 0.79296875,
  "validation_method_R": 0.796078431372549,
  "validation_method_F1": 0.7945205479451556,
  "validation_result_P": 0.7666666666666667,
  "validation_result_R": 0.7479674796747967,
  "validation_result_F1": 0.757201646090485,
  "validation_average_F1": 0.8079024505783446,
  "validation_aux-sec--introduction_P": 0.0,
  "validation_aux-sec--introduction_R": 0.0,
  "validation_aux-sec--introduction_F1": 0.0,
  "validation_aux-sec--conclusion_P": 0.0,
  "validation_aux-sec--conclusion_R": 0.0,
  "validation_aux-sec--conclusion_F1": 0.0,
  "validation_aux-sec--experiments_P": 0.0,
  "validation_aux-sec--experiments_R": 0.0,
  "validation_aux-sec--experiments_F1": 0.0,
  "validation_aux-sec--method_P": 0.0,
  "validation_aux-sec--method_R": 0.0,
  "validation_aux-sec--method_F1": 0.0,
  "validation_aux-sec--related work_P": 0.0,
  "validation_aux-sec--related work_R": 0.0,
  "validation_aux-sec--related work_F1": 0.0,
  "validation_aux-sec--average_F1": 0.0,
  "validation_aux-worth--False_P": 0.0,
  "validation_aux-worth--False_R": 0.0,
  "validation_aux-worth--False_F1": 0.0,
  "validation_aux-worth--True_P": 0.0,
  "validation_aux-worth--True_R": 0.0,
  "validation_aux-worth--True_F1": 0.0,
  "validation_aux-worth--average_F1": 0.0,
  "validation_loss": 0.4869193321671979,
  "best_epoch": 0,
  "best_validation_background_P": 0.8703703703703703,
  "best_validation_background_R": 0.8736059479553904,
  "best_validation_background_F1": 0.8719851576993934,
  "best_validation_method_P": 0.79296875,
  "best_validation_method_R": 0.796078431372549,
  "best_validation_method_F1": 0.7945205479451556,
  "best_validation_result_P": 0.7666666666666667,
  "best_validation_result_R": 0.7479674796747967,
  "best_validation_result_F1": 0.757201646090485,
  "best_validation_average_F1": 0.8079024505783446,
  "best_validation_aux-sec--introduction_P": 0.0,
  "best_validation_aux-sec--introduction_R": 0.0,
  "best_validation_aux-sec--introduction_F1": 0.0,
  "best_validation_aux-sec--conclusion_P": 0.0,
  "best_validation_aux-sec--conclusion_R": 0.0,
  "best_validation_aux-sec--conclusion_F1": 0.0,
  "best_validation_aux-sec--experiments_P": 0.0,
  "best_validation_aux-sec--experiments_R": 0.0,
  "best_validation_aux-sec--experiments_F1": 0.0,
  "best_validation_aux-sec--method_P": 0.0,
  "best_validation_aux-sec--method_R": 0.0,
  "best_validation_aux-sec--method_F1": 0.0,
  "best_validation_aux-sec--related work_P": 0.0,
  "best_validation_aux-sec--related work_R": 0.0,
  "best_validation_aux-sec--related work_F1": 0.0,
  "best_validation_aux-sec--average_F1": 0.0,
  "best_validation_aux-worth--False_P": 0.0,
  "best_validation_aux-worth--False_R": 0.0,
  "best_validation_aux-worth--False_F1": 0.0,
  "best_validation_aux-worth--True_P": 0.0,
  "best_validation_aux-worth--True_R": 0.0,
  "best_validation_aux-worth--True_F1": 0.0,
  "best_validation_aux-worth--average_F1": 0.0,
  "best_validation_loss": 0.4869193321671979
}