{
  "training_duration": "00:29:56",
  "training_start_epoch": 0,
  "training_epochs": 2,
  "epoch": 2,
  "training_background_P": 0.9746703678001388,
  "training_background_R": 0.9787911168927709,
  "training_background_F1": 0.9767263960684728,
  "training_method_P": 0.9632964666731917,
  "training_method_R": 0.95581237253569,
  "training_method_F1": 0.9595398264599286,
  "training_result_P": 0.9653032153032153,
  "training_result_R": 0.9631472081218274,
  "training_result_F1": 0.964224006504676,
  "training_average_F1": 0.9668300763443591,
  "training_aux-sec--introduction_P": 0.4852686708349676,
  "training_aux-sec--introduction_R": 0.7404421601070197,
  "training_aux-sec--introduction_F1": 0.5862938856290203,
  "training_aux-sec--conclusion_P": 0.4917063557234357,
  "training_aux-sec--conclusion_R": 0.39399921042242403,
  "training_aux-sec--conclusion_F1": 0.4374634716539541,
  "training_aux-sec--experiments_P": 0.4214108910891089,
  "training_aux-sec--experiments_R": 0.22609561752988047,
  "training_aux-sec--experiments_F1": 0.29429559204835554,
  "training_aux-sec--method_P": 0.37815729047072333,
  "training_aux-sec--method_R": 0.2226635119148217,
  "training_aux-sec--method_F1": 0.28028933092219566,
  "training_aux-sec--related work_P": 0.43853453983668067,
  "training_aux-sec--related work_R": 0.3312770923641214,
  "training_aux-sec--related work_F1": 0.3774337543925808,
  "training_aux-sec--average_F1": 0.39515520692922124,
  "training_aux-worth--False_P": 0.9287015197205386,
  "training_aux-worth--False_R": 0.9882132418350489,
  "training_aux-worth--False_F1": 0.9575335929442774,
  "training_aux-worth--True_P": 0.8858110187750077,
  "training_aux-worth--True_R": 0.546524876566654,
  "training_aux-worth--True_F1": 0.6759835584262593,
  "training_aux-worth--average_F1": 0.8167585756852684,
  "training_loss": 0.25371320104866274,
  "validation_background_P": 0.8646209386281588,
  "validation_background_R": 0.8903345724907064,
  "validation_background_F1": 0.8772893772893273,
  "validation_method_P": 0.7911646586345381,
  "validation_method_R": 0.7725490196078432,
  "validation_method_F1": 0.7817460317459818,
  "validation_result_P": 0.831858407079646,
  "validation_result_R": 0.7642276422764228,
  "validation_result_F1": 0.7966101694914757,
  "validation_average_F1": 0.8185485261755949,
  "validation_aux-sec--introduction_P": 0.0,
  "validation_aux-sec--introduction_R": 0.0,
  "validation_aux-sec--introduction_F1": 0.0,
  "validation_aux-sec--conclusion_P": 0.0,
  "validation_aux-sec--conclusion_R": 0.0,
  "validation_aux-sec--conclusion_F1": 0.0,
  "validation_aux-sec--experiments_P": 0.0,
  "validation_aux-sec--experiments_R": 0.0,
  "validation_aux-sec--experiments_F1": 0.0,
  "validation_aux-sec--method_P": 0.0,
  "validation_aux-sec--method_R": 0.0,
  "validation_aux-sec--method_F1": 0.0,
  "validation_aux-sec--related work_P": 0.0,
  "validation_aux-sec--related work_R": 0.0,
  "validation_aux-sec--related work_F1": 0.0,
  "validation_aux-sec--average_F1": 0.0,
  "validation_aux-worth--False_P": 0.0,
  "validation_aux-worth--False_R": 0.0,
  "validation_aux-worth--False_F1": 0.0,
  "validation_aux-worth--True_P": 0.0,
  "validation_aux-worth--True_R": 0.0,
  "validation_aux-worth--True_F1": 0.0,
  "validation_aux-worth--average_F1": 0.0,
  "validation_loss": 0.8324665252504677,
  "best_epoch": 2,
  "best_validation_background_P": 0.8646209386281588,
  "best_validation_background_R": 0.8903345724907064,
  "best_validation_background_F1": 0.8772893772893273,
  "best_validation_method_P": 0.7911646586345381,
  "best_validation_method_R": 0.7725490196078432,
  "best_validation_method_F1": 0.7817460317459818,
  "best_validation_result_P": 0.831858407079646,
  "best_validation_result_R": 0.7642276422764228,
  "best_validation_result_F1": 0.7966101694914757,
  "best_validation_average_F1": 0.8185485261755949,
  "best_validation_aux-sec--introduction_P": 0.0,
  "best_validation_aux-sec--introduction_R": 0.0,
  "best_validation_aux-sec--introduction_F1": 0.0,
  "best_validation_aux-sec--conclusion_P": 0.0,
  "best_validation_aux-sec--conclusion_R": 0.0,
  "best_validation_aux-sec--conclusion_F1": 0.0,
  "best_validation_aux-sec--experiments_P": 0.0,
  "best_validation_aux-sec--experiments_R": 0.0,
  "best_validation_aux-sec--experiments_F1": 0.0,
  "best_validation_aux-sec--method_P": 0.0,
  "best_validation_aux-sec--method_R": 0.0,
  "best_validation_aux-sec--method_F1": 0.0,
  "best_validation_aux-sec--related work_P": 0.0,
  "best_validation_aux-sec--related work_R": 0.0,
  "best_validation_aux-sec--related work_F1": 0.0,
  "best_validation_aux-sec--average_F1": 0.0,
  "best_validation_aux-worth--False_P": 0.0,
  "best_validation_aux-worth--False_R": 0.0,
  "best_validation_aux-worth--False_F1": 0.0,
  "best_validation_aux-worth--True_P": 0.0,
  "best_validation_aux-worth--True_R": 0.0,
  "best_validation_aux-worth--True_F1": 0.0,
  "best_validation_aux-worth--average_F1": 0.0,
  "best_validation_loss": 0.8324665252504677
}