{
  "training_duration": "00:48:16",
  "training_start_epoch": 0,
  "training_epochs": 2,
  "epoch": 2,
  "training_background_P": 0.6158001155401502,
  "training_background_R": 0.9887760307963452,
  "training_background_F1": 0.7589398551111113,
  "training_method_P": 0.8581150051037768,
  "training_method_R": 0.12312048428041399,
  "training_method_F1": 0.21534389275496246,
  "training_result_P": 0.868601986249045,
  "training_result_R": 0.11505768063145112,
  "training_result_F1": 0.20319899919576165,
  "training_average_F1": 0.3924942490206118,
  "training_aux-sec--introduction_P": 0.39424591419447136,
  "training_aux-sec--introduction_R": 0.9604660987115398,
  "training_aux-sec--introduction_F1": 0.5590263192942861,
  "training_aux-sec--conclusion_P": 0.470516717325228,
  "training_aux-sec--conclusion_R": 0.05092775365179629,
  "training_aux-sec--conclusion_F1": 0.09190761740780758,
  "training_aux-sec--experiments_P": 0.3402187120291616,
  "training_aux-sec--experiments_R": 0.023240371845949535,
  "training_aux-sec--experiments_F1": 0.04350866288554471,
  "training_aux-sec--method_P": 0.3241252302025783,
  "training_aux-sec--method_R": 0.02974480310968396,
  "training_aux-sec--method_F1": 0.05448916408667191,
  "training_aux-sec--related work_P": 0.30398899587345257,
  "training_aux-sec--related work_R": 0.036845615205068356,
  "training_aux-sec--related work_F1": 0.06572490706317775,
  "training_aux-sec--average_F1": 0.16293133414749764,
  "training_aux-worth--False_P": 0.8643193263435978,
  "training_aux-worth--False_R": 0.997855508959207,
  "training_aux-worth--False_F1": 0.9262994912629452,
  "training_aux-worth--True_P": 0.8325062034739454,
  "training_aux-worth--True_R": 0.06371059627800987,
  "training_aux-worth--True_F1": 0.11836302698887372,
  "training_aux-worth--average_F1": 0.5223312591259095,
  "training_loss": 0.9409858304840948,
  "validation_background_P": 0.6068965517241379,
  "validation_background_R": 0.9814126394052045,
  "validation_background_F1": 0.7499999999999528,
  "validation_method_P": 0.8214285714285714,
  "validation_method_R": 0.09019607843137255,
  "validation_method_F1": 0.1625441696112896,
  "validation_result_P": 0.6666666666666666,
  "validation_result_R": 0.0975609756097561,
  "validation_result_F1": 0.17021276595742452,
  "validation_average_F1": 0.36091897852288896,
  "validation_aux-sec--introduction_P": 0.0,
  "validation_aux-sec--introduction_R": 0.0,
  "validation_aux-sec--introduction_F1": 0.0,
  "validation_aux-sec--conclusion_P": 0.0,
  "validation_aux-sec--conclusion_R": 0.0,
  "validation_aux-sec--conclusion_F1": 0.0,
  "validation_aux-sec--experiments_P": 0.0,
  "validation_aux-sec--experiments_R": 0.0,
  "validation_aux-sec--experiments_F1": 0.0,
  "validation_aux-sec--method_P": 0.0,
  "validation_aux-sec--method_R": 0.0,
  "validation_aux-sec--method_F1": 0.0,
  "validation_aux-sec--related work_P": 0.0,
  "validation_aux-sec--related work_R": 0.0,
  "validation_aux-sec--related work_F1": 0.0,
  "validation_aux-sec--average_F1": 0.0,
  "validation_aux-worth--False_P": 0.0,
  "validation_aux-worth--False_R": 0.0,
  "validation_aux-worth--False_F1": 0.0,
  "validation_aux-worth--True_P": 0.0,
  "validation_aux-worth--True_R": 0.0,
  "validation_aux-worth--True_F1": 0.0,
  "validation_aux-worth--average_F1": 0.0,
  "validation_loss": 0.8815092095013323,
  "best_epoch": 2,
  "best_validation_background_P": 0.6068965517241379,
  "best_validation_background_R": 0.9814126394052045,
  "best_validation_background_F1": 0.7499999999999528,
  "best_validation_method_P": 0.8214285714285714,
  "best_validation_method_R": 0.09019607843137255,
  "best_validation_method_F1": 0.1625441696112896,
  "best_validation_result_P": 0.6666666666666666,
  "best_validation_result_R": 0.0975609756097561,
  "best_validation_result_F1": 0.17021276595742452,
  "best_validation_average_F1": 0.36091897852288896,
  "best_validation_aux-sec--introduction_P": 0.0,
  "best_validation_aux-sec--introduction_R": 0.0,
  "best_validation_aux-sec--introduction_F1": 0.0,
  "best_validation_aux-sec--conclusion_P": 0.0,
  "best_validation_aux-sec--conclusion_R": 0.0,
  "best_validation_aux-sec--conclusion_F1": 0.0,
  "best_validation_aux-sec--experiments_P": 0.0,
  "best_validation_aux-sec--experiments_R": 0.0,
  "best_validation_aux-sec--experiments_F1": 0.0,
  "best_validation_aux-sec--method_P": 0.0,
  "best_validation_aux-sec--method_R": 0.0,
  "best_validation_aux-sec--method_F1": 0.0,
  "best_validation_aux-sec--related work_P": 0.0,
  "best_validation_aux-sec--related work_R": 0.0,
  "best_validation_aux-sec--related work_F1": 0.0,
  "best_validation_aux-sec--average_F1": 0.0,
  "best_validation_aux-worth--False_P": 0.0,
  "best_validation_aux-worth--False_R": 0.0,
  "best_validation_aux-worth--False_F1": 0.0,
  "best_validation_aux-worth--True_P": 0.0,
  "best_validation_aux-worth--True_R": 0.0,
  "best_validation_aux-worth--True_F1": 0.0,
  "best_validation_aux-worth--average_F1": 0.0,
  "best_validation_loss": 0.8815092095013323
}