{
  "training_duration": "01:04:33",
  "training_start_epoch": 0,
  "training_epochs": 3,
  "epoch": 3,
  "training_background_P": 0.6169226101905491,
  "training_background_R": 0.9906281896631716,
  "training_background_F1": 0.7603379358847198,
  "training_method_P": 0.8839041095890411,
  "training_method_R": 0.12612392494136043,
  "training_method_F1": 0.22074923024287926,
  "training_result_P": 0.8808988764044944,
  "training_result_R": 0.11873990306946688,
  "training_result_F1": 0.20927128748107168,
  "training_average_F1": 0.39678615120289024,
  "training_aux-sec--introduction_P": 0.3942841408095535,
  "training_aux-sec--introduction_R": 0.9577554037879321,
  "training_aux-sec--introduction_F1": 0.5586046177379036,
  "training_aux-sec--conclusion_P": 0.45332588038010063,
  "training_aux-sec--conclusion_R": 0.053362284511119885,
  "training_aux-sec--conclusion_F1": 0.0954847824807017,
  "training_aux-sec--experiments_P": 0.3629032258064516,
  "training_aux-sec--experiments_R": 0.033615537848605576,
  "training_aux-sec--experiments_F1": 0.06153144940745941,
  "training_aux-sec--method_P": 0.32509270704573545,
  "training_aux-sec--method_R": 0.02222410005070137,
  "training_aux-sec--method_F1": 0.04160404967174315,
  "training_aux-sec--related work_P": 0.3719115734720416,
  "training_aux-sec--related work_R": 0.04768256085361787,
  "training_aux-sec--related work_F1": 0.08452785577063154,
  "training_aux-sec--average_F1": 0.16835055101368787,
  "training_aux-worth--False_P": 0.8651782885947636,
  "training_aux-worth--False_R": 0.9978713940780277,
  "training_aux-worth--False_F1": 0.9267994009987773,
  "training_aux-worth--True_P": 0.8472063854047891,
  "training_aux-worth--True_R": 0.07054690467147741,
  "training_aux-worth--True_F1": 0.13024804978524307,
  "training_aux-worth--average_F1": 0.5285237253920102,
  "training_loss": 0.935482263002174,
  "validation_background_P": 0.6095890410958904,
  "validation_background_R": 0.9925650557620818,
  "validation_background_F1": 0.7553041018387082,
  "validation_method_P": 0.8846153846153846,
  "validation_method_R": 0.09019607843137255,
  "validation_method_F1": 0.16370106761564154,
  "validation_result_P": 0.7142857142857143,
  "validation_result_R": 0.08130081300813008,
  "validation_result_F1": 0.14598540145983566,
  "validation_average_F1": 0.3549968569713951,
  "validation_aux-sec--introduction_P": 0.0,
  "validation_aux-sec--introduction_R": 0.0,
  "validation_aux-sec--introduction_F1": 0.0,
  "validation_aux-sec--conclusion_P": 0.0,
  "validation_aux-sec--conclusion_R": 0.0,
  "validation_aux-sec--conclusion_F1": 0.0,
  "validation_aux-sec--experiments_P": 0.0,
  "validation_aux-sec--experiments_R": 0.0,
  "validation_aux-sec--experiments_F1": 0.0,
  "validation_aux-sec--method_P": 0.0,
  "validation_aux-sec--method_R": 0.0,
  "validation_aux-sec--method_F1": 0.0,
  "validation_aux-sec--related work_P": 0.0,
  "validation_aux-sec--related work_R": 0.0,
  "validation_aux-sec--related work_F1": 0.0,
  "validation_aux-sec--average_F1": 0.0,
  "validation_aux-worth--False_P": 0.0,
  "validation_aux-worth--False_R": 0.0,
  "validation_aux-worth--False_F1": 0.0,
  "validation_aux-worth--True_P": 0.0,
  "validation_aux-worth--True_R": 0.0,
  "validation_aux-worth--True_F1": 0.0,
  "validation_aux-worth--average_F1": 0.0,
  "validation_loss": 0.8608686199475979,
  "best_epoch": 2,
  "best_validation_background_P": 0.6068965517241379,
  "best_validation_background_R": 0.9814126394052045,
  "best_validation_background_F1": 0.7499999999999528,
  "best_validation_method_P": 0.8214285714285714,
  "best_validation_method_R": 0.09019607843137255,
  "best_validation_method_F1": 0.1625441696112896,
  "best_validation_result_P": 0.6666666666666666,
  "best_validation_result_R": 0.0975609756097561,
  "best_validation_result_F1": 0.17021276595742452,
  "best_validation_average_F1": 0.36091897852288896,
  "best_validation_aux-sec--introduction_P": 0.0,
  "best_validation_aux-sec--introduction_R": 0.0,
  "best_validation_aux-sec--introduction_F1": 0.0,
  "best_validation_aux-sec--conclusion_P": 0.0,
  "best_validation_aux-sec--conclusion_R": 0.0,
  "best_validation_aux-sec--conclusion_F1": 0.0,
  "best_validation_aux-sec--experiments_P": 0.0,
  "best_validation_aux-sec--experiments_R": 0.0,
  "best_validation_aux-sec--experiments_F1": 0.0,
  "best_validation_aux-sec--method_P": 0.0,
  "best_validation_aux-sec--method_R": 0.0,
  "best_validation_aux-sec--method_F1": 0.0,
  "best_validation_aux-sec--related work_P": 0.0,
  "best_validation_aux-sec--related work_R": 0.0,
  "best_validation_aux-sec--related work_F1": 0.0,
  "best_validation_aux-sec--average_F1": 0.0,
  "best_validation_aux-worth--False_P": 0.0,
  "best_validation_aux-worth--False_R": 0.0,
  "best_validation_aux-worth--False_F1": 0.0,
  "best_validation_aux-worth--True_P": 0.0,
  "best_validation_aux-worth--True_R": 0.0,
  "best_validation_aux-worth--True_F1": 0.0,
  "best_validation_aux-worth--average_F1": 0.0,
  "best_validation_loss": 0.8815092095013323
}