{
  "training_duration": "00:32:28",
  "training_start_epoch": 0,
  "training_epochs": 1,
  "epoch": 1,
  "training_background_P": 0.6137562314861643,
  "training_background_R": 0.9868268203150411,
  "training_background_F1": 0.7568130996819041,
  "training_method_P": 0.8394479973073039,
  "training_method_R": 0.12144526684846124,
  "training_method_F1": 0.2121921129875986,
  "training_result_P": 0.8429878048780488,
  "training_result_R": 0.11160443995963673,
  "training_result_F1": 0.19711281411511034,
  "training_average_F1": 0.3887060089282044,
  "training_aux-sec--introduction_P": 0.39275785974264177,
  "training_aux-sec--introduction_R": 0.964901781313807,
  "training_aux-sec--introduction_F1": 0.5582735864428463,
  "training_aux-sec--conclusion_P": 0.4632878492527615,
  "training_aux-sec--conclusion_R": 0.046914067640479014,
  "training_aux-sec--conclusion_F1": 0.0852004540837498,
  "training_aux-sec--experiments_P": 0.3446808510638298,
  "training_aux-sec--experiments_R": 0.013446215139442231,
  "training_aux-sec--experiments_F1": 0.02588272887041936,
  "training_aux-sec--method_P": 0.300179211469534,
  "training_aux-sec--method_R": 0.028308264323136725,
  "training_aux-sec--method_F1": 0.05173745173743599,
  "training_aux-sec--related work_P": 0.3054101221640489,
  "training_aux-sec--related work_R": 0.029176392130710237,
  "training_aux-sec--related work_F1": 0.05326434332672279,
  "training_aux-sec--average_F1": 0.15487171289223484,
  "training_aux-worth--False_P": 0.8615726270768218,
  "training_aux-worth--False_R": 0.9983797178802898,
  "training_aux-worth--False_F1": 0.9249448123619812,
  "training_aux-worth--True_P": 0.8097014925373134,
  "training_aux-worth--True_R": 0.041207747816179266,
  "training_aux-worth--True_F1": 0.07842428623056541,
  "training_aux-worth--average_F1": 0.5016845492962734,
  "training_loss": 0.9497054201921242,
  "validation_background_P": 0.6075514874141876,
  "validation_background_R": 0.9869888475836431,
  "validation_background_F1": 0.7521246458923042,
  "validation_method_P": 0.7241379310344828,
  "validation_method_R": 0.08235294117647059,
  "validation_method_F1": 0.14788732394364362,
  "validation_result_P": 0.9230769230769231,
  "validation_result_R": 0.0975609756097561,
  "validation_result_F1": 0.17647058823527684,
  "validation_average_F1": 0.3588275193570749,
  "validation_aux-sec--introduction_P": 0.0,
  "validation_aux-sec--introduction_R": 0.0,
  "validation_aux-sec--introduction_F1": 0.0,
  "validation_aux-sec--conclusion_P": 0.0,
  "validation_aux-sec--conclusion_R": 0.0,
  "validation_aux-sec--conclusion_F1": 0.0,
  "validation_aux-sec--experiments_P": 0.0,
  "validation_aux-sec--experiments_R": 0.0,
  "validation_aux-sec--experiments_F1": 0.0,
  "validation_aux-sec--method_P": 0.0,
  "validation_aux-sec--method_R": 0.0,
  "validation_aux-sec--method_F1": 0.0,
  "validation_aux-sec--related work_P": 0.0,
  "validation_aux-sec--related work_R": 0.0,
  "validation_aux-sec--related work_F1": 0.0,
  "validation_aux-sec--average_F1": 0.0,
  "validation_aux-worth--False_P": 0.0,
  "validation_aux-worth--False_R": 0.0,
  "validation_aux-worth--False_F1": 0.0,
  "validation_aux-worth--True_P": 0.0,
  "validation_aux-worth--True_R": 0.0,
  "validation_aux-worth--True_F1": 0.0,
  "validation_aux-worth--average_F1": 0.0,
  "validation_loss": 0.8908435979793812,
  "best_epoch": 1,
  "best_validation_background_P": 0.6075514874141876,
  "best_validation_background_R": 0.9869888475836431,
  "best_validation_background_F1": 0.7521246458923042,
  "best_validation_method_P": 0.7241379310344828,
  "best_validation_method_R": 0.08235294117647059,
  "best_validation_method_F1": 0.14788732394364362,
  "best_validation_result_P": 0.9230769230769231,
  "best_validation_result_R": 0.0975609756097561,
  "best_validation_result_F1": 0.17647058823527684,
  "best_validation_average_F1": 0.3588275193570749,
  "best_validation_aux-sec--introduction_P": 0.0,
  "best_validation_aux-sec--introduction_R": 0.0,
  "best_validation_aux-sec--introduction_F1": 0.0,
  "best_validation_aux-sec--conclusion_P": 0.0,
  "best_validation_aux-sec--conclusion_R": 0.0,
  "best_validation_aux-sec--conclusion_F1": 0.0,
  "best_validation_aux-sec--experiments_P": 0.0,
  "best_validation_aux-sec--experiments_R": 0.0,
  "best_validation_aux-sec--experiments_F1": 0.0,
  "best_validation_aux-sec--method_P": 0.0,
  "best_validation_aux-sec--method_R": 0.0,
  "best_validation_aux-sec--method_F1": 0.0,
  "best_validation_aux-sec--related work_P": 0.0,
  "best_validation_aux-sec--related work_R": 0.0,
  "best_validation_aux-sec--related work_F1": 0.0,
  "best_validation_aux-sec--average_F1": 0.0,
  "best_validation_aux-worth--False_P": 0.0,
  "best_validation_aux-worth--False_R": 0.0,
  "best_validation_aux-worth--False_F1": 0.0,
  "best_validation_aux-worth--True_P": 0.0,
  "best_validation_aux-worth--True_R": 0.0,
  "best_validation_aux-worth--True_F1": 0.0,
  "best_validation_aux-worth--average_F1": 0.0,
  "best_validation_loss": 0.8908435979793812
}