{
  "training_duration": "01:37:58",
  "training_start_epoch": 0,
  "training_epochs": 5,
  "epoch": 5,
  "training_background_P": 0.6186580324361828,
  "training_background_R": 0.9934774030314988,
  "training_background_F1": 0.7624952121357409,
  "training_method_P": 0.9195402298850575,
  "training_method_R": 0.1322635545830294,
  "training_method_F1": 0.23126301917270256,
  "training_result_P": 0.9161676646706587,
  "training_result_R": 0.12451678535096643,
  "training_result_F1": 0.21923696937128473,
  "training_average_F1": 0.4043317335599094,
  "training_aux-sec--introduction_P": 0.3950226507143687,
  "training_aux-sec--introduction_R": 0.9577554037879321,
  "training_aux-sec--introduction_F1": 0.5593453812783568,
  "training_aux-sec--conclusion_P": 0.48431845597104944,
  "training_aux-sec--conclusion_R": 0.052835899460455325,
  "training_aux-sec--conclusion_F1": 0.09527764594208002,
  "training_aux-sec--experiments_P": 0.3893617021276596,
  "training_aux-sec--experiments_R": 0.030378486055776893,
  "training_aux-sec--experiments_F1": 0.056359716661520294,
  "training_aux-sec--method_P": 0.3469217970049917,
  "training_aux-sec--method_R": 0.0352374514111881,
  "training_aux-sec--method_F1": 0.06397667996316216,
  "training_aux-sec--related work_P": 0.37807881773399016,
  "training_aux-sec--related work_R": 0.0511837279093031,
  "training_aux-sec--related work_F1": 0.09016152716591146,
  "training_aux-sec--average_F1": 0.1730241902022061,
  "training_aux-worth--False_P": 0.865355730408301,
  "training_aux-worth--False_R": 0.9975536917016139,
  "training_aux-worth--False_F1": 0.9267641177381606,
  "training_aux-worth--True_P": 0.8316939890710382,
  "training_aux-worth--True_R": 0.07225598176984428,
  "training_aux-worth--True_F1": 0.13296060103082305,
  "training_aux-worth--average_F1": 0.5298623593844918,
  "training_loss": 0.9231608927172045,
  "validation_background_P": 0.6075514874141876,
  "validation_background_R": 0.9869888475836431,
  "validation_background_F1": 0.7521246458923042,
  "validation_method_P": 0.8148148148148148,
  "validation_method_R": 0.08627450980392157,
  "validation_method_F1": 0.1560283687943089,
  "validation_result_P": 0.8,
  "validation_result_R": 0.0975609756097561,
  "validation_result_F1": 0.17391304347824152,
  "validation_average_F1": 0.3606886860549516,
  "validation_aux-sec--introduction_P": 0.0,
  "validation_aux-sec--introduction_R": 0.0,
  "validation_aux-sec--introduction_F1": 0.0,
  "validation_aux-sec--conclusion_P": 0.0,
  "validation_aux-sec--conclusion_R": 0.0,
  "validation_aux-sec--conclusion_F1": 0.0,
  "validation_aux-sec--experiments_P": 0.0,
  "validation_aux-sec--experiments_R": 0.0,
  "validation_aux-sec--experiments_F1": 0.0,
  "validation_aux-sec--method_P": 0.0,
  "validation_aux-sec--method_R": 0.0,
  "validation_aux-sec--method_F1": 0.0,
  "validation_aux-sec--related work_P": 0.0,
  "validation_aux-sec--related work_R": 0.0,
  "validation_aux-sec--related work_F1": 0.0,
  "validation_aux-sec--average_F1": 0.0,
  "validation_aux-worth--False_P": 0.0,
  "validation_aux-worth--False_R": 0.0,
  "validation_aux-worth--False_F1": 0.0,
  "validation_aux-worth--True_P": 0.0,
  "validation_aux-worth--True_R": 0.0,
  "validation_aux-worth--True_F1": 0.0,
  "validation_aux-worth--average_F1": 0.0,
  "validation_loss": 0.8944823423336292,
  "best_epoch": 4,
  "best_validation_background_P": 0.6123399301513388,
  "best_validation_background_R": 0.9776951672862454,
  "best_validation_background_F1": 0.7530422333571467,
  "best_validation_method_P": 0.7631578947368421,
  "best_validation_method_R": 0.11372549019607843,
  "best_validation_method_F1": 0.19795221843001154,
  "best_validation_result_P": 0.7368421052631579,
  "best_validation_result_R": 0.11382113821138211,
  "best_validation_result_F1": 0.1971830985915261,
  "best_validation_average_F1": 0.3827258501262281,
  "best_validation_aux-sec--introduction_P": 0.0,
  "best_validation_aux-sec--introduction_R": 0.0,
  "best_validation_aux-sec--introduction_F1": 0.0,
  "best_validation_aux-sec--conclusion_P": 0.0,
  "best_validation_aux-sec--conclusion_R": 0.0,
  "best_validation_aux-sec--conclusion_F1": 0.0,
  "best_validation_aux-sec--experiments_P": 0.0,
  "best_validation_aux-sec--experiments_R": 0.0,
  "best_validation_aux-sec--experiments_F1": 0.0,
  "best_validation_aux-sec--method_P": 0.0,
  "best_validation_aux-sec--method_R": 0.0,
  "best_validation_aux-sec--method_F1": 0.0,
  "best_validation_aux-sec--related work_P": 0.0,
  "best_validation_aux-sec--related work_R": 0.0,
  "best_validation_aux-sec--related work_F1": 0.0,
  "best_validation_aux-sec--average_F1": 0.0,
  "best_validation_aux-worth--False_P": 0.0,
  "best_validation_aux-worth--False_R": 0.0,
  "best_validation_aux-worth--False_F1": 0.0,
  "best_validation_aux-worth--True_P": 0.0,
  "best_validation_aux-worth--True_R": 0.0,
  "best_validation_aux-worth--True_F1": 0.0,
  "best_validation_aux-worth--average_F1": 0.0,
  "best_validation_loss": 0.8793061755854508
}