{
  "training_duration": "00:16:06",
  "training_start_epoch": 0,
  "training_epochs": 0,
  "epoch": 0,
  "training_background_P": 0.6068732475375656,
  "training_background_R": 0.9806677974765899,
  "training_background_F1": 0.7497646160131699,
  "training_method_P": 0.72646958885491,
  "training_method_R": 0.10434867489872615,
  "training_method_F1": 0.18248548992828123,
  "training_result_P": 0.7560728744939271,
  "training_result_R": 0.0750753768844221,
  "training_result_F1": 0.1365880416895063,
  "training_average_F1": 0.3562793825436525,
  "training_aux-sec--introduction_P": 0.3900897858087759,
  "training_aux-sec--introduction_R": 0.9758149686685912,
  "training_aux-sec--introduction_F1": 0.5573674897449926,
  "training_aux-sec--conclusion_P": 0.45484581497797355,
  "training_aux-sec--conclusion_R": 0.02717462824055797,
  "training_aux-sec--conclusion_F1": 0.05128523531602065,
  "training_aux-sec--experiments_P": 0.2713178294573643,
  "training_aux-sec--experiments_R": 0.005810092961487384,
  "training_aux-sec--experiments_F1": 0.011376564277584064,
  "training_aux-sec--method_P": 0.2762557077625571,
  "training_aux-sec--method_R": 0.020449552137907723,
  "training_aux-sec--method_F1": 0.038080251770246806,
  "training_aux-sec--related work_P": 0.12760416666666666,
  "training_aux-sec--related work_R": 0.008169389796598866,
  "training_aux-sec--related work_F1": 0.015355687872129084,
  "training_aux-sec--average_F1": 0.13469304579619462,
  "training_aux-worth--False_P": 0.8569541834025461,
  "training_aux-worth--False_R": 0.9997934934553311,
  "training_aux-worth--False_F1": 0.9228795354736045,
  "training_aux-worth--True_P": 0.6666666666666666,
  "training_aux-worth--True_R": 0.0024686669198632737,
  "training_aux-worth--True_F1": 0.0049191183426347766,
  "training_aux-worth--average_F1": 0.46389932690811964,
  "training_loss": 0.9812259332769815,
  "validation_background_P": 0.6077981651376146,
  "validation_background_R": 0.9851301115241635,
  "validation_background_F1": 0.7517730496453429,
  "validation_method_P": 0.7878787878787878,
  "validation_method_R": 0.10196078431372549,
  "validation_method_F1": 0.18055555555553526,
  "validation_result_P": 0.8181818181818182,
  "validation_result_R": 0.07317073170731707,
  "validation_result_F1": 0.13432835820894015,
  "validation_average_F1": 0.35555232113660606,
  "validation_aux-sec--introduction_P": 0.0,
  "validation_aux-sec--introduction_R": 0.0,
  "validation_aux-sec--introduction_F1": 0.0,
  "validation_aux-sec--conclusion_P": 0.0,
  "validation_aux-sec--conclusion_R": 0.0,
  "validation_aux-sec--conclusion_F1": 0.0,
  "validation_aux-sec--experiments_P": 0.0,
  "validation_aux-sec--experiments_R": 0.0,
  "validation_aux-sec--experiments_F1": 0.0,
  "validation_aux-sec--method_P": 0.0,
  "validation_aux-sec--method_R": 0.0,
  "validation_aux-sec--method_F1": 0.0,
  "validation_aux-sec--related work_P": 0.0,
  "validation_aux-sec--related work_R": 0.0,
  "validation_aux-sec--related work_F1": 0.0,
  "validation_aux-sec--average_F1": 0.0,
  "validation_aux-worth--False_P": 0.0,
  "validation_aux-worth--False_R": 0.0,
  "validation_aux-worth--False_F1": 0.0,
  "validation_aux-worth--True_P": 0.0,
  "validation_aux-worth--True_R": 0.0,
  "validation_aux-worth--True_F1": 0.0,
  "validation_aux-worth--average_F1": 0.0,
  "validation_loss": 0.8754354437877392,
  "best_epoch": 0,
  "best_validation_background_P": 0.6077981651376146,
  "best_validation_background_R": 0.9851301115241635,
  "best_validation_background_F1": 0.7517730496453429,
  "best_validation_method_P": 0.7878787878787878,
  "best_validation_method_R": 0.10196078431372549,
  "best_validation_method_F1": 0.18055555555553526,
  "best_validation_result_P": 0.8181818181818182,
  "best_validation_result_R": 0.07317073170731707,
  "best_validation_result_F1": 0.13432835820894015,
  "best_validation_average_F1": 0.35555232113660606,
  "best_validation_aux-sec--introduction_P": 0.0,
  "best_validation_aux-sec--introduction_R": 0.0,
  "best_validation_aux-sec--introduction_F1": 0.0,
  "best_validation_aux-sec--conclusion_P": 0.0,
  "best_validation_aux-sec--conclusion_R": 0.0,
  "best_validation_aux-sec--conclusion_F1": 0.0,
  "best_validation_aux-sec--experiments_P": 0.0,
  "best_validation_aux-sec--experiments_R": 0.0,
  "best_validation_aux-sec--experiments_F1": 0.0,
  "best_validation_aux-sec--method_P": 0.0,
  "best_validation_aux-sec--method_R": 0.0,
  "best_validation_aux-sec--method_F1": 0.0,
  "best_validation_aux-sec--related work_P": 0.0,
  "best_validation_aux-sec--related work_R": 0.0,
  "best_validation_aux-sec--related work_F1": 0.0,
  "best_validation_aux-sec--average_F1": 0.0,
  "best_validation_aux-worth--False_P": 0.0,
  "best_validation_aux-worth--False_R": 0.0,
  "best_validation_aux-worth--False_F1": 0.0,
  "best_validation_aux-worth--True_P": 0.0,
  "best_validation_aux-worth--True_R": 0.0,
  "best_validation_aux-worth--True_F1": 0.0,
  "best_validation_aux-worth--average_F1": 0.0,
  "best_validation_loss": 0.8754354437877392
}