{
  "training_duration": "01:21:00",
  "training_start_epoch": 0,
  "training_epochs": 4,
  "epoch": 4,
  "training_background_P": 0.6168431100312392,
  "training_background_R": 0.9924607329842932,
  "training_background_F1": 0.7608166323281041,
  "training_method_P": 0.9086897488119484,
  "training_method_R": 0.12976877211692278,
  "training_method_F1": 0.22710498409329732,
  "training_result_P": 0.9083694083694084,
  "training_result_R": 0.12753241491085898,
  "training_result_F1": 0.22366317285483714,
  "training_average_F1": 0.40386159642541286,
  "training_aux-sec--introduction_P": 0.3952743525164146,
  "training_aux-sec--introduction_R": 0.9558191931282124,
  "training_aux-sec--introduction_F1": 0.5592666975641999,
  "training_aux-sec--conclusion_P": 0.4755391899000526,
  "training_aux-sec--conclusion_R": 0.05948151072509541,
  "training_aux-sec--conclusion_F1": 0.10573717761270612,
  "training_aux-sec--experiments_P": 0.37199124726477023,
  "training_aux-sec--experiments_R": 0.028220451527224435,
  "training_aux-sec--experiments_F1": 0.05246103996295557,
  "training_aux-sec--method_P": 0.33497536945812806,
  "training_aux-sec--method_R": 0.03447693087713368,
  "training_aux-sec--method_F1": 0.06251915415260338,
  "training_aux-sec--related work_P": 0.3648293963254593,
  "training_aux-sec--related work_R": 0.046348782927642544,
  "training_aux-sec--related work_F1": 0.08224852071003917,
  "training_aux-sec--average_F1": 0.17244651800050084,
  "training_aux-worth--False_P": 0.865320236405968,
  "training_aux-worth--False_R": 0.9977601982462829,
  "training_aux-worth--False_F1": 0.926832867292759,
  "training_aux-worth--True_P": 0.842809364548495,
  "training_aux-worth--True_R": 0.07178123813140903,
  "training_aux-worth--True_F1": 0.13229503893602543,
  "training_aux-worth--average_F1": 0.5295639531143922,
  "training_loss": 0.929331614550113,
  "validation_background_P": 0.6123399301513388,
  "validation_background_R": 0.9776951672862454,
  "validation_background_F1": 0.7530422333571467,
  "validation_method_P": 0.7631578947368421,
  "validation_method_R": 0.11372549019607843,
  "validation_method_F1": 0.19795221843001154,
  "validation_result_P": 0.7368421052631579,
  "validation_result_R": 0.11382113821138211,
  "validation_result_F1": 0.1971830985915261,
  "validation_average_F1": 0.3827258501262281,
  "validation_aux-sec--introduction_P": 0.0,
  "validation_aux-sec--introduction_R": 0.0,
  "validation_aux-sec--introduction_F1": 0.0,
  "validation_aux-sec--conclusion_P": 0.0,
  "validation_aux-sec--conclusion_R": 0.0,
  "validation_aux-sec--conclusion_F1": 0.0,
  "validation_aux-sec--experiments_P": 0.0,
  "validation_aux-sec--experiments_R": 0.0,
  "validation_aux-sec--experiments_F1": 0.0,
  "validation_aux-sec--method_P": 0.0,
  "validation_aux-sec--method_R": 0.0,
  "validation_aux-sec--method_F1": 0.0,
  "validation_aux-sec--related work_P": 0.0,
  "validation_aux-sec--related work_R": 0.0,
  "validation_aux-sec--related work_F1": 0.0,
  "validation_aux-sec--average_F1": 0.0,
  "validation_aux-worth--False_P": 0.0,
  "validation_aux-worth--False_R": 0.0,
  "validation_aux-worth--False_F1": 0.0,
  "validation_aux-worth--True_P": 0.0,
  "validation_aux-worth--True_R": 0.0,
  "validation_aux-worth--True_F1": 0.0,
  "validation_aux-worth--average_F1": 0.0,
  "validation_loss": 0.8793061755854508,
  "best_epoch": 4,
  "best_validation_background_P": 0.6123399301513388,
  "best_validation_background_R": 0.9776951672862454,
  "best_validation_background_F1": 0.7530422333571467,
  "best_validation_method_P": 0.7631578947368421,
  "best_validation_method_R": 0.11372549019607843,
  "best_validation_method_F1": 0.19795221843001154,
  "best_validation_result_P": 0.7368421052631579,
  "best_validation_result_R": 0.11382113821138211,
  "best_validation_result_F1": 0.1971830985915261,
  "best_validation_average_F1": 0.3827258501262281,
  "best_validation_aux-sec--introduction_P": 0.0,
  "best_validation_aux-sec--introduction_R": 0.0,
  "best_validation_aux-sec--introduction_F1": 0.0,
  "best_validation_aux-sec--conclusion_P": 0.0,
  "best_validation_aux-sec--conclusion_R": 0.0,
  "best_validation_aux-sec--conclusion_F1": 0.0,
  "best_validation_aux-sec--experiments_P": 0.0,
  "best_validation_aux-sec--experiments_R": 0.0,
  "best_validation_aux-sec--experiments_F1": 0.0,
  "best_validation_aux-sec--method_P": 0.0,
  "best_validation_aux-sec--method_R": 0.0,
  "best_validation_aux-sec--method_F1": 0.0,
  "best_validation_aux-sec--related work_P": 0.0,
  "best_validation_aux-sec--related work_R": 0.0,
  "best_validation_aux-sec--related work_F1": 0.0,
  "best_validation_aux-sec--average_F1": 0.0,
  "best_validation_aux-worth--False_P": 0.0,
  "best_validation_aux-worth--False_R": 0.0,
  "best_validation_aux-worth--False_F1": 0.0,
  "best_validation_aux-worth--True_P": 0.0,
  "best_validation_aux-worth--True_R": 0.0,
  "best_validation_aux-worth--True_F1": 0.0,
  "best_validation_aux-worth--average_F1": 0.0,
  "best_validation_loss": 0.8793061755854508
}