{
  "training_duration": "01:53:27",
  "training_start_epoch": 0,
  "training_epochs": 6,
  "epoch": 6,
  "training_background_P": 0.6186904520575714,
  "training_background_R": 0.9941136781368511,
  "training_background_F1": 0.762707174923866,
  "training_method_P": 0.9325657894736842,
  "training_method_R": 0.13810405300077944,
  "training_method_F1": 0.24058044806515066,
  "training_result_P": 0.9155749636098981,
  "training_result_R": 0.12621651449784288,
  "training_result_F1": 0.22184992505067974,
  "training_average_F1": 0.4083791826798988,
  "training_aux-sec--introduction_P": 0.39558970932175075,
  "training_aux-sec--introduction_R": 0.9586707033725269,
  "training_aux-sec--introduction_F1": 0.5600699264743275,
  "training_aux-sec--conclusion_P": 0.46923076923076923,
  "training_aux-sec--conclusion_R": 0.05217791814712462,
  "training_aux-sec--conclusion_F1": 0.09391283751774608,
  "training_aux-sec--experiments_P": 0.3690596562184024,
  "training_aux-sec--experiments_R": 0.030295484727755645,
  "training_aux-sec--experiments_F1": 0.05599447725702364,
  "training_aux-sec--method_P": 0.32791327913279134,
  "training_aux-sec--method_R": 0.030674328206861584,
  "training_aux-sec--method_F1": 0.056100765010416324,
  "training_aux-sec--related work_P": 0.389988358556461,
  "training_aux-sec--related work_R": 0.05585195065021674,
  "training_aux-sec--related work_F1": 0.09771036896599822,
  "training_aux-sec--average_F1": 0.17275767504510237,
  "training_aux-worth--False_P": 0.8655576840915669,
  "training_aux-worth--False_R": 0.997649002414538,
  "training_aux-worth--False_F1": 0.9269210617587743,
  "training_aux-worth--True_P": 0.84,
  "training_aux-worth--True_R": 0.07377516141283706,
  "training_aux-worth--True_F1": 0.1356376014663376,
  "training_aux-worth--average_F1": 0.5312793316125559,
  "training_loss": 0.9207220737149766,
  "validation_background_P": 0.6098964326812428,
  "validation_background_R": 0.9851301115241635,
  "validation_background_F1": 0.7533759772565272,
  "validation_method_P": 0.8518518518518519,
  "validation_method_R": 0.09019607843137255,
  "validation_method_F1": 0.1631205673758692,
  "validation_result_P": 0.75,
  "validation_result_R": 0.12195121951219512,
  "validation_result_F1": 0.20979020979018573,
  "validation_average_F1": 0.3754289181408607,
  "validation_aux-sec--introduction_P": 0.0,
  "validation_aux-sec--introduction_R": 0.0,
  "validation_aux-sec--introduction_F1": 0.0,
  "validation_aux-sec--conclusion_P": 0.0,
  "validation_aux-sec--conclusion_R": 0.0,
  "validation_aux-sec--conclusion_F1": 0.0,
  "validation_aux-sec--experiments_P": 0.0,
  "validation_aux-sec--experiments_R": 0.0,
  "validation_aux-sec--experiments_F1": 0.0,
  "validation_aux-sec--method_P": 0.0,
  "validation_aux-sec--method_R": 0.0,
  "validation_aux-sec--method_F1": 0.0,
  "validation_aux-sec--related work_P": 0.0,
  "validation_aux-sec--related work_R": 0.0,
  "validation_aux-sec--related work_F1": 0.0,
  "validation_aux-sec--average_F1": 0.0,
  "validation_aux-worth--False_P": 0.0,
  "validation_aux-worth--False_R": 0.0,
  "validation_aux-worth--False_F1": 0.0,
  "validation_aux-worth--True_P": 0.0,
  "validation_aux-worth--True_R": 0.0,
  "validation_aux-worth--True_F1": 0.0,
  "validation_aux-worth--average_F1": 0.0,
  "validation_loss": 0.9163303909630611,
  "best_epoch": 4,
  "best_validation_background_P": 0.6123399301513388,
  "best_validation_background_R": 0.9776951672862454,
  "best_validation_background_F1": 0.7530422333571467,
  "best_validation_method_P": 0.7631578947368421,
  "best_validation_method_R": 0.11372549019607843,
  "best_validation_method_F1": 0.19795221843001154,
  "best_validation_result_P": 0.7368421052631579,
  "best_validation_result_R": 0.11382113821138211,
  "best_validation_result_F1": 0.1971830985915261,
  "best_validation_average_F1": 0.3827258501262281,
  "best_validation_aux-sec--introduction_P": 0.0,
  "best_validation_aux-sec--introduction_R": 0.0,
  "best_validation_aux-sec--introduction_F1": 0.0,
  "best_validation_aux-sec--conclusion_P": 0.0,
  "best_validation_aux-sec--conclusion_R": 0.0,
  "best_validation_aux-sec--conclusion_F1": 0.0,
  "best_validation_aux-sec--experiments_P": 0.0,
  "best_validation_aux-sec--experiments_R": 0.0,
  "best_validation_aux-sec--experiments_F1": 0.0,
  "best_validation_aux-sec--method_P": 0.0,
  "best_validation_aux-sec--method_R": 0.0,
  "best_validation_aux-sec--method_F1": 0.0,
  "best_validation_aux-sec--related work_P": 0.0,
  "best_validation_aux-sec--related work_R": 0.0,
  "best_validation_aux-sec--related work_F1": 0.0,
  "best_validation_aux-sec--average_F1": 0.0,
  "best_validation_aux-worth--False_P": 0.0,
  "best_validation_aux-worth--False_R": 0.0,
  "best_validation_aux-worth--False_F1": 0.0,
  "best_validation_aux-worth--True_P": 0.0,
  "best_validation_aux-worth--True_R": 0.0,
  "best_validation_aux-worth--True_F1": 0.0,
  "best_validation_aux-worth--average_F1": 0.0,
  "best_validation_loss": 0.8793061755854508
}