{
  "training_duration": "00:16:06",
  "training_start_epoch": 0,
  "training_epochs": 0,
  "epoch": 0,
  "training_background_P": 0.8943515589697244,
  "training_background_R": 0.91976671236378,
  "training_background_F1": 0.906881107025392,
  "training_method_P": 0.853008610587456,
  "training_method_R": 0.8171213822050857,
  "training_method_F1": 0.8346794296539535,
  "training_result_P": 0.8669308582751069,
  "training_result_R": 0.8354773869346733,
  "training_result_F1": 0.8509135575003339,
  "training_average_F1": 0.8641580313932264,
  "training_aux-sec--introduction_P": 0.44451131439576314,
  "training_aux-sec--introduction_R": 0.7800464690558333,
  "training_aux-sec--introduction_F1": 0.5663097094077796,
  "training_aux-sec--conclusion_P": 0.4647570332480818,
  "training_aux-sec--conclusion_R": 0.2989209106461376,
  "training_aux-sec--conclusion_F1": 0.3638329395746931,
  "training_aux-sec--experiments_P": 0.36725935009196814,
  "training_aux-sec--experiments_R": 0.14915338645418327,
  "training_aux-sec--experiments_F1": 0.21214804320874237,
  "training_aux-sec--method_P": 0.3140770252324037,
  "training_aux-sec--method_R": 0.1598783167145513,
  "training_aux-sec--method_F1": 0.2118938290961587,
  "training_aux-sec--related work_P": 0.33933423913043476,
  "training_aux-sec--related work_R": 0.16655551850616873,
  "training_aux-sec--related work_F1": 0.22343994632068942,
  "training_aux-sec--average_F1": 0.3155248935216126,
  "training_aux-worth--False_P": 0.896551724137931,
  "training_aux-worth--False_R": 0.9842101918922354,
  "training_aux-worth--False_F1": 0.9383381670313528,
  "training_aux-worth--True_P": 0.7729038153986749,
  "training_aux-worth--True_R": 0.32121154576528677,
  "training_aux-worth--True_F1": 0.4538198403648388,
  "training_aux-worth--average_F1": 0.6960790036980957,
  "training_loss": 0.4020162521462645,
  "validation_background_P": 0.8642201834862385,
  "validation_background_R": 0.8754646840148699,
  "validation_background_F1": 0.8698060941827755,
  "validation_method_P": 0.7756653992395437,
  "validation_method_R": 0.8,
  "validation_method_F1": 0.7876447876447377,
  "validation_result_P": 0.8148148148148148,
  "validation_result_R": 0.7154471544715447,
  "validation_result_F1": 0.7619047619047121,
  "validation_average_F1": 0.8064518812440751,
  "validation_aux-sec--introduction_P": 0.0,
  "validation_aux-sec--introduction_R": 0.0,
  "validation_aux-sec--introduction_F1": 0.0,
  "validation_aux-sec--conclusion_P": 0.0,
  "validation_aux-sec--conclusion_R": 0.0,
  "validation_aux-sec--conclusion_F1": 0.0,
  "validation_aux-sec--experiments_P": 0.0,
  "validation_aux-sec--experiments_R": 0.0,
  "validation_aux-sec--experiments_F1": 0.0,
  "validation_aux-sec--method_P": 0.0,
  "validation_aux-sec--method_R": 0.0,
  "validation_aux-sec--method_F1": 0.0,
  "validation_aux-sec--related work_P": 0.0,
  "validation_aux-sec--related work_R": 0.0,
  "validation_aux-sec--related work_F1": 0.0,
  "validation_aux-sec--average_F1": 0.0,
  "validation_aux-worth--False_P": 0.0,
  "validation_aux-worth--False_R": 0.0,
  "validation_aux-worth--False_F1": 0.0,
  "validation_aux-worth--True_P": 0.0,
  "validation_aux-worth--True_R": 0.0,
  "validation_aux-worth--True_F1": 0.0,
  "validation_aux-worth--average_F1": 0.0,
  "validation_loss": 0.5523121570847158,
  "best_epoch": 0,
  "best_validation_background_P": 0.8642201834862385,
  "best_validation_background_R": 0.8754646840148699,
  "best_validation_background_F1": 0.8698060941827755,
  "best_validation_method_P": 0.7756653992395437,
  "best_validation_method_R": 0.8,
  "best_validation_method_F1": 0.7876447876447377,
  "best_validation_result_P": 0.8148148148148148,
  "best_validation_result_R": 0.7154471544715447,
  "best_validation_result_F1": 0.7619047619047121,
  "best_validation_average_F1": 0.8064518812440751,
  "best_validation_aux-sec--introduction_P": 0.0,
  "best_validation_aux-sec--introduction_R": 0.0,
  "best_validation_aux-sec--introduction_F1": 0.0,
  "best_validation_aux-sec--conclusion_P": 0.0,
  "best_validation_aux-sec--conclusion_R": 0.0,
  "best_validation_aux-sec--conclusion_F1": 0.0,
  "best_validation_aux-sec--experiments_P": 0.0,
  "best_validation_aux-sec--experiments_R": 0.0,
  "best_validation_aux-sec--experiments_F1": 0.0,
  "best_validation_aux-sec--method_P": 0.0,
  "best_validation_aux-sec--method_R": 0.0,
  "best_validation_aux-sec--method_F1": 0.0,
  "best_validation_aux-sec--related work_P": 0.0,
  "best_validation_aux-sec--related work_R": 0.0,
  "best_validation_aux-sec--related work_F1": 0.0,
  "best_validation_aux-sec--average_F1": 0.0,
  "best_validation_aux-worth--False_P": 0.0,
  "best_validation_aux-worth--False_R": 0.0,
  "best_validation_aux-worth--False_F1": 0.0,
  "best_validation_aux-worth--True_P": 0.0,
  "best_validation_aux-worth--True_R": 0.0,
  "best_validation_aux-worth--True_F1": 0.0,
  "best_validation_aux-worth--average_F1": 0.0,
  "best_validation_loss": 0.5523121570847158
}