{
  "training_duration": "01:04:33",
  "training_start_epoch": 0,
  "training_epochs": 3,
  "epoch": 3,
  "training_background_P": 0.9907484696716751,
  "training_background_R": 0.9912081284216386,
  "training_background_F1": 0.9909782457441868,
  "training_method_P": 0.9853307906703829,
  "training_method_R": 0.9847048475371384,
  "training_method_F1": 0.9850177196626654,
  "training_result_P": 0.9858542992826109,
  "training_result_R": 0.9851575121163166,
  "training_result_F1": 0.9855057825361857,
  "training_average_F1": 0.987167249314346,
  "training_aux-sec--introduction_P": 0.4863653170641523,
  "training_aux-sec--introduction_R": 0.740899809899317,
  "training_aux-sec--introduction_F1": 0.5872373671139899,
  "training_aux-sec--conclusion_P": 0.5003783102143758,
  "training_aux-sec--conclusion_R": 0.3916304776944335,
  "training_aux-sec--conclusion_F1": 0.43937548444242663,
  "training_aux-sec--experiments_P": 0.4221135319401215,
  "training_aux-sec--experiments_R": 0.23638778220451528,
  "training_aux-sec--experiments_F1": 0.30305932428832855,
  "training_aux-sec--method_P": 0.3736686390532544,
  "training_aux-sec--method_R": 0.21345276322460707,
  "training_aux-sec--method_F1": 0.27170054856400666,
  "training_aux-sec--related work_P": 0.4340956340956341,
  "training_aux-sec--related work_R": 0.34811603867955987,
  "training_aux-sec--related work_F1": 0.3863804589192696,
  "training_aux-sec--average_F1": 0.3975506366656043,
  "training_aux-worth--False_P": 0.9276261804944276,
  "training_aux-worth--False_R": 0.9876731477951455,
  "training_aux-worth--False_F1": 0.9567083913554768,
  "training_aux-worth--True_P": 0.8798203500077435,
  "training_aux-worth--True_R": 0.5394037219901253,
  "training_aux-worth--True_F1": 0.668785684854859,
  "training_aux-worth--average_F1": 0.8127470381051679,
  "training_loss": 0.10694805002653103,
  "validation_background_P": 0.8612612612612612,
  "validation_background_R": 0.8884758364312267,
  "validation_background_F1": 0.8746569075937286,
  "validation_method_P": 0.7952755905511811,
  "validation_method_R": 0.792156862745098,
  "validation_method_F1": 0.7937131630647831,
  "validation_result_P": 0.8411214953271028,
  "validation_result_R": 0.7317073170731707,
  "validation_result_F1": 0.7826086956521242,
  "validation_average_F1": 0.8169929221035453,
  "validation_aux-sec--introduction_P": 0.0,
  "validation_aux-sec--introduction_R": 0.0,
  "validation_aux-sec--introduction_F1": 0.0,
  "validation_aux-sec--conclusion_P": 0.0,
  "validation_aux-sec--conclusion_R": 0.0,
  "validation_aux-sec--conclusion_F1": 0.0,
  "validation_aux-sec--experiments_P": 0.0,
  "validation_aux-sec--experiments_R": 0.0,
  "validation_aux-sec--experiments_F1": 0.0,
  "validation_aux-sec--method_P": 0.0,
  "validation_aux-sec--method_R": 0.0,
  "validation_aux-sec--method_F1": 0.0,
  "validation_aux-sec--related work_P": 0.0,
  "validation_aux-sec--related work_R": 0.0,
  "validation_aux-sec--related work_F1": 0.0,
  "validation_aux-sec--average_F1": 0.0,
  "validation_aux-worth--False_P": 0.0,
  "validation_aux-worth--False_R": 0.0,
  "validation_aux-worth--False_F1": 0.0,
  "validation_aux-worth--True_P": 0.0,
  "validation_aux-worth--True_R": 0.0,
  "validation_aux-worth--True_F1": 0.0,
  "validation_aux-worth--average_F1": 0.0,
  "validation_loss": 0.9301249952745977,
  "best_epoch": 2,
  "best_validation_background_P": 0.8679927667269439,
  "best_validation_background_R": 0.8921933085501859,
  "best_validation_background_F1": 0.8799266727772186,
  "best_validation_method_P": 0.7992125984251969,
  "best_validation_method_R": 0.796078431372549,
  "best_validation_method_F1": 0.7976424361492623,
  "best_validation_result_P": 0.8256880733944955,
  "best_validation_result_R": 0.7317073170731707,
  "best_validation_result_F1": 0.7758620689654675,
  "best_validation_average_F1": 0.8178103926306495,
  "best_validation_aux-sec--introduction_P": 0.0,
  "best_validation_aux-sec--introduction_R": 0.0,
  "best_validation_aux-sec--introduction_F1": 0.0,
  "best_validation_aux-sec--conclusion_P": 0.0,
  "best_validation_aux-sec--conclusion_R": 0.0,
  "best_validation_aux-sec--conclusion_F1": 0.0,
  "best_validation_aux-sec--experiments_P": 0.0,
  "best_validation_aux-sec--experiments_R": 0.0,
  "best_validation_aux-sec--experiments_F1": 0.0,
  "best_validation_aux-sec--method_P": 0.0,
  "best_validation_aux-sec--method_R": 0.0,
  "best_validation_aux-sec--method_F1": 0.0,
  "best_validation_aux-sec--related work_P": 0.0,
  "best_validation_aux-sec--related work_R": 0.0,
  "best_validation_aux-sec--related work_F1": 0.0,
  "best_validation_aux-sec--average_F1": 0.0,
  "best_validation_aux-worth--False_P": 0.0,
  "best_validation_aux-worth--False_R": 0.0,
  "best_validation_aux-worth--False_F1": 0.0,
  "best_validation_aux-worth--True_P": 0.0,
  "best_validation_aux-worth--True_R": 0.0,
  "best_validation_aux-worth--True_F1": 0.0,
  "best_validation_aux-worth--average_F1": 0.0,
  "best_validation_loss": 0.8637946580701251
}