{
  "training_duration": "00:48:19",
  "training_start_epoch": 0,
  "training_epochs": 2,
  "epoch": 2,
  "training_background_P": 0.9828355964745888,
  "training_background_R": 0.9852743379249571,
  "training_background_F1": 0.9840534562424951,
  "training_method_P": 0.9752062058130401,
  "training_method_R": 0.9696836555360281,
  "training_method_F1": 0.9724370899833046,
  "training_result_P": 0.9765443332322313,
  "training_result_R": 0.9774337178708763,
  "training_result_F1": 0.9769888231426193,
  "training_average_F1": 0.9778264564561397,
  "training_aux-sec--introduction_P": 0.4779051849166062,
  "training_aux-sec--introduction_R": 0.7424135745969161,
  "training_aux-sec--introduction_F1": 0.5814928171615594,
  "training_aux-sec--conclusion_P": 0.4897228144989339,
  "training_aux-sec--conclusion_R": 0.3778128701144888,
  "training_aux-sec--conclusion_F1": 0.42654979014220834,
  "training_aux-sec--experiments_P": 0.4140730717185386,
  "training_aux-sec--experiments_R": 0.22858565737051792,
  "training_aux-sec--experiments_F1": 0.2945612064815842,
  "training_aux-sec--method_P": 0.3634705971736818,
  "training_aux-sec--method_R": 0.20212945749535238,
  "training_aux-sec--method_F1": 0.2597882161281104,
  "training_aux-sec--related work_P": 0.41986815185269377,
  "training_aux-sec--related work_R": 0.3079359786595532,
  "training_aux-sec--related work_F1": 0.35529479657588653,
  "training_aux-sec--average_F1": 0.3835373652978698,
  "training_aux-worth--False_P": 0.9238879883407939,
  "training_aux-worth--False_R": 0.9868630067352904,
  "training_aux-worth--False_F1": 0.9543377241829064,
  "training_aux-worth--True_P": 0.8674891844255729,
  "training_aux-worth--True_R": 0.5140524116976832,
  "training_aux-worth--True_F1": 0.6455613187860977,
  "training_aux-worth--average_F1": 0.799949521484502,
  "training_loss": 0.13327199856138505,
  "validation_background_P": 0.8679927667269439,
  "validation_background_R": 0.8921933085501859,
  "validation_background_F1": 0.8799266727772186,
  "validation_method_P": 0.7992125984251969,
  "validation_method_R": 0.796078431372549,
  "validation_method_F1": 0.7976424361492623,
  "validation_result_P": 0.8256880733944955,
  "validation_result_R": 0.7317073170731707,
  "validation_result_F1": 0.7758620689654675,
  "validation_average_F1": 0.8178103926306495,
  "validation_aux-sec--introduction_P": 0.0,
  "validation_aux-sec--introduction_R": 0.0,
  "validation_aux-sec--introduction_F1": 0.0,
  "validation_aux-sec--conclusion_P": 0.0,
  "validation_aux-sec--conclusion_R": 0.0,
  "validation_aux-sec--conclusion_F1": 0.0,
  "validation_aux-sec--experiments_P": 0.0,
  "validation_aux-sec--experiments_R": 0.0,
  "validation_aux-sec--experiments_F1": 0.0,
  "validation_aux-sec--method_P": 0.0,
  "validation_aux-sec--method_R": 0.0,
  "validation_aux-sec--method_F1": 0.0,
  "validation_aux-sec--related work_P": 0.0,
  "validation_aux-sec--related work_R": 0.0,
  "validation_aux-sec--related work_F1": 0.0,
  "validation_aux-sec--average_F1": 0.0,
  "validation_aux-worth--False_P": 0.0,
  "validation_aux-worth--False_R": 0.0,
  "validation_aux-worth--False_F1": 0.0,
  "validation_aux-worth--True_P": 0.0,
  "validation_aux-worth--True_R": 0.0,
  "validation_aux-worth--True_F1": 0.0,
  "validation_aux-worth--average_F1": 0.0,
  "validation_loss": 0.8637946580701251,
  "best_epoch": 2,
  "best_validation_background_P": 0.8679927667269439,
  "best_validation_background_R": 0.8921933085501859,
  "best_validation_background_F1": 0.8799266727772186,
  "best_validation_method_P": 0.7992125984251969,
  "best_validation_method_R": 0.796078431372549,
  "best_validation_method_F1": 0.7976424361492623,
  "best_validation_result_P": 0.8256880733944955,
  "best_validation_result_R": 0.7317073170731707,
  "best_validation_result_F1": 0.7758620689654675,
  "best_validation_average_F1": 0.8178103926306495,
  "best_validation_aux-sec--introduction_P": 0.0,
  "best_validation_aux-sec--introduction_R": 0.0,
  "best_validation_aux-sec--introduction_F1": 0.0,
  "best_validation_aux-sec--conclusion_P": 0.0,
  "best_validation_aux-sec--conclusion_R": 0.0,
  "best_validation_aux-sec--conclusion_F1": 0.0,
  "best_validation_aux-sec--experiments_P": 0.0,
  "best_validation_aux-sec--experiments_R": 0.0,
  "best_validation_aux-sec--experiments_F1": 0.0,
  "best_validation_aux-sec--method_P": 0.0,
  "best_validation_aux-sec--method_R": 0.0,
  "best_validation_aux-sec--method_F1": 0.0,
  "best_validation_aux-sec--related work_P": 0.0,
  "best_validation_aux-sec--related work_R": 0.0,
  "best_validation_aux-sec--related work_F1": 0.0,
  "best_validation_aux-sec--average_F1": 0.0,
  "best_validation_aux-worth--False_P": 0.0,
  "best_validation_aux-worth--False_R": 0.0,
  "best_validation_aux-worth--False_F1": 0.0,
  "best_validation_aux-worth--True_P": 0.0,
  "best_validation_aux-worth--True_R": 0.0,
  "best_validation_aux-worth--True_F1": 0.0,
  "best_validation_aux-worth--average_F1": 0.0,
  "best_validation_loss": 0.8637946580701251
}