{
  "training_duration": "00:32:15",
  "training_start_epoch": 0,
  "training_epochs": 1,
  "epoch": 1,
  "training_background_P": 0.9587051255447189,
  "training_background_R": 0.9660331768969843,
  "training_background_F1": 0.9623552011849569,
  "training_method_P": 0.9390153572663078,
  "training_method_R": 0.925983638488508,
  "training_method_F1": 0.9324539681760845,
  "training_result_P": 0.9490168254611798,
  "training_result_R": 0.944803229061554,
  "training_result_F1": 0.9469053398057754,
  "training_average_F1": 0.9472381697222723,
  "training_aux-sec--introduction_P": 0.46706704520637693,
  "training_aux-sec--introduction_R": 0.7529043159895796,
  "training_aux-sec--introduction_F1": 0.5765000808668458,
  "training_aux-sec--conclusion_P": 0.48347668628338614,
  "training_aux-sec--conclusion_R": 0.35136202131859456,
  "training_aux-sec--conclusion_F1": 0.40696566703497006,
  "training_aux-sec--experiments_P": 0.3994243684042213,
  "training_aux-sec--experiments_R": 0.20733731739707836,
  "training_aux-sec--experiments_F1": 0.2729756310785257,
  "training_aux-sec--method_P": 0.34508261211644375,
  "training_aux-sec--method_R": 0.18531350346459355,
  "training_aux-sec--method_F1": 0.24113475177300417,
  "training_aux-sec--related work_P": 0.3997524752475248,
  "training_aux-sec--related work_R": 0.26925641880626877,
  "training_aux-sec--related work_F1": 0.32177724646339084,
  "training_aux-sec--average_F1": 0.3638706754433473,
  "training_aux-worth--False_P": 0.9176324503311258,
  "training_aux-worth--False_R": 0.9860846359130766,
  "training_aux-worth--False_F1": 0.9506278713628904,
  "training_aux-worth--True_P": 0.8498971898560658,
  "training_aux-worth--True_R": 0.470945689327763,
  "training_aux-worth--True_F1": 0.6060606060605602,
  "training_aux-worth--average_F1": 0.7783442387117253,
  "training_loss": 0.20939001095238502,
  "validation_background_P": 0.8653846153846154,
  "validation_background_R": 0.8364312267657993,
  "validation_background_F1": 0.8506616257088349,
  "validation_method_P": 0.7463768115942029,
  "validation_method_R": 0.807843137254902,
  "validation_method_F1": 0.7758945386063532,
  "validation_result_P": 0.7666666666666667,
  "validation_result_R": 0.7479674796747967,
  "validation_result_F1": 0.757201646090485,
  "validation_average_F1": 0.7945859368018909,
  "validation_aux-sec--introduction_P": 0.0,
  "validation_aux-sec--introduction_R": 0.0,
  "validation_aux-sec--introduction_F1": 0.0,
  "validation_aux-sec--conclusion_P": 0.0,
  "validation_aux-sec--conclusion_R": 0.0,
  "validation_aux-sec--conclusion_F1": 0.0,
  "validation_aux-sec--experiments_P": 0.0,
  "validation_aux-sec--experiments_R": 0.0,
  "validation_aux-sec--experiments_F1": 0.0,
  "validation_aux-sec--method_P": 0.0,
  "validation_aux-sec--method_R": 0.0,
  "validation_aux-sec--method_F1": 0.0,
  "validation_aux-sec--related work_P": 0.0,
  "validation_aux-sec--related work_R": 0.0,
  "validation_aux-sec--related work_F1": 0.0,
  "validation_aux-sec--average_F1": 0.0,
  "validation_aux-worth--False_P": 0.0,
  "validation_aux-worth--False_R": 0.0,
  "validation_aux-worth--False_F1": 0.0,
  "validation_aux-worth--True_P": 0.0,
  "validation_aux-worth--True_R": 0.0,
  "validation_aux-worth--True_F1": 0.0,
  "validation_aux-worth--average_F1": 0.0,
  "validation_loss": 0.7618636133366039,
  "best_epoch": 0,
  "best_validation_background_P": 0.8642201834862385,
  "best_validation_background_R": 0.8754646840148699,
  "best_validation_background_F1": 0.8698060941827755,
  "best_validation_method_P": 0.7756653992395437,
  "best_validation_method_R": 0.8,
  "best_validation_method_F1": 0.7876447876447377,
  "best_validation_result_P": 0.8148148148148148,
  "best_validation_result_R": 0.7154471544715447,
  "best_validation_result_F1": 0.7619047619047121,
  "best_validation_average_F1": 0.8064518812440751,
  "best_validation_aux-sec--introduction_P": 0.0,
  "best_validation_aux-sec--introduction_R": 0.0,
  "best_validation_aux-sec--introduction_F1": 0.0,
  "best_validation_aux-sec--conclusion_P": 0.0,
  "best_validation_aux-sec--conclusion_R": 0.0,
  "best_validation_aux-sec--conclusion_F1": 0.0,
  "best_validation_aux-sec--experiments_P": 0.0,
  "best_validation_aux-sec--experiments_R": 0.0,
  "best_validation_aux-sec--experiments_F1": 0.0,
  "best_validation_aux-sec--method_P": 0.0,
  "best_validation_aux-sec--method_R": 0.0,
  "best_validation_aux-sec--method_F1": 0.0,
  "best_validation_aux-sec--related work_P": 0.0,
  "best_validation_aux-sec--related work_R": 0.0,
  "best_validation_aux-sec--related work_F1": 0.0,
  "best_validation_aux-sec--average_F1": 0.0,
  "best_validation_aux-worth--False_P": 0.0,
  "best_validation_aux-worth--False_R": 0.0,
  "best_validation_aux-worth--False_F1": 0.0,
  "best_validation_aux-worth--True_P": 0.0,
  "best_validation_aux-worth--True_R": 0.0,
  "best_validation_aux-worth--True_F1": 0.0,
  "best_validation_aux-worth--average_F1": 0.0,
  "best_validation_loss": 0.5523121570847158
}