{
  "training_duration": "01:36:48",
  "training_start_epoch": 0,
  "training_epochs": 5,
  "epoch": 5,
  "training_background_P": 0.9957760861492759,
  "training_background_R": 0.9959378844502217,
  "training_background_F1": 0.9958569787277989,
  "training_method_P": 0.9923682675481237,
  "training_method_R": 0.9927060539752006,
  "training_method_F1": 0.992537132022217,
  "training_result_P": 0.99460065199674,
  "training_result_R": 0.9931841302136317,
  "training_result_F1": 0.9938918863890369,
  "training_average_F1": 0.9940953323796843,
  "training_aux-sec--introduction_P": 0.5031317259558414,
  "training_aux-sec--introduction_R": 0.7324156868267268,
  "training_aux-sec--introduction_F1": 0.5964992760582685,
  "training_aux-sec--conclusion_P": 0.5152671755725191,
  "training_aux-sec--conclusion_R": 0.42637189103829454,
  "training_aux-sec--conclusion_F1": 0.46662346079061795,
  "training_aux-sec--experiments_P": 0.4366694939214023,
  "training_aux-sec--experiments_R": 0.2563911022576361,
  "training_aux-sec--experiments_F1": 0.3230833594811792,
  "training_aux-sec--method_P": 0.3896016205266712,
  "training_aux-sec--method_R": 0.24378908230522225,
  "training_aux-sec--method_F1": 0.29991163781896607,
  "training_aux-sec--related work_P": 0.462189838519102,
  "training_aux-sec--related work_R": 0.391297099033011,
  "training_aux-sec--related work_F1": 0.42379920548929667,
  "training_aux-sec--average_F1": 0.4219833879276657,
  "training_aux-worth--False_P": 0.9320219757189263,
  "training_aux-worth--False_R": 0.9890074977760833,
  "training_aux-worth--False_F1": 0.9596695259454002,
  "training_aux-worth--True_P": 0.896453688463265,
  "training_aux-worth--True_R": 0.5688378275731105,
  "training_aux-worth--True_F1": 0.6960209119953054,
  "training_aux-worth--average_F1": 0.8278452189703528,
  "training_loss": 0.08824338059934841,
  "validation_background_P": 0.8511796733212341,
  "validation_background_R": 0.8717472118959108,
  "validation_background_F1": 0.8613406795224476,
  "validation_method_P": 0.8025210084033614,
  "validation_method_R": 0.7490196078431373,
  "validation_method_F1": 0.7748478701825059,
  "validation_result_P": 0.7637795275590551,
  "validation_result_R": 0.7886178861788617,
  "validation_result_F1": 0.7759999999999501,
  "validation_average_F1": 0.8040628499016345,
  "validation_aux-sec--introduction_P": 0.0,
  "validation_aux-sec--introduction_R": 0.0,
  "validation_aux-sec--introduction_F1": 0.0,
  "validation_aux-sec--conclusion_P": 0.0,
  "validation_aux-sec--conclusion_R": 0.0,
  "validation_aux-sec--conclusion_F1": 0.0,
  "validation_aux-sec--experiments_P": 0.0,
  "validation_aux-sec--experiments_R": 0.0,
  "validation_aux-sec--experiments_F1": 0.0,
  "validation_aux-sec--method_P": 0.0,
  "validation_aux-sec--method_R": 0.0,
  "validation_aux-sec--method_F1": 0.0,
  "validation_aux-sec--related work_P": 0.0,
  "validation_aux-sec--related work_R": 0.0,
  "validation_aux-sec--related work_F1": 0.0,
  "validation_aux-sec--average_F1": 0.0,
  "validation_aux-worth--False_P": 0.0,
  "validation_aux-worth--False_R": 0.0,
  "validation_aux-worth--False_F1": 0.0,
  "validation_aux-worth--True_P": 0.0,
  "validation_aux-worth--True_R": 0.0,
  "validation_aux-worth--True_F1": 0.0,
  "validation_aux-worth--average_F1": 0.0,
  "validation_loss": 1.4454740918731188,
  "best_epoch": 2,
  "best_validation_background_P": 0.8679927667269439,
  "best_validation_background_R": 0.8921933085501859,
  "best_validation_background_F1": 0.8799266727772186,
  "best_validation_method_P": 0.7992125984251969,
  "best_validation_method_R": 0.796078431372549,
  "best_validation_method_F1": 0.7976424361492623,
  "best_validation_result_P": 0.8256880733944955,
  "best_validation_result_R": 0.7317073170731707,
  "best_validation_result_F1": 0.7758620689654675,
  "best_validation_average_F1": 0.8178103926306495,
  "best_validation_aux-sec--introduction_P": 0.0,
  "best_validation_aux-sec--introduction_R": 0.0,
  "best_validation_aux-sec--introduction_F1": 0.0,
  "best_validation_aux-sec--conclusion_P": 0.0,
  "best_validation_aux-sec--conclusion_R": 0.0,
  "best_validation_aux-sec--conclusion_F1": 0.0,
  "best_validation_aux-sec--experiments_P": 0.0,
  "best_validation_aux-sec--experiments_R": 0.0,
  "best_validation_aux-sec--experiments_F1": 0.0,
  "best_validation_aux-sec--method_P": 0.0,
  "best_validation_aux-sec--method_R": 0.0,
  "best_validation_aux-sec--method_F1": 0.0,
  "best_validation_aux-sec--related work_P": 0.0,
  "best_validation_aux-sec--related work_R": 0.0,
  "best_validation_aux-sec--related work_F1": 0.0,
  "best_validation_aux-sec--average_F1": 0.0,
  "best_validation_aux-worth--False_P": 0.0,
  "best_validation_aux-worth--False_R": 0.0,
  "best_validation_aux-worth--False_F1": 0.0,
  "best_validation_aux-worth--True_P": 0.0,
  "best_validation_aux-worth--True_R": 0.0,
  "best_validation_aux-worth--True_F1": 0.0,
  "best_validation_aux-worth--average_F1": 0.0,
  "best_validation_loss": 0.8637946580701251
}