{
  "training_duration": "01:20:40",
  "training_start_epoch": 0,
  "training_epochs": 4,
  "epoch": 4,
  "training_background_P": 0.9941377625793845,
  "training_background_R": 0.9944153577661431,
  "training_background_F1": 0.9942765407970464,
  "training_method_P": 0.9902992675947034,
  "training_method_R": 0.989723205196568,
  "training_method_F1": 0.9900111525965655,
  "training_result_P": 0.9901742301458671,
  "training_result_R": 0.9901742301458671,
  "training_result_F1": 0.9901742301458172,
  "training_average_F1": 0.9914873078464764,
  "training_aux-sec--introduction_P": 0.4945062768456774,
  "training_aux-sec--introduction_R": 0.7335774132225586,
  "training_aux-sec--introduction_F1": 0.5907718477567029,
  "training_aux-sec--conclusion_P": 0.5040801486628423,
  "training_aux-sec--conclusion_R": 0.4105145413870246,
  "training_aux-sec--conclusion_F1": 0.4525113327288716,
  "training_aux-sec--experiments_P": 0.43335265140538975,
  "training_aux-sec--experiments_R": 0.2482569721115538,
  "training_aux-sec--experiments_F1": 0.31567282321895107,
  "training_aux-sec--method_P": 0.3852435933539848,
  "training_aux-sec--method_R": 0.23119824235254352,
  "training_aux-sec--method_F1": 0.2889733840303713,
  "training_aux-sec--related work_P": 0.4570910556003223,
  "training_aux-sec--related work_R": 0.37829276425475156,
  "training_aux-sec--related work_F1": 0.41397555190653684,
  "training_aux-sec--average_F1": 0.41238098792828676,
  "training_aux-worth--False_P": 0.9305852295647756,
  "training_aux-worth--False_R": 0.9894046257466006,
  "training_aux-worth--False_F1": 0.9590939537891296,
  "training_aux-worth--True_P": 0.8982145582176102,
  "training_aux-worth--True_R": 0.5588682111659704,
  "training_aux-worth--True_F1": 0.6890254609305936,
  "training_aux-worth--average_F1": 0.8240597073598617,
  "training_loss": 0.09553784557658553,
  "validation_background_P": 0.8353344768439108,
  "validation_background_R": 0.9052044609665427,
  "validation_background_F1": 0.8688670829615915,
  "validation_method_P": 0.8325581395348837,
  "validation_method_R": 0.7019607843137254,
  "validation_method_F1": 0.7617021276595249,
  "validation_result_P": 0.7966101694915254,
  "validation_result_R": 0.7642276422764228,
  "validation_result_F1": 0.7800829875518174,
  "validation_average_F1": 0.8035507327243113,
  "validation_aux-sec--introduction_P": 0.0,
  "validation_aux-sec--introduction_R": 0.0,
  "validation_aux-sec--introduction_F1": 0.0,
  "validation_aux-sec--conclusion_P": 0.0,
  "validation_aux-sec--conclusion_R": 0.0,
  "validation_aux-sec--conclusion_F1": 0.0,
  "validation_aux-sec--experiments_P": 0.0,
  "validation_aux-sec--experiments_R": 0.0,
  "validation_aux-sec--experiments_F1": 0.0,
  "validation_aux-sec--method_P": 0.0,
  "validation_aux-sec--method_R": 0.0,
  "validation_aux-sec--method_F1": 0.0,
  "validation_aux-sec--related work_P": 0.0,
  "validation_aux-sec--related work_R": 0.0,
  "validation_aux-sec--related work_F1": 0.0,
  "validation_aux-sec--average_F1": 0.0,
  "validation_aux-worth--False_P": 0.0,
  "validation_aux-worth--False_R": 0.0,
  "validation_aux-worth--False_F1": 0.0,
  "validation_aux-worth--True_P": 0.0,
  "validation_aux-worth--True_R": 0.0,
  "validation_aux-worth--True_F1": 0.0,
  "validation_aux-worth--average_F1": 0.0,
  "validation_loss": 1.4792170380643601,
  "best_epoch": 2,
  "best_validation_background_P": 0.8679927667269439,
  "best_validation_background_R": 0.8921933085501859,
  "best_validation_background_F1": 0.8799266727772186,
  "best_validation_method_P": 0.7992125984251969,
  "best_validation_method_R": 0.796078431372549,
  "best_validation_method_F1": 0.7976424361492623,
  "best_validation_result_P": 0.8256880733944955,
  "best_validation_result_R": 0.7317073170731707,
  "best_validation_result_F1": 0.7758620689654675,
  "best_validation_average_F1": 0.8178103926306495,
  "best_validation_aux-sec--introduction_P": 0.0,
  "best_validation_aux-sec--introduction_R": 0.0,
  "best_validation_aux-sec--introduction_F1": 0.0,
  "best_validation_aux-sec--conclusion_P": 0.0,
  "best_validation_aux-sec--conclusion_R": 0.0,
  "best_validation_aux-sec--conclusion_F1": 0.0,
  "best_validation_aux-sec--experiments_P": 0.0,
  "best_validation_aux-sec--experiments_R": 0.0,
  "best_validation_aux-sec--experiments_F1": 0.0,
  "best_validation_aux-sec--method_P": 0.0,
  "best_validation_aux-sec--method_R": 0.0,
  "best_validation_aux-sec--method_F1": 0.0,
  "best_validation_aux-sec--related work_P": 0.0,
  "best_validation_aux-sec--related work_R": 0.0,
  "best_validation_aux-sec--related work_F1": 0.0,
  "best_validation_aux-sec--average_F1": 0.0,
  "best_validation_aux-worth--False_P": 0.0,
  "best_validation_aux-worth--False_R": 0.0,
  "best_validation_aux-worth--False_F1": 0.0,
  "best_validation_aux-worth--True_P": 0.0,
  "best_validation_aux-worth--True_R": 0.0,
  "best_validation_aux-worth--True_F1": 0.0,
  "best_validation_aux-worth--average_F1": 0.0,
  "best_validation_loss": 0.8637946580701251
}