{
  "training_duration": "01:41:35",
  "training_start_epoch": 0,
  "training_epochs": 9,
  "epoch": 9,
  "training_background_P": 0.9970467176708602,
  "training_background_R": 0.9971858501755937,
  "training_background_F1": 0.9971162790697174,
  "training_method_P": 0.995141385676805,
  "training_method_R": 0.9951897381079636,
  "training_method_F1": 0.9951655613050057,
  "training_result_P": 0.9949530634904613,
  "training_result_R": 0.9942505547710309,
  "training_result_F1": 0.9946016850814293,
  "training_average_F1": 0.9956278418187176,
  "training_aux-sec--introduction_P": 0.09836065573770492,
  "training_aux-sec--introduction_R": 0.00021122298106033936,
  "training_aux-sec--introduction_F1": 0.00042154073137274127,
  "training_aux-sec--conclusion_P": 0.3947169811320755,
  "training_aux-sec--conclusion_R": 0.03441242268719568,
  "training_aux-sec--conclusion_F1": 0.0633056950916756,
  "training_aux-sec--experiments_P": 0.18673724452286428,
  "training_aux-sec--experiments_R": 0.4216467463479416,
  "training_aux-sec--experiments_F1": 0.2588403138693144,
  "training_aux-sec--method_P": 0.18396226415094338,
  "training_aux-sec--method_R": 0.0032955889809024846,
  "training_aux-sec--method_F1": 0.006475178482480355,
  "training_aux-sec--related work_P": 0.08616445100935499,
  "training_aux-sec--related work_R": 0.6418806268756252,
  "training_aux-sec--related work_F1": 0.15193370165743766,
  "training_aux-sec--average_F1": 0.09619528596645614,
  "training_aux-worth--False_P": 0.8657962268407546,
  "training_aux-worth--False_R": 0.48770491803278687,
  "training_aux-worth--False_F1": 0.6239419588874993,
  "training_aux-worth--True_P": 0.15182915603713543,
  "training_aux-worth--True_R": 0.5481390049373338,
  "training_aux-worth--True_F1": 0.23779219441866647,
  "training_aux-worth--average_F1": 0.4308670766530829,
  "training_loss": 0.011172040115981463,
  "validation_background_P": 0.8556521739130435,
  "validation_background_R": 0.9144981412639405,
  "validation_background_F1": 0.8840970350403814,
  "validation_method_P": 0.8407079646017699,
  "validation_method_R": 0.7450980392156863,
  "validation_method_F1": 0.7900207900207402,
  "validation_result_P": 0.808695652173913,
  "validation_result_R": 0.7560975609756098,
  "validation_result_F1": 0.781512605041967,
  "validation_average_F1": 0.8185434767010294,
  "validation_aux-sec--introduction_P": 0.0,
  "validation_aux-sec--introduction_R": 0.0,
  "validation_aux-sec--introduction_F1": 0.0,
  "validation_aux-sec--conclusion_P": 0.0,
  "validation_aux-sec--conclusion_R": 0.0,
  "validation_aux-sec--conclusion_F1": 0.0,
  "validation_aux-sec--experiments_P": 0.0,
  "validation_aux-sec--experiments_R": 0.0,
  "validation_aux-sec--experiments_F1": 0.0,
  "validation_aux-sec--method_P": 0.0,
  "validation_aux-sec--method_R": 0.0,
  "validation_aux-sec--method_F1": 0.0,
  "validation_aux-sec--related work_P": 0.0,
  "validation_aux-sec--related work_R": 0.0,
  "validation_aux-sec--related work_F1": 0.0,
  "validation_aux-sec--average_F1": 0.0,
  "validation_aux-worth--False_P": 0.0,
  "validation_aux-worth--False_R": 0.0,
  "validation_aux-worth--False_F1": 0.0,
  "validation_aux-worth--True_P": 0.0,
  "validation_aux-worth--True_R": 0.0,
  "validation_aux-worth--True_F1": 0.0,
  "validation_aux-worth--average_F1": 0.0,
  "validation_loss": 1.5050179272376258,
  "best_epoch": 8,
  "best_validation_background_P": 0.8734177215189873,
  "best_validation_background_R": 0.8977695167286245,
  "best_validation_background_F1": 0.8854262144820766,
  "best_validation_method_P": 0.8163265306122449,
  "best_validation_method_R": 0.7843137254901961,
  "best_validation_method_F1": 0.7999999999999502,
  "best_validation_result_P": 0.8135593220338984,
  "best_validation_result_R": 0.7804878048780488,
  "best_validation_result_F1": 0.7966804979252614,
  "best_validation_average_F1": 0.8273689041357627,
  "best_validation_aux-sec--introduction_P": 0.0,
  "best_validation_aux-sec--introduction_R": 0.0,
  "best_validation_aux-sec--introduction_F1": 0.0,
  "best_validation_aux-sec--conclusion_P": 0.0,
  "best_validation_aux-sec--conclusion_R": 0.0,
  "best_validation_aux-sec--conclusion_F1": 0.0,
  "best_validation_aux-sec--experiments_P": 0.0,
  "best_validation_aux-sec--experiments_R": 0.0,
  "best_validation_aux-sec--experiments_F1": 0.0,
  "best_validation_aux-sec--method_P": 0.0,
  "best_validation_aux-sec--method_R": 0.0,
  "best_validation_aux-sec--method_F1": 0.0,
  "best_validation_aux-sec--related work_P": 0.0,
  "best_validation_aux-sec--related work_R": 0.0,
  "best_validation_aux-sec--related work_F1": 0.0,
  "best_validation_aux-sec--average_F1": 0.0,
  "best_validation_aux-worth--False_P": 0.0,
  "best_validation_aux-worth--False_R": 0.0,
  "best_validation_aux-worth--False_F1": 0.0,
  "best_validation_aux-worth--True_P": 0.0,
  "best_validation_aux-worth--True_R": 0.0,
  "best_validation_aux-worth--True_F1": 0.0,
  "best_validation_aux-worth--average_F1": 0.0,
  "best_validation_loss": 1.4322403407302395,
  "test_background_P": 0.8738461538461538,
  "test_background_R": 0.8545636910732196,
  "test_background_F1": 0.8640973630831144,
  "test_method_P": 0.8444444444444444,
  "test_method_R": 0.8165289256198347,
  "test_method_F1": 0.8302521008402862,
  "test_result_P": 0.7209302325581395,
  "test_result_R": 0.8378378378378378,
  "test_result_F1": 0.7749999999999503,
  "test_average_F1": 0.8231164879744503,
  "test_aux-sec--introduction_P": 0.0,
  "test_aux-sec--introduction_R": 0.0,
  "test_aux-sec--introduction_F1": 0.0,
  "test_aux-sec--conclusion_P": 0.0,
  "test_aux-sec--conclusion_R": 0.0,
  "test_aux-sec--conclusion_F1": 0.0,
  "test_aux-sec--experiments_P": 0.0,
  "test_aux-sec--experiments_R": 0.0,
  "test_aux-sec--experiments_F1": 0.0,
  "test_aux-sec--method_P": 0.0,
  "test_aux-sec--method_R": 0.0,
  "test_aux-sec--method_F1": 0.0,
  "test_aux-sec--related work_P": 0.0,
  "test_aux-sec--related work_R": 0.0,
  "test_aux-sec--related work_F1": 0.0,
  "test_aux-sec--average_F1": 0.0,
  "test_aux-worth--False_P": 0.0,
  "test_aux-worth--False_R": 0.0,
  "test_aux-worth--False_F1": 0.0,
  "test_aux-worth--True_P": 0.0,
  "test_aux-worth--True_R": 0.0,
  "test_aux-worth--True_F1": 0.0,
  "test_aux-worth--average_F1": 0.0,
  "test_loss": 1.3317684449129186
}