{
  "training_duration": "02:10:53",
  "training_start_epoch": 0,
  "training_epochs": 7,
  "epoch": 7,
  "training_background_P": 0.9965409170052234,
  "training_background_R": 0.9970038323075137,
  "training_background_F1": 0.996772320910202,
  "training_method_P": 0.9947921736591064,
  "training_method_R": 0.9940664364573708,
  "training_method_F1": 0.9944291726469444,
  "training_result_P": 0.9952308472856418,
  "training_result_R": 0.9947261663286004,
  "training_result_F1": 0.9949784428099933,
  "training_average_F1": 0.9953933121223799,
  "training_aux-sec--introduction_P": 0.5079137738505608,
  "training_aux-sec--introduction_R": 0.7365697387875801,
  "training_aux-sec--introduction_F1": 0.6012356321838598,
  "training_aux-sec--conclusion_P": 0.523074595248903,
  "training_aux-sec--conclusion_R": 0.45492828003684693,
  "training_aux-sec--conclusion_F1": 0.48662725225220244,
  "training_aux-sec--experiments_P": 0.45051500223914015,
  "training_aux-sec--experiments_R": 0.2504980079681275,
  "training_aux-sec--experiments_F1": 0.32197151544242486,
  "training_aux-sec--method_P": 0.39655172413793105,
  "training_aux-sec--method_R": 0.25266182186919045,
  "training_aux-sec--method_F1": 0.30866109218535553,
  "training_aux-sec--related work_P": 0.49079246844609975,
  "training_aux-sec--related work_R": 0.3954651550516839,
  "training_aux-sec--related work_F1": 0.43800203120667197,
  "training_aux-sec--average_F1": 0.43129950465410294,
  "training_aux-worth--False_P": 0.93126196744854,
  "training_aux-worth--False_R": 0.9888963019443385,
  "training_aux-worth--False_F1": 0.9592141756548037,
  "training_aux-worth--True_P": 0.8946654611211573,
  "training_aux-worth--True_R": 0.5637105962780099,
  "training_aux-worth--True_F1": 0.6916356011183125,
  "training_aux-worth--average_F1": 0.825424888386558,
  "training_loss": 0.08325035023956602,
  "validation_background_P": 0.8714555765595463,
  "validation_background_R": 0.8568773234200744,
  "validation_background_F1": 0.8641049671977008,
  "validation_method_P": 0.78125,
  "validation_method_R": 0.7843137254901961,
  "validation_method_F1": 0.7827788649705959,
  "validation_result_P": 0.7251908396946565,
  "validation_result_R": 0.7723577235772358,
  "validation_result_F1": 0.7480314960629421,
  "validation_average_F1": 0.7983051094104129,
  "validation_aux-sec--introduction_P": 0.0,
  "validation_aux-sec--introduction_R": 0.0,
  "validation_aux-sec--introduction_F1": 0.0,
  "validation_aux-sec--conclusion_P": 0.0,
  "validation_aux-sec--conclusion_R": 0.0,
  "validation_aux-sec--conclusion_F1": 0.0,
  "validation_aux-sec--experiments_P": 0.0,
  "validation_aux-sec--experiments_R": 0.0,
  "validation_aux-sec--experiments_F1": 0.0,
  "validation_aux-sec--method_P": 0.0,
  "validation_aux-sec--method_R": 0.0,
  "validation_aux-sec--method_F1": 0.0,
  "validation_aux-sec--related work_P": 0.0,
  "validation_aux-sec--related work_R": 0.0,
  "validation_aux-sec--related work_F1": 0.0,
  "validation_aux-sec--average_F1": 0.0,
  "validation_aux-worth--False_P": 0.0,
  "validation_aux-worth--False_R": 0.0,
  "validation_aux-worth--False_F1": 0.0,
  "validation_aux-worth--True_P": 0.0,
  "validation_aux-worth--True_R": 0.0,
  "validation_aux-worth--True_F1": 0.0,
  "validation_aux-worth--average_F1": 0.0,
  "validation_loss": 1.6892743800156589,
  "best_epoch": 4,
  "best_validation_background_P": 0.8589065255731922,
  "best_validation_background_R": 0.9052044609665427,
  "best_validation_background_F1": 0.8814479638008551,
  "best_validation_method_P": 0.8260869565217391,
  "best_validation_method_R": 0.7450980392156863,
  "best_validation_method_F1": 0.7835051546391253,
  "best_validation_result_P": 0.8067226890756303,
  "best_validation_result_R": 0.7804878048780488,
  "best_validation_result_F1": 0.7933884297520162,
  "best_validation_average_F1": 0.8194471827306655,
  "best_validation_aux-sec--introduction_P": 0.0,
  "best_validation_aux-sec--introduction_R": 0.0,
  "best_validation_aux-sec--introduction_F1": 0.0,
  "best_validation_aux-sec--conclusion_P": 0.0,
  "best_validation_aux-sec--conclusion_R": 0.0,
  "best_validation_aux-sec--conclusion_F1": 0.0,
  "best_validation_aux-sec--experiments_P": 0.0,
  "best_validation_aux-sec--experiments_R": 0.0,
  "best_validation_aux-sec--experiments_F1": 0.0,
  "best_validation_aux-sec--method_P": 0.0,
  "best_validation_aux-sec--method_R": 0.0,
  "best_validation_aux-sec--method_F1": 0.0,
  "best_validation_aux-sec--related work_P": 0.0,
  "best_validation_aux-sec--related work_R": 0.0,
  "best_validation_aux-sec--related work_F1": 0.0,
  "best_validation_aux-sec--average_F1": 0.0,
  "best_validation_aux-worth--False_P": 0.0,
  "best_validation_aux-worth--False_R": 0.0,
  "best_validation_aux-worth--False_F1": 0.0,
  "best_validation_aux-worth--True_P": 0.0,
  "best_validation_aux-worth--True_R": 0.0,
  "best_validation_aux-worth--True_F1": 0.0,
  "best_validation_aux-worth--average_F1": 0.0,
  "best_validation_loss": 1.2815316236271335,
  "test_background_P": 0.8393194706994329,
  "test_background_R": 0.8906720160481444,
  "test_background_F1": 0.8642335766422857,
  "test_method_P": 0.8852140077821011,
  "test_method_R": 0.7520661157024794,
  "test_method_F1": 0.8132260947273856,
  "test_result_P": 0.726643598615917,
  "test_result_R": 0.8108108108108109,
  "test_result_F1": 0.7664233576641838,
  "test_average_F1": 0.8146276763446183,
  "test_aux-sec--introduction_P": 0.0,
  "test_aux-sec--introduction_R": 0.0,
  "test_aux-sec--introduction_F1": 0.0,
  "test_aux-sec--conclusion_P": 0.0,
  "test_aux-sec--conclusion_R": 0.0,
  "test_aux-sec--conclusion_F1": 0.0,
  "test_aux-sec--experiments_P": 0.0,
  "test_aux-sec--experiments_R": 0.0,
  "test_aux-sec--experiments_F1": 0.0,
  "test_aux-sec--method_P": 0.0,
  "test_aux-sec--method_R": 0.0,
  "test_aux-sec--method_F1": 0.0,
  "test_aux-sec--related work_P": 0.0,
  "test_aux-sec--related work_R": 0.0,
  "test_aux-sec--related work_F1": 0.0,
  "test_aux-sec--average_F1": 0.0,
  "test_aux-worth--False_P": 0.0,
  "test_aux-worth--False_R": 0.0,
  "test_aux-worth--False_F1": 0.0,
  "test_aux-worth--True_P": 0.0,
  "test_aux-worth--True_R": 0.0,
  "test_aux-worth--True_F1": 0.0,
  "test_aux-worth--average_F1": 0.0,
  "test_loss": 1.2387437389750118
}