{
  "training_duration": "01:19:01",
  "training_start_epoch": 0,
  "training_epochs": 7,
  "epoch": 7,
  "training_background_P": 0.995894319315256,
  "training_background_R": 0.9962409504362354,
  "training_background_F1": 0.9960676047188244,
  "training_method_P": 0.9930603069103704,
  "training_method_R": 0.9928177065520105,
  "training_method_F1": 0.9929389919127746,
  "training_result_P": 0.9951608025002521,
  "training_result_R": 0.994158525531272,
  "training_result_F1": 0.9946594115275598,
  "training_average_F1": 0.994555336053053,
  "training_aux-sec--introduction_P": 0.5323651773947647,
  "training_aux-sec--introduction_R": 0.725269309300852,
  "training_aux-sec--introduction_F1": 0.6140228000893634,
  "training_aux-sec--conclusion_P": 0.536937070176736,
  "training_aux-sec--conclusion_R": 0.47776023160942227,
  "training_aux-sec--conclusion_F1": 0.5056230632637642,
  "training_aux-sec--experiments_P": 0.4685034277583754,
  "training_aux-sec--experiments_R": 0.3006308100929615,
  "training_aux-sec--experiments_F1": 0.36624702967789363,
  "training_aux-sec--method_P": 0.4286066888806615,
  "training_aux-sec--method_R": 0.2934764238634443,
  "training_aux-sec--method_F1": 0.3483974519736689,
  "training_aux-sec--related work_P": 0.5088430361090641,
  "training_aux-sec--related work_R": 0.460486828942981,
  "training_aux-sec--related work_F1": 0.48345877822505073,
  "training_aux-sec--average_F1": 0.4635498246459481,
  "training_aux-worth--False_P": 0.9434390853335353,
  "training_aux-worth--False_R": 0.989642902528911,
  "training_aux-worth--False_F1": 0.9659888205787682,
  "training_aux-worth--True_P": 0.9124714726808968,
  "training_aux-worth--True_R": 0.645366502088872,
  "training_aux-worth--True_F1": 0.7560202435904081,
  "training_aux-worth--average_F1": 0.8610045320845882,
  "training_loss": 0.18618549033837262,
  "validation_background_P": 0.8490230905861457,
  "validation_background_R": 0.8884758364312267,
  "validation_background_F1": 0.868301544050813,
  "validation_method_P": 0.8392857142857143,
  "validation_method_R": 0.7372549019607844,
  "validation_method_F1": 0.7849686847598667,
  "validation_result_P": 0.7131782945736435,
  "validation_result_R": 0.7479674796747967,
  "validation_result_F1": 0.7301587301586802,
  "validation_average_F1": 0.7944763196564533,
  "validation_aux-sec--introduction_P": 0.0,
  "validation_aux-sec--introduction_R": 0.0,
  "validation_aux-sec--introduction_F1": 0.0,
  "validation_aux-sec--conclusion_P": 0.0,
  "validation_aux-sec--conclusion_R": 0.0,
  "validation_aux-sec--conclusion_F1": 0.0,
  "validation_aux-sec--experiments_P": 0.0,
  "validation_aux-sec--experiments_R": 0.0,
  "validation_aux-sec--experiments_F1": 0.0,
  "validation_aux-sec--method_P": 0.0,
  "validation_aux-sec--method_R": 0.0,
  "validation_aux-sec--method_F1": 0.0,
  "validation_aux-sec--related work_P": 0.0,
  "validation_aux-sec--related work_R": 0.0,
  "validation_aux-sec--related work_F1": 0.0,
  "validation_aux-sec--average_F1": 0.0,
  "validation_aux-worth--False_P": 0.0,
  "validation_aux-worth--False_R": 0.0,
  "validation_aux-worth--False_F1": 0.0,
  "validation_aux-worth--True_P": 0.0,
  "validation_aux-worth--True_R": 0.0,
  "validation_aux-worth--True_F1": 0.0,
  "validation_aux-worth--average_F1": 0.0,
  "validation_loss": 1.2926359166359078,
  "best_epoch": 4,
  "best_validation_background_P": 0.8558718861209964,
  "best_validation_background_R": 0.8940520446096655,
  "best_validation_background_F1": 0.8745454545454047,
  "best_validation_method_P": 0.8538812785388128,
  "best_validation_method_R": 0.7333333333333333,
  "best_validation_method_F1": 0.7890295358649291,
  "best_validation_result_P": 0.725925925925926,
  "best_validation_result_R": 0.7967479674796748,
  "best_validation_result_F1": 0.7596899224805703,
  "best_validation_average_F1": 0.8077549709636348,
  "best_validation_aux-sec--introduction_P": 0.0,
  "best_validation_aux-sec--introduction_R": 0.0,
  "best_validation_aux-sec--introduction_F1": 0.0,
  "best_validation_aux-sec--conclusion_P": 0.0,
  "best_validation_aux-sec--conclusion_R": 0.0,
  "best_validation_aux-sec--conclusion_F1": 0.0,
  "best_validation_aux-sec--experiments_P": 0.0,
  "best_validation_aux-sec--experiments_R": 0.0,
  "best_validation_aux-sec--experiments_F1": 0.0,
  "best_validation_aux-sec--method_P": 0.0,
  "best_validation_aux-sec--method_R": 0.0,
  "best_validation_aux-sec--method_F1": 0.0,
  "best_validation_aux-sec--related work_P": 0.0,
  "best_validation_aux-sec--related work_R": 0.0,
  "best_validation_aux-sec--related work_F1": 0.0,
  "best_validation_aux-sec--average_F1": 0.0,
  "best_validation_aux-worth--False_P": 0.0,
  "best_validation_aux-worth--False_R": 0.0,
  "best_validation_aux-worth--False_F1": 0.0,
  "best_validation_aux-worth--True_P": 0.0,
  "best_validation_aux-worth--True_R": 0.0,
  "best_validation_aux-worth--True_F1": 0.0,
  "best_validation_aux-worth--average_F1": 0.0,
  "best_validation_loss": 1.2433705309341694,
  "test_background_P": 0.8411306042884991,
  "test_background_R": 0.8655967903711134,
  "test_background_F1": 0.8531883341571423,
  "test_method_P": 0.8687258687258688,
  "test_method_R": 0.743801652892562,
  "test_method_F1": 0.8014247551201641,
  "test_result_P": 0.6908517350157729,
  "test_result_R": 0.8455598455598455,
  "test_result_F1": 0.7604166666666172,
  "test_average_F1": 0.8050099186479746,
  "test_aux-sec--introduction_P": 0.0,
  "test_aux-sec--introduction_R": 0.0,
  "test_aux-sec--introduction_F1": 0.0,
  "test_aux-sec--conclusion_P": 0.0,
  "test_aux-sec--conclusion_R": 0.0,
  "test_aux-sec--conclusion_F1": 0.0,
  "test_aux-sec--experiments_P": 0.0,
  "test_aux-sec--experiments_R": 0.0,
  "test_aux-sec--experiments_F1": 0.0,
  "test_aux-sec--method_P": 0.0,
  "test_aux-sec--method_R": 0.0,
  "test_aux-sec--method_F1": 0.0,
  "test_aux-sec--related work_P": 0.0,
  "test_aux-sec--related work_R": 0.0,
  "test_aux-sec--related work_F1": 0.0,
  "test_aux-sec--average_F1": 0.0,
  "test_aux-worth--False_P": 0.0,
  "test_aux-worth--False_R": 0.0,
  "test_aux-worth--False_F1": 0.0,
  "test_aux-worth--True_P": 0.0,
  "test_aux-worth--True_R": 0.0,
  "test_aux-worth--True_F1": 0.0,
  "test_aux-worth--average_F1": 0.0,
  "test_loss": 1.187432512893515
}