{
  "training_duration": "01:09:13",
  "training_start_epoch": 0,
  "training_epochs": 6,
  "epoch": 6,
  "training_background_P": 0.9962402525064983,
  "training_background_R": 0.996471516783509,
  "training_background_F1": 0.9963558712252594,
  "training_method_P": 0.9937682570593963,
  "training_method_R": 0.993381350983064,
  "training_method_F1": 0.9935747663550902,
  "training_result_P": 0.9934103811841039,
  "training_result_R": 0.9932090006081492,
  "training_result_F1": 0.9933096806892556,
  "training_average_F1": 0.9944134394232017,
  "training_aux-sec--introduction_P": 0.5219188787214197,
  "training_aux-sec--introduction_R": 0.7288600999788777,
  "training_aux-sec--introduction_F1": 0.6082702901211413,
  "training_aux-sec--conclusion_P": 0.5312902981112039,
  "training_aux-sec--conclusion_R": 0.4608501118568233,
  "training_aux-sec--conclusion_F1": 0.49356964166162537,
  "training_aux-sec--experiments_P": 0.4569615232050773,
  "training_aux-sec--experiments_R": 0.2868525896414343,
  "training_aux-sec--experiments_F1": 0.3524552547039453,
  "training_aux-sec--method_P": 0.4190967741935484,
  "training_aux-sec--method_R": 0.27446341051208384,
  "training_aux-sec--method_F1": 0.3316993464051809,
  "training_aux-sec--related work_P": 0.4955818762925362,
  "training_aux-sec--related work_R": 0.43947982660886964,
  "training_aux-sec--related work_F1": 0.4658478395333954,
  "training_aux-sec--average_F1": 0.4503684744850577,
  "training_aux-worth--False_P": 0.9406221685291453,
  "training_aux-worth--False_R": 0.9894522811030626,
  "training_aux-worth--False_F1": 0.9644195336450125,
  "training_aux-worth--True_P": 0.9085903083700441,
  "training_aux-worth--True_R": 0.6266616027345233,
  "training_aux-worth--True_F1": 0.7417397167902416,
  "training_aux-worth--average_F1": 0.8530796252176271,
  "training_loss": 0.19004677562063343,
  "validation_background_P": 0.8470790378006873,
  "validation_background_R": 0.9163568773234201,
  "validation_background_F1": 0.8803571428570929,
  "validation_method_P": 0.8260869565217391,
  "validation_method_R": 0.7450980392156863,
  "validation_method_F1": 0.7835051546391253,
  "validation_result_P": 0.8269230769230769,
  "validation_result_R": 0.6991869918699187,
  "validation_result_F1": 0.757709251101272,
  "validation_average_F1": 0.8071905161991634,
  "validation_aux-sec--introduction_P": 0.0,
  "validation_aux-sec--introduction_R": 0.0,
  "validation_aux-sec--introduction_F1": 0.0,
  "validation_aux-sec--conclusion_P": 0.0,
  "validation_aux-sec--conclusion_R": 0.0,
  "validation_aux-sec--conclusion_F1": 0.0,
  "validation_aux-sec--experiments_P": 0.0,
  "validation_aux-sec--experiments_R": 0.0,
  "validation_aux-sec--experiments_F1": 0.0,
  "validation_aux-sec--method_P": 0.0,
  "validation_aux-sec--method_R": 0.0,
  "validation_aux-sec--method_F1": 0.0,
  "validation_aux-sec--related work_P": 0.0,
  "validation_aux-sec--related work_R": 0.0,
  "validation_aux-sec--related work_F1": 0.0,
  "validation_aux-sec--average_F1": 0.0,
  "validation_aux-worth--False_P": 0.0,
  "validation_aux-worth--False_R": 0.0,
  "validation_aux-worth--False_F1": 0.0,
  "validation_aux-worth--True_P": 0.0,
  "validation_aux-worth--True_R": 0.0,
  "validation_aux-worth--True_F1": 0.0,
  "validation_aux-worth--average_F1": 0.0,
  "validation_loss": 1.4857408558500225,
  "best_epoch": 4,
  "best_validation_background_P": 0.8558718861209964,
  "best_validation_background_R": 0.8940520446096655,
  "best_validation_background_F1": 0.8745454545454047,
  "best_validation_method_P": 0.8538812785388128,
  "best_validation_method_R": 0.7333333333333333,
  "best_validation_method_F1": 0.7890295358649291,
  "best_validation_result_P": 0.725925925925926,
  "best_validation_result_R": 0.7967479674796748,
  "best_validation_result_F1": 0.7596899224805703,
  "best_validation_average_F1": 0.8077549709636348,
  "best_validation_aux-sec--introduction_P": 0.0,
  "best_validation_aux-sec--introduction_R": 0.0,
  "best_validation_aux-sec--introduction_F1": 0.0,
  "best_validation_aux-sec--conclusion_P": 0.0,
  "best_validation_aux-sec--conclusion_R": 0.0,
  "best_validation_aux-sec--conclusion_F1": 0.0,
  "best_validation_aux-sec--experiments_P": 0.0,
  "best_validation_aux-sec--experiments_R": 0.0,
  "best_validation_aux-sec--experiments_F1": 0.0,
  "best_validation_aux-sec--method_P": 0.0,
  "best_validation_aux-sec--method_R": 0.0,
  "best_validation_aux-sec--method_F1": 0.0,
  "best_validation_aux-sec--related work_P": 0.0,
  "best_validation_aux-sec--related work_R": 0.0,
  "best_validation_aux-sec--related work_F1": 0.0,
  "best_validation_aux-sec--average_F1": 0.0,
  "best_validation_aux-worth--False_P": 0.0,
  "best_validation_aux-worth--False_R": 0.0,
  "best_validation_aux-worth--False_F1": 0.0,
  "best_validation_aux-worth--True_P": 0.0,
  "best_validation_aux-worth--True_R": 0.0,
  "best_validation_aux-worth--True_F1": 0.0,
  "best_validation_aux-worth--average_F1": 0.0,
  "best_validation_loss": 1.2433705309341694
}