{
  "training_duration": "00:39:46",
  "training_start_epoch": 0,
  "training_epochs": 3,
  "epoch": 3,
  "training_background_P": 0.9868210770121598,
  "training_background_R": 0.9882631285952866,
  "training_background_F1": 0.9875415763671895,
  "training_method_P": 0.981226410470075,
  "training_method_R": 0.9779666813229763,
  "training_method_F1": 0.9795938341080977,
  "training_result_P": 0.9783178701089149,
  "training_result_R": 0.9788114216527091,
  "training_result_F1": 0.9785645836485102,
  "training_average_F1": 0.9818999980412659,
  "training_aux-sec--introduction_P": 0.49797907750832143,
  "training_aux-sec--introduction_R": 0.737344223051468,
  "training_aux-sec--introduction_F1": 0.5944710924416968,
  "training_aux-sec--conclusion_P": 0.505927587311759,
  "training_aux-sec--conclusion_R": 0.41558099749967103,
  "training_aux-sec--conclusion_F1": 0.45632541001367777,
  "training_aux-sec--experiments_P": 0.42936126873272223,
  "training_aux-sec--experiments_R": 0.24493691899070386,
  "training_aux-sec--experiments_F1": 0.31192854500286055,
  "training_aux-sec--method_P": 0.386001386001386,
  "training_aux-sec--method_R": 0.23533885414906203,
  "training_aux-sec--method_F1": 0.2924038007244004,
  "training_aux-sec--related work_P": 0.4558944765045342,
  "training_aux-sec--related work_R": 0.3687895965321774,
  "training_aux-sec--related work_F1": 0.40774193548382154,
  "training_aux-sec--average_F1": 0.41257415673329145,
  "training_aux-worth--False_P": 0.934767595484026,
  "training_aux-worth--False_R": 0.9890551531325454,
  "training_aux-worth--False_F1": 0.961145415251571,
  "training_aux-worth--True_P": 0.8997963932518906,
  "training_aux-worth--True_R": 0.5874477781997721,
  "training_aux-worth--True_F1": 0.7108226102940699,
  "training_aux-worth--average_F1": 0.8359840127728204,
  "training_loss": 0.231278467166019,
  "validation_background_P": 0.8540145985401459,
  "validation_background_R": 0.8698884758364313,
  "validation_background_F1": 0.8618784530386241,
  "validation_method_P": 0.7777777777777778,
  "validation_method_R": 0.7686274509803922,
  "validation_method_F1": 0.7731755424062617,
  "validation_result_P": 0.8017241379310345,
  "validation_result_R": 0.7560975609756098,
  "validation_result_F1": 0.778242677824218,
  "validation_average_F1": 0.8044322244230345,
  "validation_aux-sec--introduction_P": 0.0,
  "validation_aux-sec--introduction_R": 0.0,
  "validation_aux-sec--introduction_F1": 0.0,
  "validation_aux-sec--conclusion_P": 0.0,
  "validation_aux-sec--conclusion_R": 0.0,
  "validation_aux-sec--conclusion_F1": 0.0,
  "validation_aux-sec--experiments_P": 0.0,
  "validation_aux-sec--experiments_R": 0.0,
  "validation_aux-sec--experiments_F1": 0.0,
  "validation_aux-sec--method_P": 0.0,
  "validation_aux-sec--method_R": 0.0,
  "validation_aux-sec--method_F1": 0.0,
  "validation_aux-sec--related work_P": 0.0,
  "validation_aux-sec--related work_R": 0.0,
  "validation_aux-sec--related work_F1": 0.0,
  "validation_aux-sec--average_F1": 0.0,
  "validation_aux-worth--False_P": 0.0,
  "validation_aux-worth--False_R": 0.0,
  "validation_aux-worth--False_F1": 0.0,
  "validation_aux-worth--True_P": 0.0,
  "validation_aux-worth--True_R": 0.0,
  "validation_aux-worth--True_F1": 0.0,
  "validation_aux-worth--average_F1": 0.0,
  "validation_loss": 1.0943820106572117,
  "best_epoch": 3,
  "best_validation_background_P": 0.8540145985401459,
  "best_validation_background_R": 0.8698884758364313,
  "best_validation_background_F1": 0.8618784530386241,
  "best_validation_method_P": 0.7777777777777778,
  "best_validation_method_R": 0.7686274509803922,
  "best_validation_method_F1": 0.7731755424062617,
  "best_validation_result_P": 0.8017241379310345,
  "best_validation_result_R": 0.7560975609756098,
  "best_validation_result_F1": 0.778242677824218,
  "best_validation_average_F1": 0.8044322244230345,
  "best_validation_aux-sec--introduction_P": 0.0,
  "best_validation_aux-sec--introduction_R": 0.0,
  "best_validation_aux-sec--introduction_F1": 0.0,
  "best_validation_aux-sec--conclusion_P": 0.0,
  "best_validation_aux-sec--conclusion_R": 0.0,
  "best_validation_aux-sec--conclusion_F1": 0.0,
  "best_validation_aux-sec--experiments_P": 0.0,
  "best_validation_aux-sec--experiments_R": 0.0,
  "best_validation_aux-sec--experiments_F1": 0.0,
  "best_validation_aux-sec--method_P": 0.0,
  "best_validation_aux-sec--method_R": 0.0,
  "best_validation_aux-sec--method_F1": 0.0,
  "best_validation_aux-sec--related work_P": 0.0,
  "best_validation_aux-sec--related work_R": 0.0,
  "best_validation_aux-sec--related work_F1": 0.0,
  "best_validation_aux-sec--average_F1": 0.0,
  "best_validation_aux-worth--False_P": 0.0,
  "best_validation_aux-worth--False_R": 0.0,
  "best_validation_aux-worth--False_F1": 0.0,
  "best_validation_aux-worth--True_P": 0.0,
  "best_validation_aux-worth--True_R": 0.0,
  "best_validation_aux-worth--True_F1": 0.0,
  "best_validation_aux-worth--average_F1": 0.0,
  "best_validation_loss": 1.0943820106572117
}