{
  "training_duration": "00:49:35",
  "training_start_epoch": 0,
  "training_epochs": 4,
  "epoch": 4,
  "training_background_P": 0.9915723183070547,
  "training_background_R": 0.9928596267532166,
  "training_background_F1": 0.992215554989177,
  "training_method_P": 0.9874333773409614,
  "training_method_R": 0.986468662986664,
  "training_method_F1": 0.9869507844190888,
  "training_result_P": 0.9901522842639594,
  "training_result_R": 0.9865466316002428,
  "training_result_F1": 0.9883461694365128,
  "training_average_F1": 0.9891708362815929,
  "training_aux-sec--introduction_P": 0.5054768119831182,
  "training_aux-sec--introduction_R": 0.7294233612617053,
  "training_aux-sec--introduction_F1": 0.5971439687594081,
  "training_aux-sec--conclusion_P": 0.515828968967404,
  "training_aux-sec--conclusion_R": 0.43420186866692984,
  "training_aux-sec--conclusion_F1": 0.4715086992247012,
  "training_aux-sec--experiments_P": 0.43710381743907595,
  "training_aux-sec--experiments_R": 0.2575531208499336,
  "training_aux-sec--experiments_F1": 0.3241238836370766,
  "training_aux-sec--method_P": 0.39936524728907696,
  "training_aux-sec--method_R": 0.25519689031603854,
  "training_aux-sec--method_F1": 0.3114044132810413,
  "training_aux-sec--related work_P": 0.462988688231792,
  "training_aux-sec--related work_R": 0.38896298766255416,
  "training_aux-sec--related work_F1": 0.4227598079187689,
  "training_aux-sec--average_F1": 0.4253881545641992,
  "training_aux-worth--False_P": 0.9374633133155732,
  "training_aux-worth--False_R": 0.9894205108654213,
  "training_aux-worth--False_F1": 0.962741415687043,
  "training_aux-worth--True_P": 0.9054380235695016,
  "training_aux-worth--True_R": 0.6054880364603115,
  "training_aux-worth--True_F1": 0.7256899004266946,
  "training_aux-worth--average_F1": 0.8442156580568687,
  "training_loss": 0.2098545376689838,
  "validation_background_P": 0.8558718861209964,
  "validation_background_R": 0.8940520446096655,
  "validation_background_F1": 0.8745454545454047,
  "validation_method_P": 0.8538812785388128,
  "validation_method_R": 0.7333333333333333,
  "validation_method_F1": 0.7890295358649291,
  "validation_result_P": 0.725925925925926,
  "validation_result_R": 0.7967479674796748,
  "validation_result_F1": 0.7596899224805703,
  "validation_average_F1": 0.8077549709636348,
  "validation_aux-sec--introduction_P": 0.0,
  "validation_aux-sec--introduction_R": 0.0,
  "validation_aux-sec--introduction_F1": 0.0,
  "validation_aux-sec--conclusion_P": 0.0,
  "validation_aux-sec--conclusion_R": 0.0,
  "validation_aux-sec--conclusion_F1": 0.0,
  "validation_aux-sec--experiments_P": 0.0,
  "validation_aux-sec--experiments_R": 0.0,
  "validation_aux-sec--experiments_F1": 0.0,
  "validation_aux-sec--method_P": 0.0,
  "validation_aux-sec--method_R": 0.0,
  "validation_aux-sec--method_F1": 0.0,
  "validation_aux-sec--related work_P": 0.0,
  "validation_aux-sec--related work_R": 0.0,
  "validation_aux-sec--related work_F1": 0.0,
  "validation_aux-sec--average_F1": 0.0,
  "validation_aux-worth--False_P": 0.0,
  "validation_aux-worth--False_R": 0.0,
  "validation_aux-worth--False_F1": 0.0,
  "validation_aux-worth--True_P": 0.0,
  "validation_aux-worth--True_R": 0.0,
  "validation_aux-worth--True_F1": 0.0,
  "validation_aux-worth--average_F1": 0.0,
  "validation_loss": 1.2433705309341694,
  "best_epoch": 4,
  "best_validation_background_P": 0.8558718861209964,
  "best_validation_background_R": 0.8940520446096655,
  "best_validation_background_F1": 0.8745454545454047,
  "best_validation_method_P": 0.8538812785388128,
  "best_validation_method_R": 0.7333333333333333,
  "best_validation_method_F1": 0.7890295358649291,
  "best_validation_result_P": 0.725925925925926,
  "best_validation_result_R": 0.7967479674796748,
  "best_validation_result_F1": 0.7596899224805703,
  "best_validation_average_F1": 0.8077549709636348,
  "best_validation_aux-sec--introduction_P": 0.0,
  "best_validation_aux-sec--introduction_R": 0.0,
  "best_validation_aux-sec--introduction_F1": 0.0,
  "best_validation_aux-sec--conclusion_P": 0.0,
  "best_validation_aux-sec--conclusion_R": 0.0,
  "best_validation_aux-sec--conclusion_F1": 0.0,
  "best_validation_aux-sec--experiments_P": 0.0,
  "best_validation_aux-sec--experiments_R": 0.0,
  "best_validation_aux-sec--experiments_F1": 0.0,
  "best_validation_aux-sec--method_P": 0.0,
  "best_validation_aux-sec--method_R": 0.0,
  "best_validation_aux-sec--method_F1": 0.0,
  "best_validation_aux-sec--related work_P": 0.0,
  "best_validation_aux-sec--related work_R": 0.0,
  "best_validation_aux-sec--related work_F1": 0.0,
  "best_validation_aux-sec--average_F1": 0.0,
  "best_validation_aux-worth--False_P": 0.0,
  "best_validation_aux-worth--False_R": 0.0,
  "best_validation_aux-worth--False_F1": 0.0,
  "best_validation_aux-worth--True_P": 0.0,
  "best_validation_aux-worth--True_R": 0.0,
  "best_validation_aux-worth--True_F1": 0.0,
  "best_validation_aux-worth--average_F1": 0.0,
  "best_validation_loss": 1.2433705309341694
}