{
  "training_duration": "00:59:25",
  "training_start_epoch": 0,
  "training_epochs": 5,
  "epoch": 5,
  "training_background_P": 0.9941342854493184,
  "training_background_R": 0.9947108358271278,
  "training_background_F1": 0.9944224770694894,
  "training_method_P": 0.9915547961923359,
  "training_method_R": 0.9900565412361084,
  "training_method_F1": 0.9908051023145278,
  "training_result_P": 0.990379746835443,
  "training_result_R": 0.990981862397406,
  "training_result_F1": 0.9906807131279889,
  "training_average_F1": 0.9919694308373354,
  "training_aux-sec--introduction_P": 0.5138394966551442,
  "training_aux-sec--introduction_R": 0.7273815391114553,
  "training_aux-sec--introduction_F1": 0.6022414270515569,
  "training_aux-sec--conclusion_P": 0.5223664122137405,
  "training_aux-sec--conclusion_R": 0.45025661271219897,
  "training_aux-sec--conclusion_F1": 0.4836384196762525,
  "training_aux-sec--experiments_P": 0.4493541808293678,
  "training_aux-sec--experiments_R": 0.27431938911022574,
  "training_aux-sec--experiments_F1": 0.3406689687161308,
  "training_aux-sec--method_P": 0.4104497010657655,
  "training_aux-sec--method_R": 0.26685820517153963,
  "training_aux-sec--method_F1": 0.3234330192543562,
  "training_aux-sec--related work_P": 0.4822404371584699,
  "training_aux-sec--related work_R": 0.41197065688562856,
  "training_aux-sec--related work_F1": 0.4443445423484488,
  "training_aux-sec--average_F1": 0.43886527540934905,
  "training_aux-worth--False_P": 0.9387742791651587,
  "training_aux-worth--False_R": 0.9888804168255179,
  "training_aux-worth--False_F1": 0.963176135660304,
  "training_aux-worth--True_P": 0.9023982152816509,
  "training_aux-worth--True_R": 0.6145081655905811,
  "training_aux-worth--True_F1": 0.7311342069588311,
  "training_aux-worth--average_F1": 0.8471551713095675,
  "training_loss": 0.20058445286039794,
  "validation_background_P": 0.8576576576576577,
  "validation_background_R": 0.8847583643122676,
  "validation_background_F1": 0.8709972552607002,
  "validation_method_P": 0.7991967871485943,
  "validation_method_R": 0.7803921568627451,
  "validation_method_F1": 0.7896825396824897,
  "validation_result_P": 0.7857142857142857,
  "validation_result_R": 0.7154471544715447,
  "validation_result_F1": 0.7489361702127162,
  "validation_average_F1": 0.8032053217186353,
  "validation_aux-sec--introduction_P": 0.0,
  "validation_aux-sec--introduction_R": 0.0,
  "validation_aux-sec--introduction_F1": 0.0,
  "validation_aux-sec--conclusion_P": 0.0,
  "validation_aux-sec--conclusion_R": 0.0,
  "validation_aux-sec--conclusion_F1": 0.0,
  "validation_aux-sec--experiments_P": 0.0,
  "validation_aux-sec--experiments_R": 0.0,
  "validation_aux-sec--experiments_F1": 0.0,
  "validation_aux-sec--method_P": 0.0,
  "validation_aux-sec--method_R": 0.0,
  "validation_aux-sec--method_F1": 0.0,
  "validation_aux-sec--related work_P": 0.0,
  "validation_aux-sec--related work_R": 0.0,
  "validation_aux-sec--related work_F1": 0.0,
  "validation_aux-sec--average_F1": 0.0,
  "validation_aux-worth--False_P": 0.0,
  "validation_aux-worth--False_R": 0.0,
  "validation_aux-worth--False_F1": 0.0,
  "validation_aux-worth--True_P": 0.0,
  "validation_aux-worth--True_R": 0.0,
  "validation_aux-worth--True_F1": 0.0,
  "validation_aux-worth--average_F1": 0.0,
  "validation_loss": 1.171823177872033,
  "best_epoch": 4,
  "best_validation_background_P": 0.8558718861209964,
  "best_validation_background_R": 0.8940520446096655,
  "best_validation_background_F1": 0.8745454545454047,
  "best_validation_method_P": 0.8538812785388128,
  "best_validation_method_R": 0.7333333333333333,
  "best_validation_method_F1": 0.7890295358649291,
  "best_validation_result_P": 0.725925925925926,
  "best_validation_result_R": 0.7967479674796748,
  "best_validation_result_F1": 0.7596899224805703,
  "best_validation_average_F1": 0.8077549709636348,
  "best_validation_aux-sec--introduction_P": 0.0,
  "best_validation_aux-sec--introduction_R": 0.0,
  "best_validation_aux-sec--introduction_F1": 0.0,
  "best_validation_aux-sec--conclusion_P": 0.0,
  "best_validation_aux-sec--conclusion_R": 0.0,
  "best_validation_aux-sec--conclusion_F1": 0.0,
  "best_validation_aux-sec--experiments_P": 0.0,
  "best_validation_aux-sec--experiments_R": 0.0,
  "best_validation_aux-sec--experiments_F1": 0.0,
  "best_validation_aux-sec--method_P": 0.0,
  "best_validation_aux-sec--method_R": 0.0,
  "best_validation_aux-sec--method_F1": 0.0,
  "best_validation_aux-sec--related work_P": 0.0,
  "best_validation_aux-sec--related work_R": 0.0,
  "best_validation_aux-sec--related work_F1": 0.0,
  "best_validation_aux-sec--average_F1": 0.0,
  "best_validation_aux-worth--False_P": 0.0,
  "best_validation_aux-worth--False_R": 0.0,
  "best_validation_aux-worth--False_F1": 0.0,
  "best_validation_aux-worth--True_P": 0.0,
  "best_validation_aux-worth--True_R": 0.0,
  "best_validation_aux-worth--True_F1": 0.0,
  "best_validation_aux-worth--average_F1": 0.0,
  "best_validation_loss": 1.2433705309341694
}