{
  "training_duration": "00:10:14",
  "training_start_epoch": 0,
  "training_epochs": 0,
  "epoch": 0,
  "training_background_P": 0.8825669642857142,
  "training_background_R": 0.9160179779445834,
  "training_background_F1": 0.8989814014823746,
  "training_method_P": 0.8422330097087378,
  "training_method_R": 0.7960269426005466,
  "training_method_F1": 0.8184783699688348,
  "training_result_P": 0.855917667238422,
  "training_result_R": 0.8113821138211382,
  "training_result_F1": 0.8330550918196495,
  "training_average_F1": 0.8501716210902863,
  "training_aux-sec--introduction_P": 0.4512460037708009,
  "training_aux-sec--introduction_R": 0.7751531366612687,
  "training_aux-sec--introduction_F1": 0.5704256366414913,
  "training_aux-sec--conclusion_P": 0.48223600039366205,
  "training_aux-sec--conclusion_R": 0.3224108435320437,
  "training_aux-sec--conclusion_F1": 0.38645056981737375,
  "training_aux-sec--experiments_P": 0.37754029432375613,
  "training_aux-sec--experiments_R": 0.17886786188579018,
  "training_aux-sec--experiments_F1": 0.24273485019144095,
  "training_aux-sec--method_P": 0.32848308475809385,
  "training_aux-sec--method_R": 0.1526111205002535,
  "training_aux-sec--method_F1": 0.20840064620351081,
  "training_aux-sec--related work_P": 0.3408611863896417,
  "training_aux-sec--related work_R": 0.1887295765255085,
  "training_aux-sec--related work_F1": 0.24294452194436877,
  "training_aux-sec--average_F1": 0.33019124495963714,
  "training_aux-worth--False_P": 0.9111990118518954,
  "training_aux-worth--False_R": 0.9843531579616216,
  "training_aux-worth--False_F1": 0.9463644832693954,
  "training_aux-worth--True_P": 0.8201898503103322,
  "training_aux-worth--True_R": 0.4266046334979111,
  "training_aux-worth--True_F1": 0.5612742036226909,
  "training_aux-worth--average_F1": 0.7538193434460432,
  "training_loss": 0.562183256733402,
  "validation_background_P": 0.8626373626373627,
  "validation_background_R": 0.8754646840148699,
  "validation_background_F1": 0.8690036900368504,
  "validation_method_P": 0.8181818181818182,
  "validation_method_R": 0.7764705882352941,
  "validation_method_F1": 0.7967806841045779,
  "validation_result_P": 0.7265625,
  "validation_result_R": 0.7560975609756098,
  "validation_result_F1": 0.7410358565736552,
  "validation_average_F1": 0.8022734102383612,
  "validation_aux-sec--introduction_P": 0.0,
  "validation_aux-sec--introduction_R": 0.0,
  "validation_aux-sec--introduction_F1": 0.0,
  "validation_aux-sec--conclusion_P": 0.0,
  "validation_aux-sec--conclusion_R": 0.0,
  "validation_aux-sec--conclusion_F1": 0.0,
  "validation_aux-sec--experiments_P": 0.0,
  "validation_aux-sec--experiments_R": 0.0,
  "validation_aux-sec--experiments_F1": 0.0,
  "validation_aux-sec--method_P": 0.0,
  "validation_aux-sec--method_R": 0.0,
  "validation_aux-sec--method_F1": 0.0,
  "validation_aux-sec--related work_P": 0.0,
  "validation_aux-sec--related work_R": 0.0,
  "validation_aux-sec--related work_F1": 0.0,
  "validation_aux-sec--average_F1": 0.0,
  "validation_aux-worth--False_P": 0.0,
  "validation_aux-worth--False_R": 0.0,
  "validation_aux-worth--False_F1": 0.0,
  "validation_aux-worth--True_P": 0.0,
  "validation_aux-worth--True_R": 0.0,
  "validation_aux-worth--True_F1": 0.0,
  "validation_aux-worth--average_F1": 0.0,
  "validation_loss": 0.5187741654186413,
  "best_epoch": 0,
  "best_validation_background_P": 0.8626373626373627,
  "best_validation_background_R": 0.8754646840148699,
  "best_validation_background_F1": 0.8690036900368504,
  "best_validation_method_P": 0.8181818181818182,
  "best_validation_method_R": 0.7764705882352941,
  "best_validation_method_F1": 0.7967806841045779,
  "best_validation_result_P": 0.7265625,
  "best_validation_result_R": 0.7560975609756098,
  "best_validation_result_F1": 0.7410358565736552,
  "best_validation_average_F1": 0.8022734102383612,
  "best_validation_aux-sec--introduction_P": 0.0,
  "best_validation_aux-sec--introduction_R": 0.0,
  "best_validation_aux-sec--introduction_F1": 0.0,
  "best_validation_aux-sec--conclusion_P": 0.0,
  "best_validation_aux-sec--conclusion_R": 0.0,
  "best_validation_aux-sec--conclusion_F1": 0.0,
  "best_validation_aux-sec--experiments_P": 0.0,
  "best_validation_aux-sec--experiments_R": 0.0,
  "best_validation_aux-sec--experiments_F1": 0.0,
  "best_validation_aux-sec--method_P": 0.0,
  "best_validation_aux-sec--method_R": 0.0,
  "best_validation_aux-sec--method_F1": 0.0,
  "best_validation_aux-sec--related work_P": 0.0,
  "best_validation_aux-sec--related work_R": 0.0,
  "best_validation_aux-sec--related work_F1": 0.0,
  "best_validation_aux-sec--average_F1": 0.0,
  "best_validation_aux-worth--False_P": 0.0,
  "best_validation_aux-worth--False_R": 0.0,
  "best_validation_aux-worth--False_F1": 0.0,
  "best_validation_aux-worth--True_P": 0.0,
  "best_validation_aux-worth--True_R": 0.0,
  "best_validation_aux-worth--True_F1": 0.0,
  "best_validation_aux-worth--average_F1": 0.0,
  "best_validation_loss": 0.5187741654186413
}