{
  "training_duration": "00:20:04",
  "training_start_epoch": 0,
  "training_epochs": 1,
  "epoch": 1,
  "training_background_P": 0.9455024636186548,
  "training_background_R": 0.9587961887055543,
  "training_background_F1": 0.9521029250562011,
  "training_method_P": 0.9255053031819092,
  "training_method_R": 0.9012032932235592,
  "training_method_F1": 0.9131926446994441,
  "training_result_P": 0.9334279055628737,
  "training_result_R": 0.9272269753397081,
  "training_result_F1": 0.9303171076549693,
  "training_average_F1": 0.9318708924702048,
  "training_aux-sec--introduction_P": 0.472779883807003,
  "training_aux-sec--introduction_R": 0.7419911286347954,
  "training_aux-sec--introduction_F1": 0.5775549070381921,
  "training_aux-sec--conclusion_P": 0.4904936333507762,
  "training_aux-sec--conclusion_R": 0.3700486906171865,
  "training_aux-sec--conclusion_F1": 0.42184218421837283,
  "training_aux-sec--experiments_P": 0.404914697135702,
  "training_aux-sec--experiments_R": 0.21472443559096946,
  "training_aux-sec--experiments_F1": 0.28063133915491484,
  "training_aux-sec--method_P": 0.36959761549925485,
  "training_aux-sec--method_R": 0.20956565827277338,
  "training_aux-sec--method_F1": 0.2674719585849408,
  "training_aux-sec--related work_P": 0.4001844167819272,
  "training_aux-sec--related work_R": 0.2894298099366455,
  "training_aux-sec--related work_F1": 0.3359133126934497,
  "training_aux-sec--average_F1": 0.37668274033797405,
  "training_aux-worth--False_P": 0.9263278722738182,
  "training_aux-worth--False_R": 0.9870853983987801,
  "training_aux-worth--False_F1": 0.9557420039527927,
  "training_aux-worth--True_P": 0.8730282679993753,
  "training_aux-worth--True_R": 0.5307633877706038,
  "training_aux-worth--True_F1": 0.6601712429878478,
  "training_aux-worth--average_F1": 0.8079566234703203,
  "training_loss": 0.3689032007182324,
  "validation_background_P": 0.8822355289421158,
  "validation_background_R": 0.8215613382899628,
  "validation_background_F1": 0.850818094321413,
  "validation_method_P": 0.7402135231316725,
  "validation_method_R": 0.8156862745098039,
  "validation_method_F1": 0.7761194029850248,
  "validation_result_P": 0.7238805970149254,
  "validation_result_R": 0.7886178861788617,
  "validation_result_F1": 0.7548638132295221,
  "validation_average_F1": 0.7939337701786533,
  "validation_aux-sec--introduction_P": 0.0,
  "validation_aux-sec--introduction_R": 0.0,
  "validation_aux-sec--introduction_F1": 0.0,
  "validation_aux-sec--conclusion_P": 0.0,
  "validation_aux-sec--conclusion_R": 0.0,
  "validation_aux-sec--conclusion_F1": 0.0,
  "validation_aux-sec--experiments_P": 0.0,
  "validation_aux-sec--experiments_R": 0.0,
  "validation_aux-sec--experiments_F1": 0.0,
  "validation_aux-sec--method_P": 0.0,
  "validation_aux-sec--method_R": 0.0,
  "validation_aux-sec--method_F1": 0.0,
  "validation_aux-sec--related work_P": 0.0,
  "validation_aux-sec--related work_R": 0.0,
  "validation_aux-sec--related work_F1": 0.0,
  "validation_aux-sec--average_F1": 0.0,
  "validation_aux-worth--False_P": 0.0,
  "validation_aux-worth--False_R": 0.0,
  "validation_aux-worth--False_F1": 0.0,
  "validation_aux-worth--True_P": 0.0,
  "validation_aux-worth--True_R": 0.0,
  "validation_aux-worth--True_F1": 0.0,
  "validation_aux-worth--average_F1": 0.0,
  "validation_loss": 0.6763446300194181,
  "best_epoch": 0,
  "best_validation_background_P": 0.8626373626373627,
  "best_validation_background_R": 0.8754646840148699,
  "best_validation_background_F1": 0.8690036900368504,
  "best_validation_method_P": 0.8181818181818182,
  "best_validation_method_R": 0.7764705882352941,
  "best_validation_method_F1": 0.7967806841045779,
  "best_validation_result_P": 0.7265625,
  "best_validation_result_R": 0.7560975609756098,
  "best_validation_result_F1": 0.7410358565736552,
  "best_validation_average_F1": 0.8022734102383612,
  "best_validation_aux-sec--introduction_P": 0.0,
  "best_validation_aux-sec--introduction_R": 0.0,
  "best_validation_aux-sec--introduction_F1": 0.0,
  "best_validation_aux-sec--conclusion_P": 0.0,
  "best_validation_aux-sec--conclusion_R": 0.0,
  "best_validation_aux-sec--conclusion_F1": 0.0,
  "best_validation_aux-sec--experiments_P": 0.0,
  "best_validation_aux-sec--experiments_R": 0.0,
  "best_validation_aux-sec--experiments_F1": 0.0,
  "best_validation_aux-sec--method_P": 0.0,
  "best_validation_aux-sec--method_R": 0.0,
  "best_validation_aux-sec--method_F1": 0.0,
  "best_validation_aux-sec--related work_P": 0.0,
  "best_validation_aux-sec--related work_R": 0.0,
  "best_validation_aux-sec--related work_F1": 0.0,
  "best_validation_aux-sec--average_F1": 0.0,
  "best_validation_aux-worth--False_P": 0.0,
  "best_validation_aux-worth--False_R": 0.0,
  "best_validation_aux-worth--False_F1": 0.0,
  "best_validation_aux-worth--True_P": 0.0,
  "best_validation_aux-worth--True_R": 0.0,
  "best_validation_aux-worth--True_F1": 0.0,
  "best_validation_aux-worth--average_F1": 0.0,
  "best_validation_loss": 0.5187741654186413
}