{
  "training_duration": "00:29:56",
  "training_start_epoch": 0,
  "training_epochs": 2,
  "epoch": 2,
  "training_background_P": 0.9743127743127743,
  "training_background_R": 0.9797900018583906,
  "training_background_F1": 0.9770437119228577,
  "training_method_P": 0.9651824244801883,
  "training_method_R": 0.9557152568709333,
  "training_method_F1": 0.9604255111500989,
  "training_result_P": 0.9661569826707441,
  "training_result_R": 0.962233502538071,
  "training_result_F1": 0.9641912512715676,
  "training_average_F1": 0.9672201581148414,
  "training_aux-sec--introduction_P": 0.48684787880187524,
  "training_aux-sec--introduction_R": 0.7421319439555023,
  "training_aux-sec--introduction_F1": 0.5879760692818912,
  "training_aux-sec--conclusion_P": 0.5002913510363772,
  "training_aux-sec--conclusion_R": 0.39544676931175154,
  "training_aux-sec--conclusion_F1": 0.44173312263417946,
  "training_aux-sec--experiments_P": 0.41711630695443647,
  "training_aux-sec--experiments_R": 0.23099269588313412,
  "training_aux-sec--experiments_F1": 0.297329059829014,
  "training_aux-sec--method_P": 0.3789488799540494,
  "training_aux-sec--method_R": 0.2230015210410681,
  "training_aux-sec--method_F1": 0.28077455048404737,
  "training_aux-sec--related work_P": 0.44243493603881784,
  "training_aux-sec--related work_R": 0.3344448149383128,
  "training_aux-sec--related work_F1": 0.38093429548039154,
  "training_aux-sec--average_F1": 0.3977494195419047,
  "training_aux-worth--False_P": 0.9311923859691129,
  "training_aux-worth--False_R": 0.9884674037361799,
  "training_aux-worth--False_F1": 0.9589754654172845,
  "training_aux-worth--True_P": 0.890990990990991,
  "training_aux-worth--True_R": 0.5634257500949488,
  "training_aux-worth--True_F1": 0.6903210795718464,
  "training_aux-worth--average_F1": 0.8246482724945654,
  "training_loss": 0.2734876454045163,
  "validation_background_P": 0.8523364485981308,
  "validation_background_R": 0.8475836431226765,
  "validation_background_F1": 0.8499534016774896,
  "validation_method_P": 0.7480916030534351,
  "validation_method_R": 0.7686274509803922,
  "validation_method_F1": 0.758220502901304,
  "validation_result_P": 0.7563025210084033,
  "validation_result_R": 0.7317073170731707,
  "validation_result_F1": 0.743801652892512,
  "validation_average_F1": 0.7839918524904351,
  "validation_aux-sec--introduction_P": 0.0,
  "validation_aux-sec--introduction_R": 0.0,
  "validation_aux-sec--introduction_F1": 0.0,
  "validation_aux-sec--conclusion_P": 0.0,
  "validation_aux-sec--conclusion_R": 0.0,
  "validation_aux-sec--conclusion_F1": 0.0,
  "validation_aux-sec--experiments_P": 0.0,
  "validation_aux-sec--experiments_R": 0.0,
  "validation_aux-sec--experiments_F1": 0.0,
  "validation_aux-sec--method_P": 0.0,
  "validation_aux-sec--method_R": 0.0,
  "validation_aux-sec--method_F1": 0.0,
  "validation_aux-sec--related work_P": 0.0,
  "validation_aux-sec--related work_R": 0.0,
  "validation_aux-sec--related work_F1": 0.0,
  "validation_aux-sec--average_F1": 0.0,
  "validation_aux-worth--False_P": 0.0,
  "validation_aux-worth--False_R": 0.0,
  "validation_aux-worth--False_F1": 0.0,
  "validation_aux-worth--True_P": 0.0,
  "validation_aux-worth--True_R": 0.0,
  "validation_aux-worth--True_F1": 0.0,
  "validation_aux-worth--average_F1": 0.0,
  "validation_loss": 0.9400735448660522,
  "best_epoch": 0,
  "best_validation_background_P": 0.8626373626373627,
  "best_validation_background_R": 0.8754646840148699,
  "best_validation_background_F1": 0.8690036900368504,
  "best_validation_method_P": 0.8181818181818182,
  "best_validation_method_R": 0.7764705882352941,
  "best_validation_method_F1": 0.7967806841045779,
  "best_validation_result_P": 0.7265625,
  "best_validation_result_R": 0.7560975609756098,
  "best_validation_result_F1": 0.7410358565736552,
  "best_validation_average_F1": 0.8022734102383612,
  "best_validation_aux-sec--introduction_P": 0.0,
  "best_validation_aux-sec--introduction_R": 0.0,
  "best_validation_aux-sec--introduction_F1": 0.0,
  "best_validation_aux-sec--conclusion_P": 0.0,
  "best_validation_aux-sec--conclusion_R": 0.0,
  "best_validation_aux-sec--conclusion_F1": 0.0,
  "best_validation_aux-sec--experiments_P": 0.0,
  "best_validation_aux-sec--experiments_R": 0.0,
  "best_validation_aux-sec--experiments_F1": 0.0,
  "best_validation_aux-sec--method_P": 0.0,
  "best_validation_aux-sec--method_R": 0.0,
  "best_validation_aux-sec--method_F1": 0.0,
  "best_validation_aux-sec--related work_P": 0.0,
  "best_validation_aux-sec--related work_R": 0.0,
  "best_validation_aux-sec--related work_F1": 0.0,
  "best_validation_aux-sec--average_F1": 0.0,
  "best_validation_aux-worth--False_P": 0.0,
  "best_validation_aux-worth--False_R": 0.0,
  "best_validation_aux-worth--False_F1": 0.0,
  "best_validation_aux-worth--True_P": 0.0,
  "best_validation_aux-worth--True_R": 0.0,
  "best_validation_aux-worth--True_F1": 0.0,
  "best_validation_aux-worth--average_F1": 0.0,
  "best_validation_loss": 0.5187741654186413
}