{
  "training_duration": "02:09:32",
  "training_start_epoch": 0,
  "training_epochs": 7,
  "epoch": 7,
  "training_background_P": 0.6203182232774971,
  "training_background_R": 0.9951457438160493,
  "training_background_F1": 0.7642473645719522,
  "training_method_P": 0.9463526333006215,
  "training_method_R": 0.1407032731871018,
  "training_method_F1": 0.24498264035902567,
  "training_result_P": 0.9310089020771514,
  "training_result_R": 0.12728194726166328,
  "training_result_F1": 0.22394718058527507,
  "training_average_F1": 0.411059061838751,
  "training_aux-sec--introduction_P": 0.395993229637844,
  "training_aux-sec--introduction_R": 0.9553967471660917,
  "training_aux-sec--introduction_F1": 0.5599133484629254,
  "training_aux-sec--conclusion_P": 0.4965909090909091,
  "training_aux-sec--conclusion_R": 0.057507566785103305,
  "training_aux-sec--conclusion_F1": 0.1030781931831398,
  "training_aux-sec--experiments_P": 0.38676844783715014,
  "training_aux-sec--experiments_R": 0.037848605577689244,
  "training_aux-sec--experiments_F1": 0.06894987525514366,
  "training_aux-sec--method_P": 0.3280282935455349,
  "training_aux-sec--method_R": 0.0313503464593544,
  "training_aux-sec--method_F1": 0.05723100655609669,
  "training_aux-sec--related work_P": 0.3693181818181818,
  "training_aux-sec--related work_R": 0.05418472824274758,
  "training_aux-sec--related work_F1": 0.09450421634193756,
  "training_aux-sec--average_F1": 0.17673532795984861,
  "training_aux-worth--False_P": 0.8652010413653457,
  "training_aux-worth--False_R": 0.9977601982462829,
  "training_aux-worth--False_F1": 0.9267644910696005,
  "training_aux-worth--True_P": 0.8410372040586246,
  "training_aux-worth--True_R": 0.07083175085453855,
  "training_aux-worth--True_F1": 0.1306594272703246,
  "training_aux-worth--average_F1": 0.5287119591699625,
  "training_loss": 0.9150742903569153,
  "validation_background_P": 0.6117511520737328,
  "validation_background_R": 0.9869888475836431,
  "validation_background_F1": 0.7553342816500239,
  "validation_method_P": 0.8157894736842105,
  "validation_method_R": 0.12156862745098039,
  "validation_method_F1": 0.21160409556311735,
  "validation_result_P": 0.9,
  "validation_result_R": 0.07317073170731707,
  "validation_result_F1": 0.13533834586464774,
  "validation_average_F1": 0.367425574359263,
  "validation_aux-sec--introduction_P": 0.0,
  "validation_aux-sec--introduction_R": 0.0,
  "validation_aux-sec--introduction_F1": 0.0,
  "validation_aux-sec--conclusion_P": 0.0,
  "validation_aux-sec--conclusion_R": 0.0,
  "validation_aux-sec--conclusion_F1": 0.0,
  "validation_aux-sec--experiments_P": 0.0,
  "validation_aux-sec--experiments_R": 0.0,
  "validation_aux-sec--experiments_F1": 0.0,
  "validation_aux-sec--method_P": 0.0,
  "validation_aux-sec--method_R": 0.0,
  "validation_aux-sec--method_F1": 0.0,
  "validation_aux-sec--related work_P": 0.0,
  "validation_aux-sec--related work_R": 0.0,
  "validation_aux-sec--related work_F1": 0.0,
  "validation_aux-sec--average_F1": 0.0,
  "validation_aux-worth--False_P": 0.0,
  "validation_aux-worth--False_R": 0.0,
  "validation_aux-worth--False_F1": 0.0,
  "validation_aux-worth--True_P": 0.0,
  "validation_aux-worth--True_R": 0.0,
  "validation_aux-worth--True_F1": 0.0,
  "validation_aux-worth--average_F1": 0.0,
  "validation_loss": 0.8864414599435083,
  "best_epoch": 4,
  "best_validation_background_P": 0.6123399301513388,
  "best_validation_background_R": 0.9776951672862454,
  "best_validation_background_F1": 0.7530422333571467,
  "best_validation_method_P": 0.7631578947368421,
  "best_validation_method_R": 0.11372549019607843,
  "best_validation_method_F1": 0.19795221843001154,
  "best_validation_result_P": 0.7368421052631579,
  "best_validation_result_R": 0.11382113821138211,
  "best_validation_result_F1": 0.1971830985915261,
  "best_validation_average_F1": 0.3827258501262281,
  "best_validation_aux-sec--introduction_P": 0.0,
  "best_validation_aux-sec--introduction_R": 0.0,
  "best_validation_aux-sec--introduction_F1": 0.0,
  "best_validation_aux-sec--conclusion_P": 0.0,
  "best_validation_aux-sec--conclusion_R": 0.0,
  "best_validation_aux-sec--conclusion_F1": 0.0,
  "best_validation_aux-sec--experiments_P": 0.0,
  "best_validation_aux-sec--experiments_R": 0.0,
  "best_validation_aux-sec--experiments_F1": 0.0,
  "best_validation_aux-sec--method_P": 0.0,
  "best_validation_aux-sec--method_R": 0.0,
  "best_validation_aux-sec--method_F1": 0.0,
  "best_validation_aux-sec--related work_P": 0.0,
  "best_validation_aux-sec--related work_R": 0.0,
  "best_validation_aux-sec--related work_F1": 0.0,
  "best_validation_aux-sec--average_F1": 0.0,
  "best_validation_aux-worth--False_P": 0.0,
  "best_validation_aux-worth--False_R": 0.0,
  "best_validation_aux-worth--False_F1": 0.0,
  "best_validation_aux-worth--True_P": 0.0,
  "best_validation_aux-worth--True_R": 0.0,
  "best_validation_aux-worth--True_F1": 0.0,
  "best_validation_aux-worth--average_F1": 0.0,
  "best_validation_loss": 0.8793061755854508,
  "test_background_P": 0.562933025404157,
  "test_background_R": 0.9779338014042126,
  "test_background_F1": 0.7145474532795432,
  "test_method_P": 0.8470588235294118,
  "test_method_R": 0.11900826446280992,
  "test_method_F1": 0.20869565217389144,
  "test_result_P": 0.75,
  "test_result_R": 0.1274131274131274,
  "test_result_F1": 0.217821782178193,
  "test_average_F1": 0.38035496254387585,
  "test_aux-sec--introduction_P": 0.0,
  "test_aux-sec--introduction_R": 0.0,
  "test_aux-sec--introduction_F1": 0.0,
  "test_aux-sec--conclusion_P": 0.0,
  "test_aux-sec--conclusion_R": 0.0,
  "test_aux-sec--conclusion_F1": 0.0,
  "test_aux-sec--experiments_P": 0.0,
  "test_aux-sec--experiments_R": 0.0,
  "test_aux-sec--experiments_F1": 0.0,
  "test_aux-sec--method_P": 0.0,
  "test_aux-sec--method_R": 0.0,
  "test_aux-sec--method_F1": 0.0,
  "test_aux-sec--related work_P": 0.0,
  "test_aux-sec--related work_R": 0.0,
  "test_aux-sec--related work_F1": 0.0,
  "test_aux-sec--average_F1": 0.0,
  "test_aux-worth--False_P": 0.0,
  "test_aux-worth--False_R": 0.0,
  "test_aux-worth--False_F1": 0.0,
  "test_aux-worth--True_P": 0.0,
  "test_aux-worth--True_R": 0.0,
  "test_aux-worth--True_F1": 0.0,
  "test_aux-worth--average_F1": 0.0,
  "test_loss": 0.8993083116335746
}