{
  "training_duration": "00:17:31",
  "training_start_epoch": 0,
  "training_epochs": 0,
  "epoch": 0,
  "training_background_P": 0.8896029481158574,
  "training_background_R": 0.9199061272858238,
  "training_background_F1": 0.9045007996344029,
  "training_method_P": 0.853042538964045,
  "training_method_R": 0.8094099272780516,
  "training_method_F1": 0.8306536438767345,
  "training_result_P": 0.8610994544691565,
  "training_result_R": 0.8249246231155779,
  "training_result_F1": 0.8426239605789461,
  "training_average_F1": 0.8592594680300278,
  "training_aux-sec--introduction_P": 0.4438237732422723,
  "training_aux-sec--introduction_R": 0.7915581215236218,
  "training_aux-sec--introduction_F1": 0.5687509485505686,
  "training_aux-sec--conclusion_P": 0.4666947279806377,
  "training_aux-sec--conclusion_R": 0.29181471246216606,
  "training_aux-sec--conclusion_F1": 0.35909477349090446,
  "training_aux-sec--experiments_P": 0.3665453151944817,
  "training_aux-sec--experiments_R": 0.15878154050464807,
  "training_aux-sec--experiments_F1": 0.22157873400123193,
  "training_aux-sec--method_P": 0.3189090909090909,
  "training_aux-sec--method_R": 0.1482170018590502,
  "training_aux-sec--method_F1": 0.20237683166027745,
  "training_aux-sec--related work_P": 0.3465384615384615,
  "training_aux-sec--related work_R": 0.150216738912971,
  "training_aux-sec--related work_F1": 0.2095836240985854,
  "training_aux-sec--average_F1": 0.31227698236031354,
  "training_aux-worth--False_P": 0.9004641717435451,
  "training_aux-worth--False_R": 0.986116406150718,
  "training_aux-worth--False_F1": 0.9413459497163849,
  "training_aux-worth--True_P": 0.8076584507042254,
  "training_aux-worth--True_R": 0.3484618306114698,
  "training_aux-worth--True_F1": 0.4868665428495201,
  "training_aux-worth--average_F1": 0.7141062462829525,
  "training_loss": 0.4124754580366775,
  "validation_background_P": 0.8589285714285714,
  "validation_background_R": 0.8940520446096655,
  "validation_background_F1": 0.8761384335154327,
  "validation_method_P": 0.8305785123966942,
  "validation_method_R": 0.788235294117647,
  "validation_method_F1": 0.8088531187122237,
  "validation_result_P": 0.7807017543859649,
  "validation_result_R": 0.7235772357723578,
  "validation_result_F1": 0.7510548523206253,
  "validation_average_F1": 0.8120154681827606,
  "validation_aux-sec--introduction_P": 0.0,
  "validation_aux-sec--introduction_R": 0.0,
  "validation_aux-sec--introduction_F1": 0.0,
  "validation_aux-sec--conclusion_P": 0.0,
  "validation_aux-sec--conclusion_R": 0.0,
  "validation_aux-sec--conclusion_F1": 0.0,
  "validation_aux-sec--experiments_P": 0.0,
  "validation_aux-sec--experiments_R": 0.0,
  "validation_aux-sec--experiments_F1": 0.0,
  "validation_aux-sec--method_P": 0.0,
  "validation_aux-sec--method_R": 0.0,
  "validation_aux-sec--method_F1": 0.0,
  "validation_aux-sec--related work_P": 0.0,
  "validation_aux-sec--related work_R": 0.0,
  "validation_aux-sec--related work_F1": 0.0,
  "validation_aux-sec--average_F1": 0.0,
  "validation_aux-worth--False_P": 0.0,
  "validation_aux-worth--False_R": 0.0,
  "validation_aux-worth--False_F1": 0.0,
  "validation_aux-worth--True_P": 0.0,
  "validation_aux-worth--True_R": 0.0,
  "validation_aux-worth--True_F1": 0.0,
  "validation_aux-worth--average_F1": 0.0,
  "validation_loss": 0.5249348557714758,
  "best_epoch": 0,
  "best_validation_background_P": 0.8589285714285714,
  "best_validation_background_R": 0.8940520446096655,
  "best_validation_background_F1": 0.8761384335154327,
  "best_validation_method_P": 0.8305785123966942,
  "best_validation_method_R": 0.788235294117647,
  "best_validation_method_F1": 0.8088531187122237,
  "best_validation_result_P": 0.7807017543859649,
  "best_validation_result_R": 0.7235772357723578,
  "best_validation_result_F1": 0.7510548523206253,
  "best_validation_average_F1": 0.8120154681827606,
  "best_validation_aux-sec--introduction_P": 0.0,
  "best_validation_aux-sec--introduction_R": 0.0,
  "best_validation_aux-sec--introduction_F1": 0.0,
  "best_validation_aux-sec--conclusion_P": 0.0,
  "best_validation_aux-sec--conclusion_R": 0.0,
  "best_validation_aux-sec--conclusion_F1": 0.0,
  "best_validation_aux-sec--experiments_P": 0.0,
  "best_validation_aux-sec--experiments_R": 0.0,
  "best_validation_aux-sec--experiments_F1": 0.0,
  "best_validation_aux-sec--method_P": 0.0,
  "best_validation_aux-sec--method_R": 0.0,
  "best_validation_aux-sec--method_F1": 0.0,
  "best_validation_aux-sec--related work_P": 0.0,
  "best_validation_aux-sec--related work_R": 0.0,
  "best_validation_aux-sec--related work_F1": 0.0,
  "best_validation_aux-sec--average_F1": 0.0,
  "best_validation_aux-worth--False_P": 0.0,
  "best_validation_aux-worth--False_R": 0.0,
  "best_validation_aux-worth--False_F1": 0.0,
  "best_validation_aux-worth--True_P": 0.0,
  "best_validation_aux-worth--True_R": 0.0,
  "best_validation_aux-worth--True_F1": 0.0,
  "best_validation_aux-worth--average_F1": 0.0,
  "best_validation_loss": 0.5249348557714758
}