{
  "training_duration": "00:16:04",
  "training_start_epoch": 1,
  "training_epochs": 0,
  "epoch": 1,
  "training_background_P": 0.9688991354466859,
  "training_background_R": 0.9765085856356158,
  "training_background_F1": 0.9726889783825821,
  "training_method_P": 0.9577073727006793,
  "training_method_R": 0.9427497681682854,
  "training_method_F1": 0.9501697082984398,
  "training_result_P": 0.9671768022553363,
  "training_result_R": 0.965427135678392,
  "training_result_F1": 0.9663011769439195,
  "training_average_F1": 0.9630532878749806,
  "training_aux-sec--introduction_P": 0.4657391981652567,
  "training_aux-sec--introduction_R": 0.7577976483841442,
  "training_aux-sec--introduction_F1": 0.5769112227805223,
  "training_aux-sec--conclusion_P": 0.4763858497447119,
  "training_aux-sec--conclusion_R": 0.3437952362152915,
  "training_aux-sec--conclusion_F1": 0.3993732324389943,
  "training_aux-sec--experiments_P": 0.39272091544818816,
  "training_aux-sec--experiments_R": 0.20509628154050466,
  "training_aux-sec--experiments_F1": 0.26946564885491675,
  "training_aux-sec--method_P": 0.3449855761072459,
  "training_aux-sec--method_R": 0.1717931384147372,
  "training_aux-sec--method_F1": 0.22936763129684734,
  "training_aux-sec--related work_P": 0.40175097276264593,
  "training_aux-sec--related work_R": 0.27542514171390464,
  "training_aux-sec--related work_F1": 0.3268051434223059,
  "training_aux-sec--average_F1": 0.3603845757587173,
  "training_aux-worth--False_P": 0.917502029969735,
  "training_aux-worth--False_R": 0.9872124793493455,
  "training_aux-worth--False_F1": 0.9510815918950889,
  "training_aux-worth--True_P": 0.859975647938772,
  "training_aux-worth--True_R": 0.46942650968477023,
  "training_aux-worth--True_F1": 0.6073337018610194,
  "training_aux-worth--average_F1": 0.7792076468780542,
  "training_loss": 0.17737830959255596,
  "validation_background_P": 0.8505338078291815,
  "validation_background_R": 0.8884758364312267,
  "validation_background_F1": 0.8690909090908592,
  "validation_method_P": 0.8205128205128205,
  "validation_method_R": 0.7529411764705882,
  "validation_method_F1": 0.785276073619582,
  "validation_result_P": 0.7666666666666667,
  "validation_result_R": 0.7479674796747967,
  "validation_result_F1": 0.757201646090485,
  "validation_average_F1": 0.8038562096003087,
  "validation_aux-sec--introduction_P": 0.0,
  "validation_aux-sec--introduction_R": 0.0,
  "validation_aux-sec--introduction_F1": 0.0,
  "validation_aux-sec--conclusion_P": 0.0,
  "validation_aux-sec--conclusion_R": 0.0,
  "validation_aux-sec--conclusion_F1": 0.0,
  "validation_aux-sec--experiments_P": 0.0,
  "validation_aux-sec--experiments_R": 0.0,
  "validation_aux-sec--experiments_F1": 0.0,
  "validation_aux-sec--method_P": 0.0,
  "validation_aux-sec--method_R": 0.0,
  "validation_aux-sec--method_F1": 0.0,
  "validation_aux-sec--related work_P": 0.0,
  "validation_aux-sec--related work_R": 0.0,
  "validation_aux-sec--related work_F1": 0.0,
  "validation_aux-sec--average_F1": 0.0,
  "validation_aux-worth--False_P": 0.0,
  "validation_aux-worth--False_R": 0.0,
  "validation_aux-worth--False_F1": 0.0,
  "validation_aux-worth--True_P": 0.0,
  "validation_aux-worth--True_R": 0.0,
  "validation_aux-worth--True_F1": 0.0,
  "validation_aux-worth--average_F1": 0.0,
  "validation_loss": 0.9540508663033914
}