{
  "training_duration": "00:47:17",
  "training_start_epoch": 1,
  "training_epochs": 2,
  "epoch": 3,
  "training_background_P": 0.9873101148573545,
  "training_background_R": 0.9887296507583136,
  "training_background_F1": 0.9880193729288309,
  "training_method_P": 0.9801955990220049,
  "training_method_R": 0.9785686389377075,
  "training_method_F1": 0.9793814432989192,
  "training_result_P": 0.9838644205398823,
  "training_result_R": 0.981076705120421,
  "training_result_F1": 0.9824685853262574,
  "training_average_F1": 0.9832898005180025,
  "training_aux-sec--introduction_P": 0.4807442369519119,
  "training_aux-sec--introduction_R": 0.7422375554460325,
  "training_aux-sec--introduction_F1": 0.5835351424656677,
  "training_aux-sec--conclusion_P": 0.4946693320006663,
  "training_aux-sec--conclusion_R": 0.3907751019871036,
  "training_aux-sec--conclusion_F1": 0.43662696662250616,
  "training_aux-sec--experiments_P": 0.4238978033961676,
  "training_aux-sec--experiments_R": 0.22584661354581673,
  "training_aux-sec--experiments_F1": 0.2946878215194218,
  "training_aux-sec--method_P": 0.37127489460677426,
  "training_aux-sec--method_R": 0.21581882710833192,
  "training_aux-sec--method_F1": 0.2729653182279233,
  "training_aux-sec--related work_P": 0.4270182743465186,
  "training_aux-sec--related work_R": 0.30776925641880626,
  "training_aux-sec--related work_F1": 0.3577172754577557,
  "training_aux-sec--average_F1": 0.38910650485865494,
  "training_aux-worth--False_P": 0.9239019028237846,
  "training_aux-worth--False_R": 0.9880226204092006,
  "training_aux-worth--False_F1": 0.9548870448979718,
  "training_aux-worth--True_P": 0.8776569852344638,
  "training_aux-worth--True_R": 0.513577668059248,
  "training_aux-worth--True_F1": 0.6479784366576353,
  "training_aux-worth--average_F1": 0.8014327407778036,
  "training_loss": 0.11850853898434137,
  "validation_background_P": 0.8469565217391304,
  "validation_background_R": 0.9052044609665427,
  "validation_background_F1": 0.8751123090745232,
  "validation_method_P": 0.8209606986899564,
  "validation_method_R": 0.7372549019607844,
  "validation_method_F1": 0.7768595041321815,
  "validation_result_P": 0.8214285714285714,
  "validation_result_R": 0.7479674796747967,
  "validation_result_F1": 0.7829787234042055,
  "validation_average_F1": 0.8116501788703033,
  "validation_aux-sec--introduction_P": 0.0,
  "validation_aux-sec--introduction_R": 0.0,
  "validation_aux-sec--introduction_F1": 0.0,
  "validation_aux-sec--conclusion_P": 0.0,
  "validation_aux-sec--conclusion_R": 0.0,
  "validation_aux-sec--conclusion_F1": 0.0,
  "validation_aux-sec--experiments_P": 0.0,
  "validation_aux-sec--experiments_R": 0.0,
  "validation_aux-sec--experiments_F1": 0.0,
  "validation_aux-sec--method_P": 0.0,
  "validation_aux-sec--method_R": 0.0,
  "validation_aux-sec--method_F1": 0.0,
  "validation_aux-sec--related work_P": 0.0,
  "validation_aux-sec--related work_R": 0.0,
  "validation_aux-sec--related work_F1": 0.0,
  "validation_aux-sec--average_F1": 0.0,
  "validation_aux-worth--False_P": 0.0,
  "validation_aux-worth--False_R": 0.0,
  "validation_aux-worth--False_F1": 0.0,
  "validation_aux-worth--True_P": 0.0,
  "validation_aux-worth--True_R": 0.0,
  "validation_aux-worth--True_F1": 0.0,
  "validation_aux-worth--average_F1": 0.0,
  "validation_loss": 0.9880563263260259
}