{
  "training_duration": "00:31:43",
  "training_start_epoch": 1,
  "training_epochs": 1,
  "epoch": 2,
  "training_background_P": 0.9728153992087546,
  "training_background_R": 0.9769062775893314,
  "training_background_F1": 0.9748565466874827,
  "training_method_P": 0.9596023895798649,
  "training_method_R": 0.9542754187767822,
  "training_method_F1": 0.956931490795399,
  "training_result_P": 0.9623082393579193,
  "training_result_R": 0.9558022199798184,
  "training_result_F1": 0.9590441958183068,
  "training_average_F1": 0.9636107444337295,
  "training_aux-sec--introduction_P": 0.47457400303327685,
  "training_aux-sec--introduction_R": 0.7490670985003168,
  "training_aux-sec--introduction_F1": 0.5810327407771022,
  "training_aux-sec--conclusion_P": 0.4846969566341926,
  "training_aux-sec--conclusion_R": 0.36991709435452036,
  "training_aux-sec--conclusion_F1": 0.41959920886661506,
  "training_aux-sec--experiments_P": 0.40731901352426414,
  "training_aux-sec--experiments_R": 0.21248339973439576,
  "training_aux-sec--experiments_F1": 0.27927780505095584,
  "training_aux-sec--method_P": 0.3582573767959215,
  "training_aux-sec--method_R": 0.1959607909413554,
  "training_aux-sec--method_F1": 0.2533457147538735,
  "training_aux-sec--related work_P": 0.4094616639477977,
  "training_aux-sec--related work_R": 0.2929309769923308,
  "training_aux-sec--related work_F1": 0.3415297890951015,
  "training_aux-sec--average_F1": 0.3749570517087296,
  "training_aux-worth--False_P": 0.9207825481687721,
  "training_aux-worth--False_R": 0.9876413775575041,
  "training_aux-worth--False_F1": 0.9530408124161218,
  "training_aux-worth--True_P": 0.8694849857406476,
  "training_aux-worth--True_R": 0.49211925560197495,
  "training_aux-worth--True_F1": 0.6285090644515394,
  "training_aux-worth--average_F1": 0.7907749384338306,
  "training_loss": 0.16807778195137166,
  "validation_background_P": 0.8461538461538461,
  "validation_background_R": 0.8996282527881041,
  "validation_background_F1": 0.8720720720720221,
  "validation_method_P": 0.8283261802575107,
  "validation_method_R": 0.7568627450980392,
  "validation_method_F1": 0.7909836065573271,
  "validation_result_P": 0.8018018018018018,
  "validation_result_R": 0.7235772357723578,
  "validation_result_F1": 0.7606837606837109,
  "validation_average_F1": 0.8079131464376866,
  "validation_aux-sec--introduction_P": 0.0,
  "validation_aux-sec--introduction_R": 0.0,
  "validation_aux-sec--introduction_F1": 0.0,
  "validation_aux-sec--conclusion_P": 0.0,
  "validation_aux-sec--conclusion_R": 0.0,
  "validation_aux-sec--conclusion_F1": 0.0,
  "validation_aux-sec--experiments_P": 0.0,
  "validation_aux-sec--experiments_R": 0.0,
  "validation_aux-sec--experiments_F1": 0.0,
  "validation_aux-sec--method_P": 0.0,
  "validation_aux-sec--method_R": 0.0,
  "validation_aux-sec--method_F1": 0.0,
  "validation_aux-sec--related work_P": 0.0,
  "validation_aux-sec--related work_R": 0.0,
  "validation_aux-sec--related work_F1": 0.0,
  "validation_aux-sec--average_F1": 0.0,
  "validation_aux-worth--False_P": 0.0,
  "validation_aux-worth--False_R": 0.0,
  "validation_aux-worth--False_F1": 0.0,
  "validation_aux-worth--True_P": 0.0,
  "validation_aux-worth--True_R": 0.0,
  "validation_aux-worth--True_F1": 0.0,
  "validation_aux-worth--average_F1": 0.0,
  "validation_loss": 0.8984313662111727
}