{
  "training_duration": "01:46:16",
  "training_start_epoch": 0,
  "training_epochs": 6,
  "epoch": 6,
  "training_background_P": 0.9972591284957726,
  "training_background_R": 0.9971201635003948,
  "training_background_F1": 0.9971896411566101,
  "training_method_P": 0.9947850667706404,
  "training_method_R": 0.9948335526636448,
  "training_method_F1": 0.9948093091263055,
  "training_result_P": 0.9951544518473653,
  "training_result_R": 0.9956570043429956,
  "training_result_F1": 0.9954056646639577,
  "training_average_F1": 0.9958015383156246,
  "training_aux-sec--introduction_P": 0.5176189528170416,
  "training_aux-sec--introduction_R": 0.7322396676758431,
  "training_aux-sec--introduction_F1": 0.6065024055984353,
  "training_aux-sec--conclusion_P": 0.5326428845416187,
  "training_aux-sec--conclusion_R": 0.456836425845506,
  "training_aux-sec--conclusion_F1": 0.49183579499162666,
  "training_aux-sec--experiments_P": 0.44806763285024154,
  "training_aux-sec--experiments_R": 0.2771414342629482,
  "training_aux-sec--experiments_F1": 0.3424615384614912,
  "training_aux-sec--method_P": 0.4146373225680427,
  "training_aux-sec--method_R": 0.2690552644921413,
  "training_aux-sec--method_F1": 0.3263465382052513,
  "training_aux-sec--related work_P": 0.4996104402025711,
  "training_aux-sec--related work_R": 0.42764254751583863,
  "training_aux-sec--related work_F1": 0.460833632770342,
  "training_aux-sec--average_F1": 0.44559598200542927,
  "training_aux-worth--False_P": 0.9325261848749569,
  "training_aux-worth--False_R": 0.9885944846867455,
  "training_aux-worth--False_F1": 0.9597421523798745,
  "training_aux-worth--True_P": 0.8935823328886913,
  "training_aux-worth--True_R": 0.5724458792252184,
  "training_aux-worth--True_F1": 0.697841310260963,
  "training_aux-worth--average_F1": 0.8287917313204187,
  "training_loss": 0.08163929808760764,
  "validation_background_P": 0.84,
  "validation_background_R": 0.8587360594795539,
  "validation_background_F1": 0.8492647058823029,
  "validation_method_P": 0.7469879518072289,
  "validation_method_R": 0.7294117647058823,
  "validation_method_F1": 0.738095238095188,
  "validation_result_P": 0.7863247863247863,
  "validation_result_R": 0.7479674796747967,
  "validation_result_F1": 0.7666666666666166,
  "validation_average_F1": 0.7846755368813692,
  "validation_aux-sec--introduction_P": 0.0,
  "validation_aux-sec--introduction_R": 0.0,
  "validation_aux-sec--introduction_F1": 0.0,
  "validation_aux-sec--conclusion_P": 0.0,
  "validation_aux-sec--conclusion_R": 0.0,
  "validation_aux-sec--conclusion_F1": 0.0,
  "validation_aux-sec--experiments_P": 0.0,
  "validation_aux-sec--experiments_R": 0.0,
  "validation_aux-sec--experiments_F1": 0.0,
  "validation_aux-sec--method_P": 0.0,
  "validation_aux-sec--method_R": 0.0,
  "validation_aux-sec--method_F1": 0.0,
  "validation_aux-sec--related work_P": 0.0,
  "validation_aux-sec--related work_R": 0.0,
  "validation_aux-sec--related work_F1": 0.0,
  "validation_aux-sec--average_F1": 0.0,
  "validation_aux-worth--False_P": 0.0,
  "validation_aux-worth--False_R": 0.0,
  "validation_aux-worth--False_F1": 0.0,
  "validation_aux-worth--True_P": 0.0,
  "validation_aux-worth--True_R": 0.0,
  "validation_aux-worth--True_F1": 0.0,
  "validation_aux-worth--average_F1": 0.0,
  "validation_loss": 1.8857243178364147,
  "best_epoch": 5,
  "best_validation_background_P": 0.8460144927536232,
  "best_validation_background_R": 0.8680297397769516,
  "best_validation_background_F1": 0.8568807339449042,
  "best_validation_method_P": 0.75,
  "best_validation_method_R": 0.7411764705882353,
  "best_validation_method_F1": 0.7455621301774649,
  "best_validation_result_P": 0.8482142857142857,
  "best_validation_result_R": 0.7723577235772358,
  "best_validation_result_F1": 0.8085106382978224,
  "best_validation_average_F1": 0.8036511674733973,
  "best_validation_aux-sec--introduction_P": 0.0,
  "best_validation_aux-sec--introduction_R": 0.0,
  "best_validation_aux-sec--introduction_F1": 0.0,
  "best_validation_aux-sec--conclusion_P": 0.0,
  "best_validation_aux-sec--conclusion_R": 0.0,
  "best_validation_aux-sec--conclusion_F1": 0.0,
  "best_validation_aux-sec--experiments_P": 0.0,
  "best_validation_aux-sec--experiments_R": 0.0,
  "best_validation_aux-sec--experiments_F1": 0.0,
  "best_validation_aux-sec--method_P": 0.0,
  "best_validation_aux-sec--method_R": 0.0,
  "best_validation_aux-sec--method_F1": 0.0,
  "best_validation_aux-sec--related work_P": 0.0,
  "best_validation_aux-sec--related work_R": 0.0,
  "best_validation_aux-sec--related work_F1": 0.0,
  "best_validation_aux-sec--average_F1": 0.0,
  "best_validation_aux-worth--False_P": 0.0,
  "best_validation_aux-worth--False_R": 0.0,
  "best_validation_aux-worth--False_F1": 0.0,
  "best_validation_aux-worth--True_P": 0.0,
  "best_validation_aux-worth--True_R": 0.0,
  "best_validation_aux-worth--True_F1": 0.0,
  "best_validation_aux-worth--average_F1": 0.0,
  "best_validation_loss": 1.8410276030110002
}