{
  "training_duration": "00:59:20",
  "training_start_epoch": 0,
  "training_epochs": 3,
  "epoch": 3,
  "training_background_P": 0.9929664105480629,
  "training_background_R": 0.9933584134503739,
  "training_background_F1": 0.9931623733181144,
  "training_method_P": 0.9886413493881928,
  "training_method_R": 0.9882077770197837,
  "training_method_F1": 0.9884245156573157,
  "training_result_P": 0.9895791177660866,
  "training_result_R": 0.9887788111605338,
  "training_result_F1": 0.9891788025889469,
  "training_average_F1": 0.990255230521459,
  "training_aux-sec--introduction_P": 0.48950672225605474,
  "training_aux-sec--introduction_R": 0.7357248468633387,
  "training_aux-sec--introduction_F1": 0.5878762306609929,
  "training_aux-sec--conclusion_P": 0.5038486734359646,
  "training_aux-sec--conclusion_R": 0.4048559020923806,
  "training_aux-sec--conclusion_F1": 0.44896023349137715,
  "training_aux-sec--experiments_P": 0.4270034581265975,
  "training_aux-sec--experiments_R": 0.2357237715803453,
  "training_aux-sec--experiments_F1": 0.3037595593346779,
  "training_aux-sec--method_P": 0.38089950027762354,
  "training_aux-sec--method_R": 0.23187426060503633,
  "training_aux-sec--method_F1": 0.28826557411488096,
  "training_aux-sec--related work_P": 0.4459030277366081,
  "training_aux-sec--related work_R": 0.35111703901300434,
  "training_aux-sec--related work_F1": 0.3928737990858569,
  "training_aux-sec--average_F1": 0.40434707933755715,
  "training_aux-worth--False_P": 0.9266053678673085,
  "training_aux-worth--False_R": 0.9877049180327869,
  "training_aux-worth--False_F1": 0.9561800776594018,
  "training_aux-worth--True_P": 0.8787023977433004,
  "training_aux-worth--True_R": 0.5323775161412837,
  "training_aux-worth--True_F1": 0.6630402648849528,
  "training_aux-worth--average_F1": 0.8096101712721773,
  "training_loss": 0.1024009014939901,
  "validation_background_P": 0.8245614035087719,
  "validation_background_R": 0.8736059479553904,
  "validation_background_F1": 0.8483754512634879,
  "validation_method_P": 0.7899543378995434,
  "validation_method_R": 0.6784313725490196,
  "validation_method_F1": 0.7299578059071232,
  "validation_result_P": 0.7637795275590551,
  "validation_result_R": 0.7886178861788617,
  "validation_result_F1": 0.7759999999999501,
  "validation_average_F1": 0.7847777523901871,
  "validation_aux-sec--introduction_P": 0.0,
  "validation_aux-sec--introduction_R": 0.0,
  "validation_aux-sec--introduction_F1": 0.0,
  "validation_aux-sec--conclusion_P": 0.0,
  "validation_aux-sec--conclusion_R": 0.0,
  "validation_aux-sec--conclusion_F1": 0.0,
  "validation_aux-sec--experiments_P": 0.0,
  "validation_aux-sec--experiments_R": 0.0,
  "validation_aux-sec--experiments_F1": 0.0,
  "validation_aux-sec--method_P": 0.0,
  "validation_aux-sec--method_R": 0.0,
  "validation_aux-sec--method_F1": 0.0,
  "validation_aux-sec--related work_P": 0.0,
  "validation_aux-sec--related work_R": 0.0,
  "validation_aux-sec--related work_F1": 0.0,
  "validation_aux-sec--average_F1": 0.0,
  "validation_aux-worth--False_P": 0.0,
  "validation_aux-worth--False_R": 0.0,
  "validation_aux-worth--False_F1": 0.0,
  "validation_aux-worth--True_P": 0.0,
  "validation_aux-worth--True_R": 0.0,
  "validation_aux-worth--True_F1": 0.0,
  "validation_aux-worth--average_F1": 0.0,
  "validation_loss": 1.5641322743994635,
  "best_epoch": 2,
  "best_validation_background_P": 0.8345323741007195,
  "best_validation_background_R": 0.862453531598513,
  "best_validation_background_F1": 0.8482632541132956,
  "best_validation_method_P": 0.7929515418502202,
  "best_validation_method_R": 0.7058823529411765,
  "best_validation_method_F1": 0.7468879668049294,
  "best_validation_result_P": 0.7368421052631579,
  "best_validation_result_R": 0.7967479674796748,
  "best_validation_result_F1": 0.76562499999995,
  "best_validation_average_F1": 0.786925406972725,
  "best_validation_aux-sec--introduction_P": 0.0,
  "best_validation_aux-sec--introduction_R": 0.0,
  "best_validation_aux-sec--introduction_F1": 0.0,
  "best_validation_aux-sec--conclusion_P": 0.0,
  "best_validation_aux-sec--conclusion_R": 0.0,
  "best_validation_aux-sec--conclusion_F1": 0.0,
  "best_validation_aux-sec--experiments_P": 0.0,
  "best_validation_aux-sec--experiments_R": 0.0,
  "best_validation_aux-sec--experiments_F1": 0.0,
  "best_validation_aux-sec--method_P": 0.0,
  "best_validation_aux-sec--method_R": 0.0,
  "best_validation_aux-sec--method_F1": 0.0,
  "best_validation_aux-sec--related work_P": 0.0,
  "best_validation_aux-sec--related work_R": 0.0,
  "best_validation_aux-sec--related work_F1": 0.0,
  "best_validation_aux-sec--average_F1": 0.0,
  "best_validation_aux-worth--False_P": 0.0,
  "best_validation_aux-worth--False_R": 0.0,
  "best_validation_aux-worth--False_F1": 0.0,
  "best_validation_aux-worth--True_P": 0.0,
  "best_validation_aux-worth--True_R": 0.0,
  "best_validation_aux-worth--True_F1": 0.0,
  "best_validation_aux-worth--average_F1": 0.0,
  "best_validation_loss": 1.31597236453973
}