{
  "training_duration": "00:44:17",
  "training_start_epoch": 0,
  "training_epochs": 2,
  "epoch": 2,
  "training_background_P": 0.9866629554890636,
  "training_background_R": 0.9878085595522839,
  "training_background_F1": 0.9872354251763332,
  "training_method_P": 0.9780562734675964,
  "training_method_R": 0.9756299250899892,
  "training_method_F1": 0.9768415925970522,
  "training_result_P": 0.9803404945277665,
  "training_result_R": 0.9804398500050674,
  "training_result_F1": 0.9803901697491265,
  "training_average_F1": 0.981489062507504,
  "training_aux-sec--introduction_P": 0.47698095998175805,
  "training_aux-sec--introduction_R": 0.7363937196366964,
  "training_aux-sec--introduction_F1": 0.5789568370213054,
  "training_aux-sec--conclusion_P": 0.49361129791526565,
  "training_aux-sec--conclusion_R": 0.38636662718778786,
  "training_aux-sec--conclusion_F1": 0.43345390123269595,
  "training_aux-sec--experiments_P": 0.4156815801286847,
  "training_aux-sec--experiments_R": 0.23057768924302788,
  "training_aux-sec--experiments_F1": 0.29662057551647747,
  "training_aux-sec--method_P": 0.3723596861798431,
  "training_aux-sec--method_R": 0.20855163089403414,
  "training_aux-sec--method_F1": 0.26735998266705396,
  "training_aux-sec--related work_P": 0.4265038444142922,
  "training_aux-sec--related work_R": 0.3144381460486829,
  "training_aux-sec--related work_F1": 0.36199616122835804,
  "training_aux-sec--average_F1": 0.38767749153317815,
  "training_aux-worth--False_P": 0.9227386188042316,
  "training_aux-worth--False_R": 0.9865294192400559,
  "training_aux-worth--False_F1": 0.9535683576955648,
  "training_aux-worth--True_P": 0.8627831715210356,
  "training_aux-worth--True_R": 0.5062666160273452,
  "training_aux-worth--True_F1": 0.6381043561512221,
  "training_aux-worth--average_F1": 0.7958363569233935,
  "training_loss": 0.12373280221620286,
  "validation_background_P": 0.8345323741007195,
  "validation_background_R": 0.862453531598513,
  "validation_background_F1": 0.8482632541132956,
  "validation_method_P": 0.7929515418502202,
  "validation_method_R": 0.7058823529411765,
  "validation_method_F1": 0.7468879668049294,
  "validation_result_P": 0.7368421052631579,
  "validation_result_R": 0.7967479674796748,
  "validation_result_F1": 0.76562499999995,
  "validation_average_F1": 0.786925406972725,
  "validation_aux-sec--introduction_P": 0.0,
  "validation_aux-sec--introduction_R": 0.0,
  "validation_aux-sec--introduction_F1": 0.0,
  "validation_aux-sec--conclusion_P": 0.0,
  "validation_aux-sec--conclusion_R": 0.0,
  "validation_aux-sec--conclusion_F1": 0.0,
  "validation_aux-sec--experiments_P": 0.0,
  "validation_aux-sec--experiments_R": 0.0,
  "validation_aux-sec--experiments_F1": 0.0,
  "validation_aux-sec--method_P": 0.0,
  "validation_aux-sec--method_R": 0.0,
  "validation_aux-sec--method_F1": 0.0,
  "validation_aux-sec--related work_P": 0.0,
  "validation_aux-sec--related work_R": 0.0,
  "validation_aux-sec--related work_F1": 0.0,
  "validation_aux-sec--average_F1": 0.0,
  "validation_aux-worth--False_P": 0.0,
  "validation_aux-worth--False_R": 0.0,
  "validation_aux-worth--False_F1": 0.0,
  "validation_aux-worth--True_P": 0.0,
  "validation_aux-worth--True_R": 0.0,
  "validation_aux-worth--True_F1": 0.0,
  "validation_aux-worth--average_F1": 0.0,
  "validation_loss": 1.31597236453973,
  "best_epoch": 2,
  "best_validation_background_P": 0.8345323741007195,
  "best_validation_background_R": 0.862453531598513,
  "best_validation_background_F1": 0.8482632541132956,
  "best_validation_method_P": 0.7929515418502202,
  "best_validation_method_R": 0.7058823529411765,
  "best_validation_method_F1": 0.7468879668049294,
  "best_validation_result_P": 0.7368421052631579,
  "best_validation_result_R": 0.7967479674796748,
  "best_validation_result_F1": 0.76562499999995,
  "best_validation_average_F1": 0.786925406972725,
  "best_validation_aux-sec--introduction_P": 0.0,
  "best_validation_aux-sec--introduction_R": 0.0,
  "best_validation_aux-sec--introduction_F1": 0.0,
  "best_validation_aux-sec--conclusion_P": 0.0,
  "best_validation_aux-sec--conclusion_R": 0.0,
  "best_validation_aux-sec--conclusion_F1": 0.0,
  "best_validation_aux-sec--experiments_P": 0.0,
  "best_validation_aux-sec--experiments_R": 0.0,
  "best_validation_aux-sec--experiments_F1": 0.0,
  "best_validation_aux-sec--method_P": 0.0,
  "best_validation_aux-sec--method_R": 0.0,
  "best_validation_aux-sec--method_F1": 0.0,
  "best_validation_aux-sec--related work_P": 0.0,
  "best_validation_aux-sec--related work_R": 0.0,
  "best_validation_aux-sec--related work_F1": 0.0,
  "best_validation_aux-sec--average_F1": 0.0,
  "best_validation_aux-worth--False_P": 0.0,
  "best_validation_aux-worth--False_R": 0.0,
  "best_validation_aux-worth--False_F1": 0.0,
  "best_validation_aux-worth--True_P": 0.0,
  "best_validation_aux-worth--True_R": 0.0,
  "best_validation_aux-worth--True_F1": 0.0,
  "best_validation_aux-worth--average_F1": 0.0,
  "best_validation_loss": 1.31597236453973
}