{
  "training_duration": "00:29:43",
  "training_start_epoch": 0,
  "training_epochs": 1,
  "epoch": 1,
  "training_background_P": 0.9621730289305851,
  "training_background_R": 0.9673140361473772,
  "training_background_F1": 0.964736683580034,
  "training_method_P": 0.9400607723975691,
  "training_method_R": 0.9337909546760138,
  "training_method_F1": 0.9369153742825244,
  "training_result_P": 0.9544249592169658,
  "training_result_R": 0.9454600545399454,
  "training_result_F1": 0.9499213557257606,
  "training_average_F1": 0.9505244711961063,
  "training_aux-sec--introduction_P": 0.4679899541769475,
  "training_aux-sec--introduction_R": 0.7478349644441316,
  "training_aux-sec--introduction_F1": 0.5757066587169911,
  "training_aux-sec--conclusion_P": 0.48658591296545534,
  "training_aux-sec--conclusion_R": 0.3568232662192394,
  "training_aux-sec--conclusion_F1": 0.4117222791632963,
  "training_aux-sec--experiments_P": 0.4009730069052103,
  "training_aux-sec--experiments_R": 0.21206839309428951,
  "training_aux-sec--experiments_F1": 0.2774158523343739,
  "training_aux-sec--method_P": 0.3590902009658825,
  "training_aux-sec--method_R": 0.19477775899949298,
  "training_aux-sec--method_F1": 0.2525612228126427,
  "training_aux-sec--related work_P": 0.3929258902791145,
  "training_aux-sec--related work_R": 0.27225741913971324,
  "training_aux-sec--related work_F1": 0.32164664171750135,
  "training_aux-sec--average_F1": 0.36781053094896105,
  "training_aux-worth--False_P": 0.9179031541537095,
  "training_aux-worth--False_R": 0.9846549752192146,
  "training_aux-worth--False_F1": 0.9501080608819108,
  "training_aux-worth--True_P": 0.8377561303325496,
  "training_aux-worth--True_R": 0.47360425370300036,
  "training_aux-worth--True_F1": 0.6051194953293243,
  "training_aux-worth--average_F1": 0.7776137781056176,
  "training_loss": 0.20354761735526222,
  "validation_background_P": 0.8549019607843137,
  "validation_background_R": 0.8104089219330854,
  "validation_background_F1": 0.8320610687022402,
  "validation_method_P": 0.7090909090909091,
  "validation_method_R": 0.7647058823529411,
  "validation_method_F1": 0.7358490566037238,
  "validation_result_P": 0.7404580152671756,
  "validation_result_R": 0.7886178861788617,
  "validation_result_F1": 0.7637795275590052,
  "validation_average_F1": 0.7772298842883231,
  "validation_aux-sec--introduction_P": 0.0,
  "validation_aux-sec--introduction_R": 0.0,
  "validation_aux-sec--introduction_F1": 0.0,
  "validation_aux-sec--conclusion_P": 0.0,
  "validation_aux-sec--conclusion_R": 0.0,
  "validation_aux-sec--conclusion_F1": 0.0,
  "validation_aux-sec--experiments_P": 0.0,
  "validation_aux-sec--experiments_R": 0.0,
  "validation_aux-sec--experiments_F1": 0.0,
  "validation_aux-sec--method_P": 0.0,
  "validation_aux-sec--method_R": 0.0,
  "validation_aux-sec--method_F1": 0.0,
  "validation_aux-sec--related work_P": 0.0,
  "validation_aux-sec--related work_R": 0.0,
  "validation_aux-sec--related work_F1": 0.0,
  "validation_aux-sec--average_F1": 0.0,
  "validation_aux-worth--False_P": 0.0,
  "validation_aux-worth--False_R": 0.0,
  "validation_aux-worth--False_F1": 0.0,
  "validation_aux-worth--True_P": 0.0,
  "validation_aux-worth--True_R": 0.0,
  "validation_aux-worth--True_F1": 0.0,
  "validation_aux-worth--average_F1": 0.0,
  "validation_loss": 0.9546875281516334,
  "best_epoch": 1,
  "best_validation_background_P": 0.8549019607843137,
  "best_validation_background_R": 0.8104089219330854,
  "best_validation_background_F1": 0.8320610687022402,
  "best_validation_method_P": 0.7090909090909091,
  "best_validation_method_R": 0.7647058823529411,
  "best_validation_method_F1": 0.7358490566037238,
  "best_validation_result_P": 0.7404580152671756,
  "best_validation_result_R": 0.7886178861788617,
  "best_validation_result_F1": 0.7637795275590052,
  "best_validation_average_F1": 0.7772298842883231,
  "best_validation_aux-sec--introduction_P": 0.0,
  "best_validation_aux-sec--introduction_R": 0.0,
  "best_validation_aux-sec--introduction_F1": 0.0,
  "best_validation_aux-sec--conclusion_P": 0.0,
  "best_validation_aux-sec--conclusion_R": 0.0,
  "best_validation_aux-sec--conclusion_F1": 0.0,
  "best_validation_aux-sec--experiments_P": 0.0,
  "best_validation_aux-sec--experiments_R": 0.0,
  "best_validation_aux-sec--experiments_F1": 0.0,
  "best_validation_aux-sec--method_P": 0.0,
  "best_validation_aux-sec--method_R": 0.0,
  "best_validation_aux-sec--method_F1": 0.0,
  "best_validation_aux-sec--related work_P": 0.0,
  "best_validation_aux-sec--related work_R": 0.0,
  "best_validation_aux-sec--related work_F1": 0.0,
  "best_validation_aux-sec--average_F1": 0.0,
  "best_validation_aux-worth--False_P": 0.0,
  "best_validation_aux-worth--False_R": 0.0,
  "best_validation_aux-worth--False_F1": 0.0,
  "best_validation_aux-worth--True_P": 0.0,
  "best_validation_aux-worth--True_R": 0.0,
  "best_validation_aux-worth--True_F1": 0.0,
  "best_validation_aux-worth--average_F1": 0.0,
  "best_validation_loss": 0.9546875281516334
}