{
  "training_duration": "02:01:45",
  "training_start_epoch": 0,
  "training_epochs": 7,
  "epoch": 7,
  "training_background_P": 0.9969819380600826,
  "training_background_R": 0.9976304418529015,
  "training_background_F1": 0.9973060845331594,
  "training_method_P": 0.9962968376942942,
  "training_method_R": 0.9953268753346639,
  "training_method_F1": 0.9958116203184616,
  "training_result_P": 0.9957485575463103,
  "training_result_R": 0.9949428542530596,
  "training_result_F1": 0.9953455428513109,
  "training_average_F1": 0.9961544159009773,
  "training_aux-sec--introduction_P": 0.5265741023293663,
  "training_aux-sec--introduction_R": 0.7289657114694079,
  "training_aux-sec--introduction_F1": 0.6114572567547129,
  "training_aux-sec--conclusion_P": 0.5354993983152828,
  "training_aux-sec--conclusion_R": 0.4684826950914594,
  "training_aux-sec--conclusion_F1": 0.49975433424575644,
  "training_aux-sec--experiments_P": 0.46115680898289596,
  "training_aux-sec--experiments_R": 0.29316069057104915,
  "training_aux-sec--experiments_F1": 0.3584513117166014,
  "training_aux-sec--method_P": 0.4113636363636364,
  "training_aux-sec--method_R": 0.27530843332769983,
  "training_aux-sec--method_F1": 0.3298572441024122,
  "training_aux-sec--related work_P": 0.5127719962157048,
  "training_aux-sec--related work_R": 0.4518172724241414,
  "training_aux-sec--related work_F1": 0.48036869626867307,
  "training_aux-sec--average_F1": 0.4559777686176313,
  "training_aux-worth--False_P": 0.9335172165674797,
  "training_aux-worth--False_R": 0.989229889439573,
  "training_aux-worth--False_F1": 0.9605664000739893,
  "training_aux-worth--True_P": 0.8999261992619926,
  "training_aux-worth--True_R": 0.5789023927079378,
  "training_aux-worth--True_F1": 0.7045704050383761,
  "training_aux-worth--average_F1": 0.8325684025561827,
  "training_loss": 0.07925438446749303,
  "validation_background_P": 0.8353765323992994,
  "validation_background_R": 0.8866171003717472,
  "validation_background_F1": 0.8602344454462981,
  "validation_method_P": 0.8008849557522124,
  "validation_method_R": 0.7098039215686275,
  "validation_method_F1": 0.7525987525987028,
  "validation_result_P": 0.7815126050420168,
  "validation_result_R": 0.7560975609756098,
  "validation_result_F1": 0.7685950413222641,
  "validation_average_F1": 0.7938094131224217,
  "validation_aux-sec--introduction_P": 0.0,
  "validation_aux-sec--introduction_R": 0.0,
  "validation_aux-sec--introduction_F1": 0.0,
  "validation_aux-sec--conclusion_P": 0.0,
  "validation_aux-sec--conclusion_R": 0.0,
  "validation_aux-sec--conclusion_F1": 0.0,
  "validation_aux-sec--experiments_P": 0.0,
  "validation_aux-sec--experiments_R": 0.0,
  "validation_aux-sec--experiments_F1": 0.0,
  "validation_aux-sec--method_P": 0.0,
  "validation_aux-sec--method_R": 0.0,
  "validation_aux-sec--method_F1": 0.0,
  "validation_aux-sec--related work_P": 0.0,
  "validation_aux-sec--related work_R": 0.0,
  "validation_aux-sec--related work_F1": 0.0,
  "validation_aux-sec--average_F1": 0.0,
  "validation_aux-worth--False_P": 0.0,
  "validation_aux-worth--False_R": 0.0,
  "validation_aux-worth--False_F1": 0.0,
  "validation_aux-worth--True_P": 0.0,
  "validation_aux-worth--True_R": 0.0,
  "validation_aux-worth--True_F1": 0.0,
  "validation_aux-worth--average_F1": 0.0,
  "validation_loss": 2.010487415153405,
  "best_epoch": 5,
  "best_validation_background_P": 0.8460144927536232,
  "best_validation_background_R": 0.8680297397769516,
  "best_validation_background_F1": 0.8568807339449042,
  "best_validation_method_P": 0.75,
  "best_validation_method_R": 0.7411764705882353,
  "best_validation_method_F1": 0.7455621301774649,
  "best_validation_result_P": 0.8482142857142857,
  "best_validation_result_R": 0.7723577235772358,
  "best_validation_result_F1": 0.8085106382978224,
  "best_validation_average_F1": 0.8036511674733973,
  "best_validation_aux-sec--introduction_P": 0.0,
  "best_validation_aux-sec--introduction_R": 0.0,
  "best_validation_aux-sec--introduction_F1": 0.0,
  "best_validation_aux-sec--conclusion_P": 0.0,
  "best_validation_aux-sec--conclusion_R": 0.0,
  "best_validation_aux-sec--conclusion_F1": 0.0,
  "best_validation_aux-sec--experiments_P": 0.0,
  "best_validation_aux-sec--experiments_R": 0.0,
  "best_validation_aux-sec--experiments_F1": 0.0,
  "best_validation_aux-sec--method_P": 0.0,
  "best_validation_aux-sec--method_R": 0.0,
  "best_validation_aux-sec--method_F1": 0.0,
  "best_validation_aux-sec--related work_P": 0.0,
  "best_validation_aux-sec--related work_R": 0.0,
  "best_validation_aux-sec--related work_F1": 0.0,
  "best_validation_aux-sec--average_F1": 0.0,
  "best_validation_aux-worth--False_P": 0.0,
  "best_validation_aux-worth--False_R": 0.0,
  "best_validation_aux-worth--False_F1": 0.0,
  "best_validation_aux-worth--True_P": 0.0,
  "best_validation_aux-worth--True_R": 0.0,
  "best_validation_aux-worth--True_F1": 0.0,
  "best_validation_aux-worth--average_F1": 0.0,
  "best_validation_loss": 1.8410276030110002
}