{
  "training_duration": "01:30:07",
  "training_start_epoch": 0,
  "training_epochs": 5,
  "epoch": 5,
  "training_background_P": 0.9962552043355896,
  "training_background_R": 0.9965797249819679,
  "training_background_F1": 0.9964174382356548,
  "training_method_P": 0.9941744744890528,
  "training_method_R": 0.9935956528067537,
  "training_method_F1": 0.9938849793738883,
  "training_result_P": 0.9947389720760825,
  "training_result_R": 0.9945377301234068,
  "training_result_F1": 0.9946383409205367,
  "training_average_F1": 0.99498025284336,
  "training_aux-sec--introduction_P": 0.5102366065955621,
  "training_aux-sec--introduction_R": 0.7325917059776104,
  "training_aux-sec--introduction_F1": 0.6015233195068239,
  "training_aux-sec--conclusion_P": 0.5223927341058565,
  "training_aux-sec--conclusion_R": 0.439005132254244,
  "training_aux-sec--conclusion_F1": 0.4770825884876157,
  "training_aux-sec--experiments_P": 0.44317399090783854,
  "training_aux-sec--experiments_R": 0.2670152722443559,
  "training_aux-sec--experiments_F1": 0.33324700885684433,
  "training_aux-sec--method_P": 0.40567413495956517,
  "training_aux-sec--method_R": 0.2585769815785026,
  "training_aux-sec--method_F1": 0.315838365071945,
  "training_aux-sec--related work_P": 0.48448780487804877,
  "training_aux-sec--related work_R": 0.4139713237745915,
  "training_aux-sec--related work_F1": 0.44646228535462085,
  "training_aux-sec--average_F1": 0.4348307134555699,
  "training_aux-worth--False_P": 0.9304230826730453,
  "training_aux-worth--False_R": 0.9886262549243868,
  "training_aux-worth--False_F1": 0.9586420418662184,
  "training_aux-worth--True_P": 0.8914164391871399,
  "training_aux-worth--True_R": 0.558108621344474,
  "training_aux-worth--True_F1": 0.6864416676397986,
  "training_aux-worth--average_F1": 0.8225418547530086,
  "training_loss": 0.08553340325353843,
  "validation_background_P": 0.8460144927536232,
  "validation_background_R": 0.8680297397769516,
  "validation_background_F1": 0.8568807339449042,
  "validation_method_P": 0.75,
  "validation_method_R": 0.7411764705882353,
  "validation_method_F1": 0.7455621301774649,
  "validation_result_P": 0.8482142857142857,
  "validation_result_R": 0.7723577235772358,
  "validation_result_F1": 0.8085106382978224,
  "validation_average_F1": 0.8036511674733973,
  "validation_aux-sec--introduction_P": 0.0,
  "validation_aux-sec--introduction_R": 0.0,
  "validation_aux-sec--introduction_F1": 0.0,
  "validation_aux-sec--conclusion_P": 0.0,
  "validation_aux-sec--conclusion_R": 0.0,
  "validation_aux-sec--conclusion_F1": 0.0,
  "validation_aux-sec--experiments_P": 0.0,
  "validation_aux-sec--experiments_R": 0.0,
  "validation_aux-sec--experiments_F1": 0.0,
  "validation_aux-sec--method_P": 0.0,
  "validation_aux-sec--method_R": 0.0,
  "validation_aux-sec--method_F1": 0.0,
  "validation_aux-sec--related work_P": 0.0,
  "validation_aux-sec--related work_R": 0.0,
  "validation_aux-sec--related work_F1": 0.0,
  "validation_aux-sec--average_F1": 0.0,
  "validation_aux-worth--False_P": 0.0,
  "validation_aux-worth--False_R": 0.0,
  "validation_aux-worth--False_F1": 0.0,
  "validation_aux-worth--True_P": 0.0,
  "validation_aux-worth--True_R": 0.0,
  "validation_aux-worth--True_F1": 0.0,
  "validation_aux-worth--average_F1": 0.0,
  "validation_loss": 1.8410276030110002,
  "best_epoch": 5,
  "best_validation_background_P": 0.8460144927536232,
  "best_validation_background_R": 0.8680297397769516,
  "best_validation_background_F1": 0.8568807339449042,
  "best_validation_method_P": 0.75,
  "best_validation_method_R": 0.7411764705882353,
  "best_validation_method_F1": 0.7455621301774649,
  "best_validation_result_P": 0.8482142857142857,
  "best_validation_result_R": 0.7723577235772358,
  "best_validation_result_F1": 0.8085106382978224,
  "best_validation_average_F1": 0.8036511674733973,
  "best_validation_aux-sec--introduction_P": 0.0,
  "best_validation_aux-sec--introduction_R": 0.0,
  "best_validation_aux-sec--introduction_F1": 0.0,
  "best_validation_aux-sec--conclusion_P": 0.0,
  "best_validation_aux-sec--conclusion_R": 0.0,
  "best_validation_aux-sec--conclusion_F1": 0.0,
  "best_validation_aux-sec--experiments_P": 0.0,
  "best_validation_aux-sec--experiments_R": 0.0,
  "best_validation_aux-sec--experiments_F1": 0.0,
  "best_validation_aux-sec--method_P": 0.0,
  "best_validation_aux-sec--method_R": 0.0,
  "best_validation_aux-sec--method_F1": 0.0,
  "best_validation_aux-sec--related work_P": 0.0,
  "best_validation_aux-sec--related work_R": 0.0,
  "best_validation_aux-sec--related work_F1": 0.0,
  "best_validation_aux-sec--average_F1": 0.0,
  "best_validation_aux-worth--False_P": 0.0,
  "best_validation_aux-worth--False_R": 0.0,
  "best_validation_aux-worth--False_F1": 0.0,
  "best_validation_aux-worth--True_P": 0.0,
  "best_validation_aux-worth--True_R": 0.0,
  "best_validation_aux-worth--True_F1": 0.0,
  "best_validation_aux-worth--average_F1": 0.0,
  "best_validation_loss": 1.8410276030110002
}