{
  "training_duration": "00:15:09",
  "training_start_epoch": 0,
  "training_epochs": 0,
  "epoch": 0,
  "training_background_P": 0.8734211233539371,
  "training_background_R": 0.9049773755656109,
  "training_background_F1": 0.8889192792915497,
  "training_method_P": 0.8181396068720013,
  "training_method_R": 0.7724682156948707,
  "training_method_F1": 0.7946482260973645,
  "training_result_P": 0.8512869399428027,
  "training_result_R": 0.8157734470158343,
  "training_result_F1": 0.8331519203855823,
  "training_average_F1": 0.8389064752581655,
  "training_aux-sec--introduction_P": 0.44336751041332906,
  "training_aux-sec--introduction_R": 0.7794128001126522,
  "training_aux-sec--introduction_F1": 0.5652140614229453,
  "training_aux-sec--conclusion_P": 0.46641903423351067,
  "training_aux-sec--conclusion_R": 0.3056981181734439,
  "training_aux-sec--conclusion_F1": 0.369331054493374,
  "training_aux-sec--experiments_P": 0.37243167763814083,
  "training_aux-sec--experiments_R": 0.15496347941567065,
  "training_aux-sec--experiments_F1": 0.21886173143422377,
  "training_aux-sec--method_P": 0.3302317415730337,
  "training_aux-sec--method_R": 0.15894879161737366,
  "training_aux-sec--method_F1": 0.21460353679402347,
  "training_aux-sec--related work_P": 0.3366921473245309,
  "training_aux-sec--related work_R": 0.16155385128376126,
  "training_aux-sec--related work_F1": 0.21834159531316033,
  "training_aux-sec--average_F1": 0.3172703958915454,
  "training_aux-worth--False_P": 0.8994526951497467,
  "training_aux-worth--False_R": 0.9841943067734147,
  "training_aux-worth--False_F1": 0.9399173208934913,
  "training_aux-worth--True_P": 0.7837426646381221,
  "training_aux-worth--True_R": 0.3423851120394987,
  "training_aux-worth--True_F1": 0.4765743738848451,
  "training_aux-worth--average_F1": 0.7082458473891682,
  "training_loss": 0.4507545362188747,
  "validation_background_P": 0.8357933579335793,
  "validation_background_R": 0.8420074349442379,
  "validation_background_F1": 0.8388888888888391,
  "validation_method_P": 0.7410358565737052,
  "validation_method_R": 0.7294117647058823,
  "validation_method_F1": 0.7351778656125982,
  "validation_result_P": 0.7479674796747967,
  "validation_result_R": 0.7479674796747967,
  "validation_result_F1": 0.7479674796747467,
  "validation_average_F1": 0.7740114113920614,
  "validation_aux-sec--introduction_P": 0.0,
  "validation_aux-sec--introduction_R": 0.0,
  "validation_aux-sec--introduction_F1": 0.0,
  "validation_aux-sec--conclusion_P": 0.0,
  "validation_aux-sec--conclusion_R": 0.0,
  "validation_aux-sec--conclusion_F1": 0.0,
  "validation_aux-sec--experiments_P": 0.0,
  "validation_aux-sec--experiments_R": 0.0,
  "validation_aux-sec--experiments_F1": 0.0,
  "validation_aux-sec--method_P": 0.0,
  "validation_aux-sec--method_R": 0.0,
  "validation_aux-sec--method_F1": 0.0,
  "validation_aux-sec--related work_P": 0.0,
  "validation_aux-sec--related work_R": 0.0,
  "validation_aux-sec--related work_F1": 0.0,
  "validation_aux-sec--average_F1": 0.0,
  "validation_aux-worth--False_P": 0.0,
  "validation_aux-worth--False_R": 0.0,
  "validation_aux-worth--False_F1": 0.0,
  "validation_aux-worth--True_P": 0.0,
  "validation_aux-worth--True_R": 0.0,
  "validation_aux-worth--True_F1": 0.0,
  "validation_aux-worth--average_F1": 0.0,
  "validation_loss": 0.6883624247435866,
  "best_epoch": 0,
  "best_validation_background_P": 0.8357933579335793,
  "best_validation_background_R": 0.8420074349442379,
  "best_validation_background_F1": 0.8388888888888391,
  "best_validation_method_P": 0.7410358565737052,
  "best_validation_method_R": 0.7294117647058823,
  "best_validation_method_F1": 0.7351778656125982,
  "best_validation_result_P": 0.7479674796747967,
  "best_validation_result_R": 0.7479674796747967,
  "best_validation_result_F1": 0.7479674796747467,
  "best_validation_average_F1": 0.7740114113920614,
  "best_validation_aux-sec--introduction_P": 0.0,
  "best_validation_aux-sec--introduction_R": 0.0,
  "best_validation_aux-sec--introduction_F1": 0.0,
  "best_validation_aux-sec--conclusion_P": 0.0,
  "best_validation_aux-sec--conclusion_R": 0.0,
  "best_validation_aux-sec--conclusion_F1": 0.0,
  "best_validation_aux-sec--experiments_P": 0.0,
  "best_validation_aux-sec--experiments_R": 0.0,
  "best_validation_aux-sec--experiments_F1": 0.0,
  "best_validation_aux-sec--method_P": 0.0,
  "best_validation_aux-sec--method_R": 0.0,
  "best_validation_aux-sec--method_F1": 0.0,
  "best_validation_aux-sec--related work_P": 0.0,
  "best_validation_aux-sec--related work_R": 0.0,
  "best_validation_aux-sec--related work_F1": 0.0,
  "best_validation_aux-sec--average_F1": 0.0,
  "best_validation_aux-worth--False_P": 0.0,
  "best_validation_aux-worth--False_R": 0.0,
  "best_validation_aux-worth--False_F1": 0.0,
  "best_validation_aux-worth--True_P": 0.0,
  "best_validation_aux-worth--True_R": 0.0,
  "best_validation_aux-worth--True_F1": 0.0,
  "best_validation_aux-worth--average_F1": 0.0,
  "best_validation_loss": 0.6883624247435866
}