{
  "training_duration": "02:17:25",
  "training_start_epoch": 0,
  "training_epochs": 8,
  "epoch": 8,
  "training_background_P": 0.998005056948665,
  "training_background_R": 0.998282943128292,
  "training_background_F1": 0.9981439806973494,
  "training_method_P": 0.9967431460237216,
  "training_method_R": 0.9962104649468008,
  "training_method_F1": 0.9964767342971194,
  "training_result_P": 0.9963291526460691,
  "training_result_R": 0.9962275693311582,
  "training_result_F1": 0.9962783583991343,
  "training_average_F1": 0.9969663577978677,
  "training_aux-sec--introduction_P": 0.5322838297433783,
  "training_aux-sec--introduction_R": 0.7272759276209252,
  "training_aux-sec--introduction_F1": 0.6146865422951697,
  "training_aux-sec--conclusion_P": 0.5350714761869492,
  "training_aux-sec--conclusion_R": 0.4753257007500987,
  "training_aux-sec--conclusion_F1": 0.50343217533707,
  "training_aux-sec--experiments_P": 0.469066222620725,
  "training_aux-sec--experiments_R": 0.30395086321381143,
  "training_aux-sec--experiments_F1": 0.3688743389573937,
  "training_aux-sec--method_P": 0.4193144858643983,
  "training_aux-sec--method_R": 0.28325164779449047,
  "training_aux-sec--method_F1": 0.33810772644739995,
  "training_aux-sec--related work_P": 0.5251396648044693,
  "training_aux-sec--related work_R": 0.4701567189063021,
  "training_aux-sec--related work_F1": 0.4961294862772197,
  "training_aux-sec--average_F1": 0.4642460538628506,
  "training_aux-worth--False_P": 0.9346729140385656,
  "training_aux-worth--False_R": 0.9886580251620282,
  "training_aux-worth--False_F1": 0.9609078276979583,
  "training_aux-worth--True_P": 0.896461716937355,
  "training_aux-worth--True_R": 0.5869730345613369,
  "training_aux-worth--True_F1": 0.7094330961670396,
  "training_aux-worth--average_F1": 0.835170461932499,
  "training_loss": 0.0769504700476519,
  "validation_background_P": 0.849721706864564,
  "validation_background_R": 0.8513011152416357,
  "validation_background_F1": 0.8505106778086781,
  "validation_method_P": 0.7470817120622568,
  "validation_method_R": 0.7529411764705882,
  "validation_method_F1": 0.74999999999995,
  "validation_result_P": 0.7833333333333333,
  "validation_result_R": 0.7642276422764228,
  "validation_result_F1": 0.7736625514402793,
  "validation_average_F1": 0.7913910764163026,
  "validation_aux-sec--introduction_P": 0.0,
  "validation_aux-sec--introduction_R": 0.0,
  "validation_aux-sec--introduction_F1": 0.0,
  "validation_aux-sec--conclusion_P": 0.0,
  "validation_aux-sec--conclusion_R": 0.0,
  "validation_aux-sec--conclusion_F1": 0.0,
  "validation_aux-sec--experiments_P": 0.0,
  "validation_aux-sec--experiments_R": 0.0,
  "validation_aux-sec--experiments_F1": 0.0,
  "validation_aux-sec--method_P": 0.0,
  "validation_aux-sec--method_R": 0.0,
  "validation_aux-sec--method_F1": 0.0,
  "validation_aux-sec--related work_P": 0.0,
  "validation_aux-sec--related work_R": 0.0,
  "validation_aux-sec--related work_F1": 0.0,
  "validation_aux-sec--average_F1": 0.0,
  "validation_aux-worth--False_P": 0.0,
  "validation_aux-worth--False_R": 0.0,
  "validation_aux-worth--False_F1": 0.0,
  "validation_aux-worth--True_P": 0.0,
  "validation_aux-worth--True_R": 0.0,
  "validation_aux-worth--True_F1": 0.0,
  "validation_aux-worth--average_F1": 0.0,
  "validation_loss": 2.1165386438279428,
  "best_epoch": 5,
  "best_validation_background_P": 0.8460144927536232,
  "best_validation_background_R": 0.8680297397769516,
  "best_validation_background_F1": 0.8568807339449042,
  "best_validation_method_P": 0.75,
  "best_validation_method_R": 0.7411764705882353,
  "best_validation_method_F1": 0.7455621301774649,
  "best_validation_result_P": 0.8482142857142857,
  "best_validation_result_R": 0.7723577235772358,
  "best_validation_result_F1": 0.8085106382978224,
  "best_validation_average_F1": 0.8036511674733973,
  "best_validation_aux-sec--introduction_P": 0.0,
  "best_validation_aux-sec--introduction_R": 0.0,
  "best_validation_aux-sec--introduction_F1": 0.0,
  "best_validation_aux-sec--conclusion_P": 0.0,
  "best_validation_aux-sec--conclusion_R": 0.0,
  "best_validation_aux-sec--conclusion_F1": 0.0,
  "best_validation_aux-sec--experiments_P": 0.0,
  "best_validation_aux-sec--experiments_R": 0.0,
  "best_validation_aux-sec--experiments_F1": 0.0,
  "best_validation_aux-sec--method_P": 0.0,
  "best_validation_aux-sec--method_R": 0.0,
  "best_validation_aux-sec--method_F1": 0.0,
  "best_validation_aux-sec--related work_P": 0.0,
  "best_validation_aux-sec--related work_R": 0.0,
  "best_validation_aux-sec--related work_F1": 0.0,
  "best_validation_aux-sec--average_F1": 0.0,
  "best_validation_aux-worth--False_P": 0.0,
  "best_validation_aux-worth--False_R": 0.0,
  "best_validation_aux-worth--False_F1": 0.0,
  "best_validation_aux-worth--True_P": 0.0,
  "best_validation_aux-worth--True_R": 0.0,
  "best_validation_aux-worth--True_F1": 0.0,
  "best_validation_aux-worth--average_F1": 0.0,
  "best_validation_loss": 1.8410276030110002,
  "test_background_P": 0.8225024248302619,
  "test_background_R": 0.8505516549648947,
  "test_background_F1": 0.8362919132149401,
  "test_method_P": 0.8144876325088339,
  "test_method_R": 0.7619834710743801,
  "test_method_F1": 0.7873612297181396,
  "test_result_P": 0.7462121212121212,
  "test_result_R": 0.7606177606177607,
  "test_result_F1": 0.7533460803058774,
  "test_average_F1": 0.7923330744129856,
  "test_aux-sec--introduction_P": 0.0,
  "test_aux-sec--introduction_R": 0.0,
  "test_aux-sec--introduction_F1": 0.0,
  "test_aux-sec--conclusion_P": 0.0,
  "test_aux-sec--conclusion_R": 0.0,
  "test_aux-sec--conclusion_F1": 0.0,
  "test_aux-sec--experiments_P": 0.0,
  "test_aux-sec--experiments_R": 0.0,
  "test_aux-sec--experiments_F1": 0.0,
  "test_aux-sec--method_P": 0.0,
  "test_aux-sec--method_R": 0.0,
  "test_aux-sec--method_F1": 0.0,
  "test_aux-sec--related work_P": 0.0,
  "test_aux-sec--related work_R": 0.0,
  "test_aux-sec--related work_F1": 0.0,
  "test_aux-sec--average_F1": 0.0,
  "test_aux-worth--False_P": 0.0,
  "test_aux-worth--False_R": 0.0,
  "test_aux-worth--False_F1": 0.0,
  "test_aux-worth--True_P": 0.0,
  "test_aux-worth--True_R": 0.0,
  "test_aux-worth--True_F1": 0.0,
  "test_aux-worth--average_F1": 0.0,
  "test_loss": 1.614557859602257
}