{
  "training_duration": "01:14:30",
  "training_start_epoch": 0,
  "training_epochs": 4,
  "epoch": 4,
  "training_background_P": 0.9951124597530749,
  "training_background_R": 0.9960122414912362,
  "training_background_F1": 0.9955621473181198,
  "training_method_P": 0.9929311275833292,
  "training_method_R": 0.9919085916045508,
  "training_method_F1": 0.9924195962023886,
  "training_result_P": 0.9936581437487417,
  "training_result_R": 0.9918609324758842,
  "training_result_F1": 0.9927587247309165,
  "training_average_F1": 0.9935801560838082,
  "training_aux-sec--introduction_P": 0.49978239845261124,
  "training_aux-sec--introduction_R": 0.7276983735830458,
  "training_aux-sec--introduction_F1": 0.5925809133388273,
  "training_aux-sec--conclusion_P": 0.5121310953782515,
  "training_aux-sec--conclusion_R": 0.4236083695223056,
  "training_aux-sec--conclusion_F1": 0.46368252367743257,
  "training_aux-sec--experiments_P": 0.4297908664105847,
  "training_aux-sec--experiments_R": 0.25074701195219123,
  "training_aux-sec--experiments_F1": 0.3167164648529177,
  "training_aux-sec--method_P": 0.3946984758117959,
  "training_aux-sec--method_R": 0.2516477944904512,
  "training_aux-sec--method_F1": 0.3073430001547592,
  "training_aux-sec--related work_P": 0.4641494275959028,
  "training_aux-sec--related work_R": 0.385295098366122,
  "training_aux-sec--related work_F1": 0.4210622210075117,
  "training_aux-sec--average_F1": 0.42027702460628974,
  "training_aux-worth--False_P": 0.9291240963135567,
  "training_aux-worth--False_R": 0.9881020460033041,
  "training_aux-worth--False_F1": 0.9577059276365936,
  "training_aux-worth--True_P": 0.8854039167686658,
  "training_aux-worth--True_R": 0.5494682871249525,
  "training_aux-worth--True_F1": 0.6781110850714316,
  "training_aux-worth--average_F1": 0.8179085063540126,
  "training_loss": 0.09093626000712231,
  "validation_background_P": 0.8438661710037175,
  "validation_background_R": 0.8438661710037175,
  "validation_background_F1": 0.8438661710036677,
  "validation_method_P": 0.7391304347826086,
  "validation_method_R": 0.7333333333333333,
  "validation_method_F1": 0.736220472440895,
  "validation_result_P": 0.776,
  "validation_result_R": 0.7886178861788617,
  "validation_result_F1": 0.782258064516079,
  "validation_average_F1": 0.7874482359868805,
  "validation_aux-sec--introduction_P": 0.0,
  "validation_aux-sec--introduction_R": 0.0,
  "validation_aux-sec--introduction_F1": 0.0,
  "validation_aux-sec--conclusion_P": 0.0,
  "validation_aux-sec--conclusion_R": 0.0,
  "validation_aux-sec--conclusion_F1": 0.0,
  "validation_aux-sec--experiments_P": 0.0,
  "validation_aux-sec--experiments_R": 0.0,
  "validation_aux-sec--experiments_F1": 0.0,
  "validation_aux-sec--method_P": 0.0,
  "validation_aux-sec--method_R": 0.0,
  "validation_aux-sec--method_F1": 0.0,
  "validation_aux-sec--related work_P": 0.0,
  "validation_aux-sec--related work_R": 0.0,
  "validation_aux-sec--related work_F1": 0.0,
  "validation_aux-sec--average_F1": 0.0,
  "validation_aux-worth--False_P": 0.0,
  "validation_aux-worth--False_R": 0.0,
  "validation_aux-worth--False_F1": 0.0,
  "validation_aux-worth--True_P": 0.0,
  "validation_aux-worth--True_R": 0.0,
  "validation_aux-worth--True_F1": 0.0,
  "validation_aux-worth--average_F1": 0.0,
  "validation_loss": 1.6127436274088316,
  "best_epoch": 4,
  "best_validation_background_P": 0.8438661710037175,
  "best_validation_background_R": 0.8438661710037175,
  "best_validation_background_F1": 0.8438661710036677,
  "best_validation_method_P": 0.7391304347826086,
  "best_validation_method_R": 0.7333333333333333,
  "best_validation_method_F1": 0.736220472440895,
  "best_validation_result_P": 0.776,
  "best_validation_result_R": 0.7886178861788617,
  "best_validation_result_F1": 0.782258064516079,
  "best_validation_average_F1": 0.7874482359868805,
  "best_validation_aux-sec--introduction_P": 0.0,
  "best_validation_aux-sec--introduction_R": 0.0,
  "best_validation_aux-sec--introduction_F1": 0.0,
  "best_validation_aux-sec--conclusion_P": 0.0,
  "best_validation_aux-sec--conclusion_R": 0.0,
  "best_validation_aux-sec--conclusion_F1": 0.0,
  "best_validation_aux-sec--experiments_P": 0.0,
  "best_validation_aux-sec--experiments_R": 0.0,
  "best_validation_aux-sec--experiments_F1": 0.0,
  "best_validation_aux-sec--method_P": 0.0,
  "best_validation_aux-sec--method_R": 0.0,
  "best_validation_aux-sec--method_F1": 0.0,
  "best_validation_aux-sec--related work_P": 0.0,
  "best_validation_aux-sec--related work_R": 0.0,
  "best_validation_aux-sec--related work_F1": 0.0,
  "best_validation_aux-sec--average_F1": 0.0,
  "best_validation_aux-worth--False_P": 0.0,
  "best_validation_aux-worth--False_R": 0.0,
  "best_validation_aux-worth--False_F1": 0.0,
  "best_validation_aux-worth--True_P": 0.0,
  "best_validation_aux-worth--True_R": 0.0,
  "best_validation_aux-worth--True_F1": 0.0,
  "best_validation_aux-worth--average_F1": 0.0,
  "best_validation_loss": 1.6127436274088316
}