{
  "training_duration": "01:31:23",
  "training_start_epoch": 0,
  "training_epochs": 8,
  "epoch": 8,
  "training_background_P": 0.9972825455812333,
  "training_background_R": 0.9976301115241636,
  "training_background_F1": 0.9974562982751111,
  "training_method_P": 0.9961487836981426,
  "training_method_R": 0.995711918916285,
  "training_method_F1": 0.9959303033994871,
  "training_result_P": 0.9960701330108828,
  "training_result_R": 0.9954682779456193,
  "training_result_F1": 0.9957691145360638,
  "training_average_F1": 0.9963852387368873,
  "training_aux-sec--introduction_P": 0.15384615384615385,
  "training_aux-sec--introduction_R": 0.0001408153207068929,
  "training_aux-sec--introduction_F1": 0.00028137310073138733,
  "training_aux-sec--conclusion_P": 0.43461900282220134,
  "training_aux-sec--conclusion_R": 0.030398736675878404,
  "training_aux-sec--conclusion_F1": 0.05682307361169678,
  "training_aux-sec--experiments_P": 0.18569345249224095,
  "training_aux-sec--experiments_R": 0.4121845949535193,
  "training_aux-sec--experiments_F1": 0.25603877188003243,
  "training_aux-sec--method_P": 0.12034383954154727,
  "training_aux-sec--method_R": 0.0035490958255872907,
  "training_aux-sec--method_F1": 0.006894853484357892,
  "training_aux-sec--related work_P": 0.08346025649515484,
  "training_aux-sec--related work_R": 0.630376792264088,
  "training_aux-sec--related work_F1": 0.14740453402465722,
  "training_aux-sec--average_F1": 0.09348852122029513,
  "training_aux-worth--False_P": 0.8579369389515382,
  "training_aux-worth--False_R": 0.42661075104841784,
  "training_aux-worth--False_F1": 0.5698583629515231,
  "training_aux-worth--True_P": 0.14425926364951044,
  "training_aux-worth--True_R": 0.5777630079756931,
  "training_aux-worth--True_F1": 0.23087283971692585,
  "training_aux-worth--average_F1": 0.4003656013342245,
  "training_loss": 0.010717331316352673,
  "validation_background_P": 0.8734177215189873,
  "validation_background_R": 0.8977695167286245,
  "validation_background_F1": 0.8854262144820766,
  "validation_method_P": 0.8163265306122449,
  "validation_method_R": 0.7843137254901961,
  "validation_method_F1": 0.7999999999999502,
  "validation_result_P": 0.8135593220338984,
  "validation_result_R": 0.7804878048780488,
  "validation_result_F1": 0.7966804979252614,
  "validation_average_F1": 0.8273689041357627,
  "validation_aux-sec--introduction_P": 0.0,
  "validation_aux-sec--introduction_R": 0.0,
  "validation_aux-sec--introduction_F1": 0.0,
  "validation_aux-sec--conclusion_P": 0.0,
  "validation_aux-sec--conclusion_R": 0.0,
  "validation_aux-sec--conclusion_F1": 0.0,
  "validation_aux-sec--experiments_P": 0.0,
  "validation_aux-sec--experiments_R": 0.0,
  "validation_aux-sec--experiments_F1": 0.0,
  "validation_aux-sec--method_P": 0.0,
  "validation_aux-sec--method_R": 0.0,
  "validation_aux-sec--method_F1": 0.0,
  "validation_aux-sec--related work_P": 0.0,
  "validation_aux-sec--related work_R": 0.0,
  "validation_aux-sec--related work_F1": 0.0,
  "validation_aux-sec--average_F1": 0.0,
  "validation_aux-worth--False_P": 0.0,
  "validation_aux-worth--False_R": 0.0,
  "validation_aux-worth--False_F1": 0.0,
  "validation_aux-worth--True_P": 0.0,
  "validation_aux-worth--True_R": 0.0,
  "validation_aux-worth--True_F1": 0.0,
  "validation_aux-worth--average_F1": 0.0,
  "validation_loss": 1.4322403407302395,
  "best_epoch": 8,
  "best_validation_background_P": 0.8734177215189873,
  "best_validation_background_R": 0.8977695167286245,
  "best_validation_background_F1": 0.8854262144820766,
  "best_validation_method_P": 0.8163265306122449,
  "best_validation_method_R": 0.7843137254901961,
  "best_validation_method_F1": 0.7999999999999502,
  "best_validation_result_P": 0.8135593220338984,
  "best_validation_result_R": 0.7804878048780488,
  "best_validation_result_F1": 0.7966804979252614,
  "best_validation_average_F1": 0.8273689041357627,
  "best_validation_aux-sec--introduction_P": 0.0,
  "best_validation_aux-sec--introduction_R": 0.0,
  "best_validation_aux-sec--introduction_F1": 0.0,
  "best_validation_aux-sec--conclusion_P": 0.0,
  "best_validation_aux-sec--conclusion_R": 0.0,
  "best_validation_aux-sec--conclusion_F1": 0.0,
  "best_validation_aux-sec--experiments_P": 0.0,
  "best_validation_aux-sec--experiments_R": 0.0,
  "best_validation_aux-sec--experiments_F1": 0.0,
  "best_validation_aux-sec--method_P": 0.0,
  "best_validation_aux-sec--method_R": 0.0,
  "best_validation_aux-sec--method_F1": 0.0,
  "best_validation_aux-sec--related work_P": 0.0,
  "best_validation_aux-sec--related work_R": 0.0,
  "best_validation_aux-sec--related work_F1": 0.0,
  "best_validation_aux-sec--average_F1": 0.0,
  "best_validation_aux-worth--False_P": 0.0,
  "best_validation_aux-worth--False_R": 0.0,
  "best_validation_aux-worth--False_F1": 0.0,
  "best_validation_aux-worth--True_P": 0.0,
  "best_validation_aux-worth--True_R": 0.0,
  "best_validation_aux-worth--True_F1": 0.0,
  "best_validation_aux-worth--average_F1": 0.0,
  "best_validation_loss": 1.4322403407302395
}