{
  "training_duration": "00:40:46",
  "training_start_epoch": 0,
  "training_epochs": 3,
  "epoch": 3,
  "training_background_P": 0.9862601079728446,
  "training_background_R": 0.9873353126739655,
  "training_background_F1": 0.9867974174403413,
  "training_method_P": 0.9781779039044917,
  "training_method_R": 0.9766964678294006,
  "training_method_F1": 0.9774366245385375,
  "training_result_P": 0.9806973218797372,
  "training_result_R": 0.979114115629099,
  "training_result_F1": 0.9799050792688585,
  "training_average_F1": 0.9813797070825792,
  "training_aux-sec--introduction_P": 0.14814814814814814,
  "training_aux-sec--introduction_R": 0.0001408153207068929,
  "training_aux-sec--introduction_F1": 0.00028136320472671206,
  "training_aux-sec--conclusion_P": 0.43109540636042404,
  "training_aux-sec--conclusion_R": 0.008027372022634557,
  "training_aux-sec--conclusion_F1": 0.015761255732830208,
  "training_aux-sec--experiments_P": 0.1824117991033721,
  "training_aux-sec--experiments_R": 0.4660524568393094,
  "training_aux-sec--experiments_F1": 0.26219939294882716,
  "training_aux-sec--method_P": 0.099601593625498,
  "training_aux-sec--method_R": 0.002112557039040054,
  "training_aux-sec--method_F1": 0.004137360364083644,
  "training_aux-sec--related work_P": 0.08303077762748867,
  "training_aux-sec--related work_R": 0.5833611203734578,
  "training_aux-sec--related work_F1": 0.14537069735555266,
  "training_aux-sec--average_F1": 0.08555001392120407,
  "training_aux-worth--False_P": 0.8644076883896737,
  "training_aux-worth--False_R": 0.5122156563731096,
  "training_aux-worth--False_F1": 0.6432596877960731,
  "training_aux-worth--True_P": 0.1512948785274039,
  "training_aux-worth--True_R": 0.5197493353589062,
  "training_aux-worth--True_F1": 0.23436730674541068,
  "training_aux-worth--average_F1": 0.4388134972707419,
  "training_loss": 0.04842601397886258,
  "validation_background_P": 0.8678571428571429,
  "validation_background_R": 0.9033457249070632,
  "validation_background_F1": 0.8852459016392944,
  "validation_method_P": 0.826271186440678,
  "validation_method_R": 0.7647058823529411,
  "validation_method_F1": 0.7942973523421089,
  "validation_result_P": 0.8,
  "validation_result_R": 0.7804878048780488,
  "validation_result_F1": 0.7901234567900736,
  "validation_average_F1": 0.8232222369238257,
  "validation_aux-sec--introduction_P": 0.0,
  "validation_aux-sec--introduction_R": 0.0,
  "validation_aux-sec--introduction_F1": 0.0,
  "validation_aux-sec--conclusion_P": 0.0,
  "validation_aux-sec--conclusion_R": 0.0,
  "validation_aux-sec--conclusion_F1": 0.0,
  "validation_aux-sec--experiments_P": 0.0,
  "validation_aux-sec--experiments_R": 0.0,
  "validation_aux-sec--experiments_F1": 0.0,
  "validation_aux-sec--method_P": 0.0,
  "validation_aux-sec--method_R": 0.0,
  "validation_aux-sec--method_F1": 0.0,
  "validation_aux-sec--related work_P": 0.0,
  "validation_aux-sec--related work_R": 0.0,
  "validation_aux-sec--related work_F1": 0.0,
  "validation_aux-sec--average_F1": 0.0,
  "validation_aux-worth--False_P": 0.0,
  "validation_aux-worth--False_R": 0.0,
  "validation_aux-worth--False_F1": 0.0,
  "validation_aux-worth--True_P": 0.0,
  "validation_aux-worth--True_R": 0.0,
  "validation_aux-worth--True_F1": 0.0,
  "validation_aux-worth--average_F1": 0.0,
  "validation_loss": 0.9814539947386446,
  "best_epoch": 3,
  "best_validation_background_P": 0.8678571428571429,
  "best_validation_background_R": 0.9033457249070632,
  "best_validation_background_F1": 0.8852459016392944,
  "best_validation_method_P": 0.826271186440678,
  "best_validation_method_R": 0.7647058823529411,
  "best_validation_method_F1": 0.7942973523421089,
  "best_validation_result_P": 0.8,
  "best_validation_result_R": 0.7804878048780488,
  "best_validation_result_F1": 0.7901234567900736,
  "best_validation_average_F1": 0.8232222369238257,
  "best_validation_aux-sec--introduction_P": 0.0,
  "best_validation_aux-sec--introduction_R": 0.0,
  "best_validation_aux-sec--introduction_F1": 0.0,
  "best_validation_aux-sec--conclusion_P": 0.0,
  "best_validation_aux-sec--conclusion_R": 0.0,
  "best_validation_aux-sec--conclusion_F1": 0.0,
  "best_validation_aux-sec--experiments_P": 0.0,
  "best_validation_aux-sec--experiments_R": 0.0,
  "best_validation_aux-sec--experiments_F1": 0.0,
  "best_validation_aux-sec--method_P": 0.0,
  "best_validation_aux-sec--method_R": 0.0,
  "best_validation_aux-sec--method_F1": 0.0,
  "best_validation_aux-sec--related work_P": 0.0,
  "best_validation_aux-sec--related work_R": 0.0,
  "best_validation_aux-sec--related work_F1": 0.0,
  "best_validation_aux-sec--average_F1": 0.0,
  "best_validation_aux-worth--False_P": 0.0,
  "best_validation_aux-worth--False_R": 0.0,
  "best_validation_aux-worth--False_F1": 0.0,
  "best_validation_aux-worth--True_P": 0.0,
  "best_validation_aux-worth--True_R": 0.0,
  "best_validation_aux-worth--True_F1": 0.0,
  "best_validation_aux-worth--average_F1": 0.0,
  "best_validation_loss": 0.9814539947386446
}