{
  "training_duration": "01:21:12",
  "training_start_epoch": 0,
  "training_epochs": 7,
  "epoch": 7,
  "training_background_P": 0.9955461736528335,
  "training_background_R": 0.9958464822721367,
  "training_background_F1": 0.9956963053186672,
  "training_method_P": 0.9927638977167164,
  "training_method_R": 0.992084819465481,
  "training_method_F1": 0.9924242424241925,
  "training_result_P": 0.9945619335347432,
  "training_result_R": 0.9946621009165072,
  "training_result_F1": 0.9946120147036109,
  "training_average_F1": 0.9942441874821569,
  "training_aux-sec--introduction_P": 0.125,
  "training_aux-sec--introduction_R": 0.00010561149053016968,
  "training_aux-sec--introduction_F1": 0.00021104467112188546,
  "training_aux-sec--conclusion_P": 0.42377260981912146,
  "training_aux-sec--conclusion_R": 0.03237268061587051,
  "training_aux-sec--conclusion_F1": 0.06015037593983644,
  "training_aux-sec--experiments_P": 0.1839301078827189,
  "training_aux-sec--experiments_R": 0.46132138114209825,
  "training_aux-sec--experiments_F1": 0.26300099370648455,
  "training_aux-sec--method_P": 0.1265597147950089,
  "training_aux-sec--method_R": 0.005999661990873754,
  "training_aux-sec--method_F1": 0.011456232351746096,
  "training_aux-sec--related work_P": 0.08314065510597303,
  "training_aux-sec--related work_R": 0.5755251750583528,
  "training_aux-sec--related work_F1": 0.14529231028239725,
  "training_aux-sec--average_F1": 0.09602219139031724,
  "training_aux-worth--False_P": 0.8597813395605562,
  "training_aux-worth--False_R": 0.38600838734273735,
  "training_aux-worth--False_F1": 0.5328071040946786,
  "training_aux-worth--True_P": 0.14526436832445103,
  "training_aux-worth--True_R": 0.6237181921762248,
  "training_aux-worth--True_F1": 0.23564651229527184,
  "training_aux-worth--average_F1": 0.38422680819497523,
  "training_loss": 0.01613478887425032,
  "validation_background_P": 0.8602150537634409,
  "validation_background_R": 0.8921933085501859,
  "validation_background_F1": 0.8759124087590742,
  "validation_method_P": 0.8200836820083682,
  "validation_method_R": 0.7686274509803922,
  "validation_method_F1": 0.7935222672064279,
  "validation_result_P": 0.8067226890756303,
  "validation_result_R": 0.7804878048780488,
  "validation_result_F1": 0.7933884297520162,
  "validation_average_F1": 0.8209410352391728,
  "validation_aux-sec--introduction_P": 0.0,
  "validation_aux-sec--introduction_R": 0.0,
  "validation_aux-sec--introduction_F1": 0.0,
  "validation_aux-sec--conclusion_P": 0.0,
  "validation_aux-sec--conclusion_R": 0.0,
  "validation_aux-sec--conclusion_F1": 0.0,
  "validation_aux-sec--experiments_P": 0.0,
  "validation_aux-sec--experiments_R": 0.0,
  "validation_aux-sec--experiments_F1": 0.0,
  "validation_aux-sec--method_P": 0.0,
  "validation_aux-sec--method_R": 0.0,
  "validation_aux-sec--method_F1": 0.0,
  "validation_aux-sec--related work_P": 0.0,
  "validation_aux-sec--related work_R": 0.0,
  "validation_aux-sec--related work_F1": 0.0,
  "validation_aux-sec--average_F1": 0.0,
  "validation_aux-worth--False_P": 0.0,
  "validation_aux-worth--False_R": 0.0,
  "validation_aux-worth--False_F1": 0.0,
  "validation_aux-worth--True_P": 0.0,
  "validation_aux-worth--True_R": 0.0,
  "validation_aux-worth--True_F1": 0.0,
  "validation_aux-worth--average_F1": 0.0,
  "validation_loss": 1.2533802009862045,
  "best_epoch": 4,
  "best_validation_background_P": 0.8663101604278075,
  "best_validation_background_R": 0.9033457249070632,
  "best_validation_background_F1": 0.8844404003639172,
  "best_validation_method_P": 0.8140495867768595,
  "best_validation_method_R": 0.7725490196078432,
  "best_validation_method_F1": 0.7927565392353625,
  "best_validation_result_P": 0.831858407079646,
  "best_validation_result_R": 0.7642276422764228,
  "best_validation_result_F1": 0.7966101694914757,
  "best_validation_average_F1": 0.8246023696969185,
  "best_validation_aux-sec--introduction_P": 0.0,
  "best_validation_aux-sec--introduction_R": 0.0,
  "best_validation_aux-sec--introduction_F1": 0.0,
  "best_validation_aux-sec--conclusion_P": 0.0,
  "best_validation_aux-sec--conclusion_R": 0.0,
  "best_validation_aux-sec--conclusion_F1": 0.0,
  "best_validation_aux-sec--experiments_P": 0.0,
  "best_validation_aux-sec--experiments_R": 0.0,
  "best_validation_aux-sec--experiments_F1": 0.0,
  "best_validation_aux-sec--method_P": 0.0,
  "best_validation_aux-sec--method_R": 0.0,
  "best_validation_aux-sec--method_F1": 0.0,
  "best_validation_aux-sec--related work_P": 0.0,
  "best_validation_aux-sec--related work_R": 0.0,
  "best_validation_aux-sec--related work_F1": 0.0,
  "best_validation_aux-sec--average_F1": 0.0,
  "best_validation_aux-worth--False_P": 0.0,
  "best_validation_aux-worth--False_R": 0.0,
  "best_validation_aux-worth--False_F1": 0.0,
  "best_validation_aux-worth--True_P": 0.0,
  "best_validation_aux-worth--True_R": 0.0,
  "best_validation_aux-worth--True_F1": 0.0,
  "best_validation_aux-worth--average_F1": 0.0,
  "best_validation_loss": 1.069126493779236
}