{
  "training_duration": "00:10:32",
  "training_start_epoch": 0,
  "training_epochs": 0,
  "epoch": 0,
  "training_background_P": 0.8822451214878065,
  "training_background_R": 0.9143962561393754,
  "training_background_F1": 0.898033014413893,
  "training_method_P": 0.83933446659455,
  "training_method_R": 0.7952948067161265,
  "training_method_F1": 0.8167213854288866,
  "training_result_P": 0.8550631556411903,
  "training_result_R": 0.8117886178861788,
  "training_result_F1": 0.8328641434677845,
  "training_average_F1": 0.8492061811035213,
  "training_aux-sec--introduction_P": 0.0,
  "training_aux-sec--introduction_R": 0.0,
  "training_aux-sec--introduction_F1": 0.0,
  "training_aux-sec--conclusion_P": 0.6035242290748899,
  "training_aux-sec--conclusion_R": 0.009014343992630609,
  "training_aux-sec--conclusion_F1": 0.017763371150726435,
  "training_aux-sec--experiments_P": 0.19412101546096583,
  "training_aux-sec--experiments_R": 0.4220617529880478,
  "training_aux-sec--experiments_F1": 0.2659310200559148,
  "training_aux-sec--method_P": 0.07939189189189189,
  "training_aux-sec--method_R": 0.003971607233395302,
  "training_aux-sec--method_F1": 0.007564783518420026,
  "training_aux-sec--related work_P": 0.08975876390712087,
  "training_aux-sec--related work_R": 0.6953984661553851,
  "training_aux-sec--related work_F1": 0.15899517792133983,
  "training_aux-sec--average_F1": 0.09005087052928022,
  "training_aux-worth--False_P": 0.8401624328285295,
  "training_aux-worth--False_R": 0.4371108145888931,
  "training_aux-worth--False_F1": 0.5750438853130035,
  "training_aux-worth--True_P": 0.13004517332809584,
  "training_aux-worth--True_R": 0.5029434105582985,
  "training_aux-worth--True_F1": 0.20665574282144047,
  "training_aux-worth--average_F1": 0.390849814067222,
  "training_loss": 0.3503214335105551,
  "validation_background_P": 0.8721374045801527,
  "validation_background_R": 0.8494423791821561,
  "validation_background_F1": 0.8606403013182176,
  "validation_method_P": 0.7951807228915663,
  "validation_method_R": 0.7764705882352941,
  "validation_method_F1": 0.7857142857142357,
  "validation_result_P": 0.6783216783216783,
  "validation_result_R": 0.7886178861788617,
  "validation_result_F1": 0.729323308270627,
  "validation_average_F1": 0.7918926317676934,
  "validation_aux-sec--introduction_P": 0.0,
  "validation_aux-sec--introduction_R": 0.0,
  "validation_aux-sec--introduction_F1": 0.0,
  "validation_aux-sec--conclusion_P": 0.0,
  "validation_aux-sec--conclusion_R": 0.0,
  "validation_aux-sec--conclusion_F1": 0.0,
  "validation_aux-sec--experiments_P": 0.0,
  "validation_aux-sec--experiments_R": 0.0,
  "validation_aux-sec--experiments_F1": 0.0,
  "validation_aux-sec--method_P": 0.0,
  "validation_aux-sec--method_R": 0.0,
  "validation_aux-sec--method_F1": 0.0,
  "validation_aux-sec--related work_P": 0.0,
  "validation_aux-sec--related work_R": 0.0,
  "validation_aux-sec--related work_F1": 0.0,
  "validation_aux-sec--average_F1": 0.0,
  "validation_aux-worth--False_P": 0.0,
  "validation_aux-worth--False_R": 0.0,
  "validation_aux-worth--False_F1": 0.0,
  "validation_aux-worth--True_P": 0.0,
  "validation_aux-worth--True_R": 0.0,
  "validation_aux-worth--True_F1": 0.0,
  "validation_aux-worth--average_F1": 0.0,
  "validation_loss": 0.5008084861368969,
  "best_epoch": 0,
  "best_validation_background_P": 0.8721374045801527,
  "best_validation_background_R": 0.8494423791821561,
  "best_validation_background_F1": 0.8606403013182176,
  "best_validation_method_P": 0.7951807228915663,
  "best_validation_method_R": 0.7764705882352941,
  "best_validation_method_F1": 0.7857142857142357,
  "best_validation_result_P": 0.6783216783216783,
  "best_validation_result_R": 0.7886178861788617,
  "best_validation_result_F1": 0.729323308270627,
  "best_validation_average_F1": 0.7918926317676934,
  "best_validation_aux-sec--introduction_P": 0.0,
  "best_validation_aux-sec--introduction_R": 0.0,
  "best_validation_aux-sec--introduction_F1": 0.0,
  "best_validation_aux-sec--conclusion_P": 0.0,
  "best_validation_aux-sec--conclusion_R": 0.0,
  "best_validation_aux-sec--conclusion_F1": 0.0,
  "best_validation_aux-sec--experiments_P": 0.0,
  "best_validation_aux-sec--experiments_R": 0.0,
  "best_validation_aux-sec--experiments_F1": 0.0,
  "best_validation_aux-sec--method_P": 0.0,
  "best_validation_aux-sec--method_R": 0.0,
  "best_validation_aux-sec--method_F1": 0.0,
  "best_validation_aux-sec--related work_P": 0.0,
  "best_validation_aux-sec--related work_R": 0.0,
  "best_validation_aux-sec--related work_F1": 0.0,
  "best_validation_aux-sec--average_F1": 0.0,
  "best_validation_aux-worth--False_P": 0.0,
  "best_validation_aux-worth--False_R": 0.0,
  "best_validation_aux-worth--False_F1": 0.0,
  "best_validation_aux-worth--True_P": 0.0,
  "best_validation_aux-worth--True_R": 0.0,
  "best_validation_aux-worth--True_F1": 0.0,
  "best_validation_aux-worth--average_F1": 0.0,
  "best_validation_loss": 0.5008084861368969
}