{
  "training_duration": "00:50:52",
  "training_start_epoch": 0,
  "training_epochs": 4,
  "epoch": 4,
  "training_background_P": 0.9906193542409784,
  "training_background_R": 0.9915150110119393,
  "training_background_F1": 0.99106698026852,
  "training_method_P": 0.9851812001760649,
  "training_method_R": 0.9840261833813687,
  "training_method_F1": 0.9846033530475085,
  "training_result_P": 0.9884510181339277,
  "training_result_R": 0.9869512441836941,
  "training_result_F1": 0.9877005618261382,
  "training_average_F1": 0.9877902983807223,
  "training_aux-sec--introduction_P": 0.21428571428571427,
  "training_aux-sec--introduction_R": 0.00021122298106033936,
  "training_aux-sec--introduction_F1": 0.0004220299641272563,
  "training_aux-sec--conclusion_P": 0.41515650741350907,
  "training_aux-sec--conclusion_R": 0.016581129095933674,
  "training_aux-sec--conclusion_F1": 0.03188864283453864,
  "training_aux-sec--experiments_P": 0.17187458518066212,
  "training_aux-sec--experiments_R": 0.5373505976095617,
  "training_aux-sec--experiments_F1": 0.2604445338428678,
  "training_aux-sec--method_P": 0.10941475826972011,
  "training_aux-sec--method_R": 0.003633598107148893,
  "training_aux-sec--method_F1": 0.007033614132651012,
  "training_aux-sec--related work_P": 0.08997096783466038,
  "training_aux-sec--related work_R": 0.5218406135378459,
  "training_aux-sec--related work_F1": 0.1534802755779777,
  "training_aux-sec--average_F1": 0.09065381927043248,
  "training_aux-worth--False_P": 0.8569270608545533,
  "training_aux-worth--False_R": 0.441558647858686,
  "training_aux-worth--False_F1": 0.5828074221616073,
  "training_aux-worth--True_P": 0.14352190225600545,
  "training_aux-worth--True_R": 0.5593429548044057,
  "training_aux-worth--True_F1": 0.2284307262786134,
  "training_aux-worth--average_F1": 0.40561907422011034,
  "training_loss": 0.03294339990900654,
  "validation_background_P": 0.8663101604278075,
  "validation_background_R": 0.9033457249070632,
  "validation_background_F1": 0.8844404003639172,
  "validation_method_P": 0.8140495867768595,
  "validation_method_R": 0.7725490196078432,
  "validation_method_F1": 0.7927565392353625,
  "validation_result_P": 0.831858407079646,
  "validation_result_R": 0.7642276422764228,
  "validation_result_F1": 0.7966101694914757,
  "validation_average_F1": 0.8246023696969185,
  "validation_aux-sec--introduction_P": 0.0,
  "validation_aux-sec--introduction_R": 0.0,
  "validation_aux-sec--introduction_F1": 0.0,
  "validation_aux-sec--conclusion_P": 0.0,
  "validation_aux-sec--conclusion_R": 0.0,
  "validation_aux-sec--conclusion_F1": 0.0,
  "validation_aux-sec--experiments_P": 0.0,
  "validation_aux-sec--experiments_R": 0.0,
  "validation_aux-sec--experiments_F1": 0.0,
  "validation_aux-sec--method_P": 0.0,
  "validation_aux-sec--method_R": 0.0,
  "validation_aux-sec--method_F1": 0.0,
  "validation_aux-sec--related work_P": 0.0,
  "validation_aux-sec--related work_R": 0.0,
  "validation_aux-sec--related work_F1": 0.0,
  "validation_aux-sec--average_F1": 0.0,
  "validation_aux-worth--False_P": 0.0,
  "validation_aux-worth--False_R": 0.0,
  "validation_aux-worth--False_F1": 0.0,
  "validation_aux-worth--True_P": 0.0,
  "validation_aux-worth--True_R": 0.0,
  "validation_aux-worth--True_F1": 0.0,
  "validation_aux-worth--average_F1": 0.0,
  "validation_loss": 1.069126493779236,
  "best_epoch": 4,
  "best_validation_background_P": 0.8663101604278075,
  "best_validation_background_R": 0.9033457249070632,
  "best_validation_background_F1": 0.8844404003639172,
  "best_validation_method_P": 0.8140495867768595,
  "best_validation_method_R": 0.7725490196078432,
  "best_validation_method_F1": 0.7927565392353625,
  "best_validation_result_P": 0.831858407079646,
  "best_validation_result_R": 0.7642276422764228,
  "best_validation_result_F1": 0.7966101694914757,
  "best_validation_average_F1": 0.8246023696969185,
  "best_validation_aux-sec--introduction_P": 0.0,
  "best_validation_aux-sec--introduction_R": 0.0,
  "best_validation_aux-sec--introduction_F1": 0.0,
  "best_validation_aux-sec--conclusion_P": 0.0,
  "best_validation_aux-sec--conclusion_R": 0.0,
  "best_validation_aux-sec--conclusion_F1": 0.0,
  "best_validation_aux-sec--experiments_P": 0.0,
  "best_validation_aux-sec--experiments_R": 0.0,
  "best_validation_aux-sec--experiments_F1": 0.0,
  "best_validation_aux-sec--method_P": 0.0,
  "best_validation_aux-sec--method_R": 0.0,
  "best_validation_aux-sec--method_F1": 0.0,
  "best_validation_aux-sec--related work_P": 0.0,
  "best_validation_aux-sec--related work_R": 0.0,
  "best_validation_aux-sec--related work_F1": 0.0,
  "best_validation_aux-sec--average_F1": 0.0,
  "best_validation_aux-worth--False_P": 0.0,
  "best_validation_aux-worth--False_R": 0.0,
  "best_validation_aux-worth--False_F1": 0.0,
  "best_validation_aux-worth--True_P": 0.0,
  "best_validation_aux-worth--True_R": 0.0,
  "best_validation_aux-worth--True_F1": 0.0,
  "best_validation_aux-worth--average_F1": 0.0,
  "best_validation_loss": 1.069126493779236
}