{
  "training_duration": "00:20:40",
  "training_start_epoch": 0,
  "training_epochs": 1,
  "epoch": 1,
  "training_background_P": 0.944421468615017,
  "training_background_R": 0.9552637694631653,
  "training_background_F1": 0.9498116782586092,
  "training_method_P": 0.9182111801242236,
  "training_method_R": 0.9002289667267501,
  "training_method_F1": 0.9091311620583974,
  "training_result_P": 0.9325408920044702,
  "training_result_R": 0.9239053850025164,
  "training_result_F1": 0.9282030538982208,
  "training_average_F1": 0.9290486314050758,
  "training_aux-sec--introduction_P": 0.0,
  "training_aux-sec--introduction_R": 0.0,
  "training_aux-sec--introduction_F1": 0.0,
  "training_aux-sec--conclusion_P": 0.5060240963855421,
  "training_aux-sec--conclusion_R": 0.008290564547966837,
  "training_aux-sec--conclusion_F1": 0.01631384734899663,
  "training_aux-sec--experiments_P": 0.18578776492904825,
  "training_aux-sec--experiments_R": 0.4227257636122178,
  "training_aux-sec--experiments_F1": 0.2581282785534661,
  "training_aux-sec--method_P": 0.08253358925143954,
  "training_aux-sec--method_R": 0.003633598107148893,
  "training_aux-sec--method_F1": 0.0069607446377903835,
  "training_aux-sec--related work_P": 0.08569536423841059,
  "training_aux-sec--related work_R": 0.6472157385795265,
  "training_aux-sec--related work_F1": 0.15135092986079263,
  "training_aux-sec--average_F1": 0.08655076008020915,
  "training_aux-worth--False_P": 0.8394910368136784,
  "training_aux-worth--False_R": 0.4024494853221502,
  "training_aux-worth--False_F1": 0.5440723282257887,
  "training_aux-worth--True_P": 0.1313474194665743,
  "training_aux-worth--True_R": 0.5400683630839347,
  "training_aux-worth--True_F1": 0.21130449319238268,
  "training_aux-worth--average_F1": 0.37768841070908565,
  "training_loss": 0.17834909283221548,
  "validation_background_P": 0.8702290076335878,
  "validation_background_R": 0.8475836431226765,
  "validation_background_F1": 0.8587570621468427,
  "validation_method_P": 0.7991967871485943,
  "validation_method_R": 0.7803921568627451,
  "validation_method_F1": 0.7896825396824897,
  "validation_result_P": 0.6923076923076923,
  "validation_result_R": 0.8048780487804879,
  "validation_result_F1": 0.7443609022555895,
  "validation_average_F1": 0.7976001680283072,
  "validation_aux-sec--introduction_P": 0.0,
  "validation_aux-sec--introduction_R": 0.0,
  "validation_aux-sec--introduction_F1": 0.0,
  "validation_aux-sec--conclusion_P": 0.0,
  "validation_aux-sec--conclusion_R": 0.0,
  "validation_aux-sec--conclusion_F1": 0.0,
  "validation_aux-sec--experiments_P": 0.0,
  "validation_aux-sec--experiments_R": 0.0,
  "validation_aux-sec--experiments_F1": 0.0,
  "validation_aux-sec--method_P": 0.0,
  "validation_aux-sec--method_R": 0.0,
  "validation_aux-sec--method_F1": 0.0,
  "validation_aux-sec--related work_P": 0.0,
  "validation_aux-sec--related work_R": 0.0,
  "validation_aux-sec--related work_F1": 0.0,
  "validation_aux-sec--average_F1": 0.0,
  "validation_aux-worth--False_P": 0.0,
  "validation_aux-worth--False_R": 0.0,
  "validation_aux-worth--False_F1": 0.0,
  "validation_aux-worth--True_P": 0.0,
  "validation_aux-worth--True_R": 0.0,
  "validation_aux-worth--True_F1": 0.0,
  "validation_aux-worth--average_F1": 0.0,
  "validation_loss": 0.6362945401463015,
  "best_epoch": 1,
  "best_validation_background_P": 0.8702290076335878,
  "best_validation_background_R": 0.8475836431226765,
  "best_validation_background_F1": 0.8587570621468427,
  "best_validation_method_P": 0.7991967871485943,
  "best_validation_method_R": 0.7803921568627451,
  "best_validation_method_F1": 0.7896825396824897,
  "best_validation_result_P": 0.6923076923076923,
  "best_validation_result_R": 0.8048780487804879,
  "best_validation_result_F1": 0.7443609022555895,
  "best_validation_average_F1": 0.7976001680283072,
  "best_validation_aux-sec--introduction_P": 0.0,
  "best_validation_aux-sec--introduction_R": 0.0,
  "best_validation_aux-sec--introduction_F1": 0.0,
  "best_validation_aux-sec--conclusion_P": 0.0,
  "best_validation_aux-sec--conclusion_R": 0.0,
  "best_validation_aux-sec--conclusion_F1": 0.0,
  "best_validation_aux-sec--experiments_P": 0.0,
  "best_validation_aux-sec--experiments_R": 0.0,
  "best_validation_aux-sec--experiments_F1": 0.0,
  "best_validation_aux-sec--method_P": 0.0,
  "best_validation_aux-sec--method_R": 0.0,
  "best_validation_aux-sec--method_F1": 0.0,
  "best_validation_aux-sec--related work_P": 0.0,
  "best_validation_aux-sec--related work_R": 0.0,
  "best_validation_aux-sec--related work_F1": 0.0,
  "best_validation_aux-sec--average_F1": 0.0,
  "best_validation_aux-worth--False_P": 0.0,
  "best_validation_aux-worth--False_R": 0.0,
  "best_validation_aux-worth--False_F1": 0.0,
  "best_validation_aux-worth--True_P": 0.0,
  "best_validation_aux-worth--True_R": 0.0,
  "best_validation_aux-worth--True_F1": 0.0,
  "best_validation_aux-worth--average_F1": 0.0,
  "best_validation_loss": 0.6362945401463015
}