{
  "training_duration": "00:30:50",
  "training_start_epoch": 0,
  "training_epochs": 2,
  "epoch": 2,
  "training_background_P": 0.9722202962860247,
  "training_background_R": 0.9772114848541164,
  "training_background_F1": 0.9747095010252406,
  "training_method_P": 0.9597216777734222,
  "training_method_R": 0.9510537049626104,
  "training_method_F1": 0.9553680308277145,
  "training_result_P": 0.9633214467651554,
  "training_result_R": 0.9598984771573604,
  "training_result_F1": 0.9616069158402756,
  "training_average_F1": 0.9638948158977435,
  "training_aux-sec--introduction_P": 0.25,
  "training_aux-sec--introduction_R": 3.5203830176723225e-05,
  "training_aux-sec--introduction_F1": 7.039774727205913e-05,
  "training_aux-sec--conclusion_P": 0.5409090909090909,
  "training_aux-sec--conclusion_R": 0.007829977628635347,
  "training_aux-sec--conclusion_F1": 0.01543650278894517,
  "training_aux-sec--experiments_P": 0.18411019997122716,
  "training_aux-sec--experiments_R": 0.42488379814077026,
  "training_aux-sec--experiments_F1": 0.2569005319682405,
  "training_aux-sec--method_P": 0.08333333333333333,
  "training_aux-sec--method_R": 0.0029575798546560756,
  "training_aux-sec--method_F1": 0.005712420434137332,
  "training_aux-sec--related work_P": 0.08684163780087041,
  "training_aux-sec--related work_R": 0.6520506835611871,
  "training_aux-sec--related work_F1": 0.15327036877373793,
  "training_aux-sec--average_F1": 0.0862780443424666,
  "training_aux-worth--False_P": 0.8595461255879424,
  "training_aux-worth--False_R": 0.3976998347947643,
  "training_aux-worth--False_F1": 0.5437939160937458,
  "training_aux-worth--True_P": 0.14520819712784905,
  "training_aux-worth--True_R": 0.6115647550322826,
  "training_aux-worth--True_F1": 0.23469183260759527,
  "training_aux-worth--average_F1": 0.38924287435067056,
  "training_loss": 0.08960920520707426,
  "validation_background_P": 0.8788461538461538,
  "validation_background_R": 0.8494423791821561,
  "validation_background_F1": 0.8638941398865285,
  "validation_method_P": 0.7638376383763837,
  "validation_method_R": 0.8117647058823529,
  "validation_method_F1": 0.7870722433459578,
  "validation_result_P": 0.776,
  "validation_result_R": 0.7886178861788617,
  "validation_result_F1": 0.782258064516079,
  "validation_average_F1": 0.8110748159161885,
  "validation_aux-sec--introduction_P": 0.0,
  "validation_aux-sec--introduction_R": 0.0,
  "validation_aux-sec--introduction_F1": 0.0,
  "validation_aux-sec--conclusion_P": 0.0,
  "validation_aux-sec--conclusion_R": 0.0,
  "validation_aux-sec--conclusion_F1": 0.0,
  "validation_aux-sec--experiments_P": 0.0,
  "validation_aux-sec--experiments_R": 0.0,
  "validation_aux-sec--experiments_F1": 0.0,
  "validation_aux-sec--method_P": 0.0,
  "validation_aux-sec--method_R": 0.0,
  "validation_aux-sec--method_F1": 0.0,
  "validation_aux-sec--related work_P": 0.0,
  "validation_aux-sec--related work_R": 0.0,
  "validation_aux-sec--related work_F1": 0.0,
  "validation_aux-sec--average_F1": 0.0,
  "validation_aux-worth--False_P": 0.0,
  "validation_aux-worth--False_R": 0.0,
  "validation_aux-worth--False_F1": 0.0,
  "validation_aux-worth--True_P": 0.0,
  "validation_aux-worth--True_R": 0.0,
  "validation_aux-worth--True_F1": 0.0,
  "validation_aux-worth--average_F1": 0.0,
  "validation_loss": 0.8280366422801182,
  "best_epoch": 2,
  "best_validation_background_P": 0.8788461538461538,
  "best_validation_background_R": 0.8494423791821561,
  "best_validation_background_F1": 0.8638941398865285,
  "best_validation_method_P": 0.7638376383763837,
  "best_validation_method_R": 0.8117647058823529,
  "best_validation_method_F1": 0.7870722433459578,
  "best_validation_result_P": 0.776,
  "best_validation_result_R": 0.7886178861788617,
  "best_validation_result_F1": 0.782258064516079,
  "best_validation_average_F1": 0.8110748159161885,
  "best_validation_aux-sec--introduction_P": 0.0,
  "best_validation_aux-sec--introduction_R": 0.0,
  "best_validation_aux-sec--introduction_F1": 0.0,
  "best_validation_aux-sec--conclusion_P": 0.0,
  "best_validation_aux-sec--conclusion_R": 0.0,
  "best_validation_aux-sec--conclusion_F1": 0.0,
  "best_validation_aux-sec--experiments_P": 0.0,
  "best_validation_aux-sec--experiments_R": 0.0,
  "best_validation_aux-sec--experiments_F1": 0.0,
  "best_validation_aux-sec--method_P": 0.0,
  "best_validation_aux-sec--method_R": 0.0,
  "best_validation_aux-sec--method_F1": 0.0,
  "best_validation_aux-sec--related work_P": 0.0,
  "best_validation_aux-sec--related work_R": 0.0,
  "best_validation_aux-sec--related work_F1": 0.0,
  "best_validation_aux-sec--average_F1": 0.0,
  "best_validation_aux-worth--False_P": 0.0,
  "best_validation_aux-worth--False_R": 0.0,
  "best_validation_aux-worth--False_F1": 0.0,
  "best_validation_aux-worth--True_P": 0.0,
  "best_validation_aux-worth--True_R": 0.0,
  "best_validation_aux-worth--True_F1": 0.0,
  "best_validation_aux-worth--average_F1": 0.0,
  "best_validation_loss": 0.8280366422801182
}