{
  "training_duration": "01:00:47",
  "training_start_epoch": 0,
  "training_epochs": 5,
  "epoch": 5,
  "training_background_P": 0.9931159168347125,
  "training_background_R": 0.99394529890737,
  "training_background_F1": 0.9935304347825588,
  "training_method_P": 0.9893102943329917,
  "training_method_R": 0.9879118736595828,
  "training_method_F1": 0.9886105894690134,
  "training_result_P": 0.9906712634354087,
  "training_result_R": 0.9899685885094741,
  "training_result_F1": 0.9903198013278098,
  "training_average_F1": 0.9908202751931273,
  "training_aux-sec--introduction_P": 0.0,
  "training_aux-sec--introduction_R": 0.0,
  "training_aux-sec--introduction_F1": 0.0,
  "training_aux-sec--conclusion_P": 0.40878828229027964,
  "training_aux-sec--conclusion_R": 0.020200026319252534,
  "training_aux-sec--conclusion_F1": 0.03849771145525468,
  "training_aux-sec--experiments_P": 0.1763847877903874,
  "training_aux-sec--experiments_R": 0.4115205843293493,
  "training_aux-sec--experiments_F1": 0.2469307966232117,
  "training_aux-sec--method_P": 0.1223021582733813,
  "training_aux-sec--method_R": 0.00430961635964171,
  "training_aux-sec--method_F1": 0.008325850950936204,
  "training_aux-sec--related work_P": 0.0875871119558331,
  "training_aux-sec--related work_R": 0.6453817939313105,
  "training_aux-sec--related work_F1": 0.15424154281386107,
  "training_aux-sec--average_F1": 0.08959918036865273,
  "training_aux-worth--False_P": 0.8519288728149488,
  "training_aux-worth--False_R": 0.4490246537044097,
  "training_aux-worth--False_F1": 0.5880872134148426,
  "training_aux-worth--True_P": 0.13941544263596664,
  "training_aux-worth--True_R": 0.5335169008735283,
  "training_aux-worth--True_F1": 0.22106381304584014,
  "training_aux-worth--average_F1": 0.40457551323034135,
  "training_loss": 0.025246040036667437,
  "validation_background_P": 0.8717948717948718,
  "validation_background_R": 0.8847583643122676,
  "validation_background_F1": 0.8782287822877729,
  "validation_method_P": 0.8072289156626506,
  "validation_method_R": 0.788235294117647,
  "validation_method_F1": 0.7976190476189976,
  "validation_result_P": 0.7851239669421488,
  "validation_result_R": 0.7723577235772358,
  "validation_result_F1": 0.7786885245901141,
  "validation_average_F1": 0.8181787848322948,
  "validation_aux-sec--introduction_P": 0.0,
  "validation_aux-sec--introduction_R": 0.0,
  "validation_aux-sec--introduction_F1": 0.0,
  "validation_aux-sec--conclusion_P": 0.0,
  "validation_aux-sec--conclusion_R": 0.0,
  "validation_aux-sec--conclusion_F1": 0.0,
  "validation_aux-sec--experiments_P": 0.0,
  "validation_aux-sec--experiments_R": 0.0,
  "validation_aux-sec--experiments_F1": 0.0,
  "validation_aux-sec--method_P": 0.0,
  "validation_aux-sec--method_R": 0.0,
  "validation_aux-sec--method_F1": 0.0,
  "validation_aux-sec--related work_P": 0.0,
  "validation_aux-sec--related work_R": 0.0,
  "validation_aux-sec--related work_F1": 0.0,
  "validation_aux-sec--average_F1": 0.0,
  "validation_aux-worth--False_P": 0.0,
  "validation_aux-worth--False_R": 0.0,
  "validation_aux-worth--False_F1": 0.0,
  "validation_aux-worth--True_P": 0.0,
  "validation_aux-worth--True_R": 0.0,
  "validation_aux-worth--True_F1": 0.0,
  "validation_aux-worth--average_F1": 0.0,
  "validation_loss": 1.1518067861425465,
  "best_epoch": 4,
  "best_validation_background_P": 0.8663101604278075,
  "best_validation_background_R": 0.9033457249070632,
  "best_validation_background_F1": 0.8844404003639172,
  "best_validation_method_P": 0.8140495867768595,
  "best_validation_method_R": 0.7725490196078432,
  "best_validation_method_F1": 0.7927565392353625,
  "best_validation_result_P": 0.831858407079646,
  "best_validation_result_R": 0.7642276422764228,
  "best_validation_result_F1": 0.7966101694914757,
  "best_validation_average_F1": 0.8246023696969185,
  "best_validation_aux-sec--introduction_P": 0.0,
  "best_validation_aux-sec--introduction_R": 0.0,
  "best_validation_aux-sec--introduction_F1": 0.0,
  "best_validation_aux-sec--conclusion_P": 0.0,
  "best_validation_aux-sec--conclusion_R": 0.0,
  "best_validation_aux-sec--conclusion_F1": 0.0,
  "best_validation_aux-sec--experiments_P": 0.0,
  "best_validation_aux-sec--experiments_R": 0.0,
  "best_validation_aux-sec--experiments_F1": 0.0,
  "best_validation_aux-sec--method_P": 0.0,
  "best_validation_aux-sec--method_R": 0.0,
  "best_validation_aux-sec--method_F1": 0.0,
  "best_validation_aux-sec--related work_P": 0.0,
  "best_validation_aux-sec--related work_R": 0.0,
  "best_validation_aux-sec--related work_F1": 0.0,
  "best_validation_aux-sec--average_F1": 0.0,
  "best_validation_aux-worth--False_P": 0.0,
  "best_validation_aux-worth--False_R": 0.0,
  "best_validation_aux-worth--False_F1": 0.0,
  "best_validation_aux-worth--True_P": 0.0,
  "best_validation_aux-worth--True_R": 0.0,
  "best_validation_aux-worth--True_F1": 0.0,
  "best_validation_aux-worth--average_F1": 0.0,
  "best_validation_loss": 1.069126493779236
}