{
  "training_duration": "01:10:57",
  "training_start_epoch": 0,
  "training_epochs": 6,
  "epoch": 6,
  "training_background_P": 0.995243398765604,
  "training_background_R": 0.9957054645062445,
  "training_background_F1": 0.9954743780170313,
  "training_method_P": 0.9924508084940581,
  "training_method_R": 0.9916780221919408,
  "training_method_F1": 0.9920642648490251,
  "training_result_P": 0.9933076455080105,
  "training_result_R": 0.9929049260085141,
  "training_result_F1": 0.9931062449310124,
  "training_average_F1": 0.9935482959323562,
  "training_aux-sec--introduction_P": 0.11764705882352941,
  "training_aux-sec--introduction_R": 7.040766035344645e-05,
  "training_aux-sec--introduction_F1": 0.000140731098054273,
  "training_aux-sec--conclusion_P": 0.42233632862644416,
  "training_aux-sec--conclusion_R": 0.021647585208580077,
  "training_aux-sec--conclusion_F1": 0.04118420229078374,
  "training_aux-sec--experiments_P": 0.18140597185369295,
  "training_aux-sec--experiments_R": 0.4482901726427623,
  "training_aux-sec--experiments_F1": 0.25829128906526105,
  "training_aux-sec--method_P": 0.16897506925207756,
  "training_aux-sec--method_R": 0.005154639175257732,
  "training_aux-sec--method_F1": 0.010004100040994663,
  "training_aux-sec--related work_P": 0.08591436762701508,
  "training_aux-sec--related work_R": 0.6095365121707236,
  "training_aux-sec--related work_F1": 0.15060141703738153,
  "training_aux-sec--average_F1": 0.09204434790649504,
  "training_aux-worth--False_P": 0.8584821838904378,
  "training_aux-worth--False_R": 0.44510102935569956,
  "training_aux-worth--False_F1": 0.5862476592984246,
  "training_aux-worth--True_P": 0.14476680132207123,
  "training_aux-worth--True_R": 0.5614318268135207,
  "training_aux-worth--True_F1": 0.230180820211346,
  "training_aux-worth--average_F1": 0.4082142397548853,
  "training_loss": 0.01772197832664382,
  "validation_background_P": 0.8719851576994434,
  "validation_background_R": 0.8736059479553904,
  "validation_background_F1": 0.872794800371352,
  "validation_method_P": 0.7649253731343284,
  "validation_method_R": 0.803921568627451,
  "validation_method_F1": 0.7839388145314989,
  "validation_result_P": 0.8348623853211009,
  "validation_result_R": 0.7398373983739838,
  "validation_result_F1": 0.7844827586206399,
  "validation_average_F1": 0.8137387911744969,
  "validation_aux-sec--introduction_P": 0.0,
  "validation_aux-sec--introduction_R": 0.0,
  "validation_aux-sec--introduction_F1": 0.0,
  "validation_aux-sec--conclusion_P": 0.0,
  "validation_aux-sec--conclusion_R": 0.0,
  "validation_aux-sec--conclusion_F1": 0.0,
  "validation_aux-sec--experiments_P": 0.0,
  "validation_aux-sec--experiments_R": 0.0,
  "validation_aux-sec--experiments_F1": 0.0,
  "validation_aux-sec--method_P": 0.0,
  "validation_aux-sec--method_R": 0.0,
  "validation_aux-sec--method_F1": 0.0,
  "validation_aux-sec--related work_P": 0.0,
  "validation_aux-sec--related work_R": 0.0,
  "validation_aux-sec--related work_F1": 0.0,
  "validation_aux-sec--average_F1": 0.0,
  "validation_aux-worth--False_P": 0.0,
  "validation_aux-worth--False_R": 0.0,
  "validation_aux-worth--False_F1": 0.0,
  "validation_aux-worth--True_P": 0.0,
  "validation_aux-worth--True_R": 0.0,
  "validation_aux-worth--True_F1": 0.0,
  "validation_aux-worth--average_F1": 0.0,
  "validation_loss": 1.338568389415741,
  "best_epoch": 4,
  "best_validation_background_P": 0.8663101604278075,
  "best_validation_background_R": 0.9033457249070632,
  "best_validation_background_F1": 0.8844404003639172,
  "best_validation_method_P": 0.8140495867768595,
  "best_validation_method_R": 0.7725490196078432,
  "best_validation_method_F1": 0.7927565392353625,
  "best_validation_result_P": 0.831858407079646,
  "best_validation_result_R": 0.7642276422764228,
  "best_validation_result_F1": 0.7966101694914757,
  "best_validation_average_F1": 0.8246023696969185,
  "best_validation_aux-sec--introduction_P": 0.0,
  "best_validation_aux-sec--introduction_R": 0.0,
  "best_validation_aux-sec--introduction_F1": 0.0,
  "best_validation_aux-sec--conclusion_P": 0.0,
  "best_validation_aux-sec--conclusion_R": 0.0,
  "best_validation_aux-sec--conclusion_F1": 0.0,
  "best_validation_aux-sec--experiments_P": 0.0,
  "best_validation_aux-sec--experiments_R": 0.0,
  "best_validation_aux-sec--experiments_F1": 0.0,
  "best_validation_aux-sec--method_P": 0.0,
  "best_validation_aux-sec--method_R": 0.0,
  "best_validation_aux-sec--method_F1": 0.0,
  "best_validation_aux-sec--related work_P": 0.0,
  "best_validation_aux-sec--related work_R": 0.0,
  "best_validation_aux-sec--related work_F1": 0.0,
  "best_validation_aux-sec--average_F1": 0.0,
  "best_validation_aux-worth--False_P": 0.0,
  "best_validation_aux-worth--False_R": 0.0,
  "best_validation_aux-worth--False_F1": 0.0,
  "best_validation_aux-worth--True_P": 0.0,
  "best_validation_aux-worth--True_R": 0.0,
  "best_validation_aux-worth--True_F1": 0.0,
  "best_validation_aux-worth--average_F1": 0.0,
  "best_validation_loss": 1.069126493779236
}