{
  "training_duration": "01:29:30",
  "training_start_epoch": 0,
  "training_epochs": 5,
  "epoch": 5,
  "training_background_P": 0.9957768702431781,
  "training_background_R": 0.9963085923896641,
  "training_background_F1": 0.9960426603534415,
  "training_method_P": 0.9935229375669621,
  "training_method_R": 0.9925079056190708,
  "training_method_F1": 0.9930151622088136,
  "training_result_P": 0.9948202315661182,
  "training_result_R": 0.9946181965881398,
  "training_result_F1": 0.9947192038183719,
  "training_average_F1": 0.9945923421268756,
  "training_aux-sec--introduction_P": 0.4986850284512026,
  "training_aux-sec--introduction_R": 0.7342814898260931,
  "training_aux-sec--introduction_F1": 0.5939742567490122,
  "training_aux-sec--conclusion_P": 0.5104528210509323,
  "training_aux-sec--conclusion_R": 0.4161073825503356,
  "training_aux-sec--conclusion_F1": 0.45847681879141017,
  "training_aux-sec--experiments_P": 0.44150943396226416,
  "training_aux-sec--experiments_R": 0.25249003984063745,
  "training_aux-sec--experiments_F1": 0.32125884465092003,
  "training_aux-sec--method_P": 0.38924905456509995,
  "training_aux-sec--method_R": 0.24353557546053745,
  "training_aux-sec--method_F1": 0.2996153446303716,
  "training_aux-sec--related work_P": 0.4787939698492462,
  "training_aux-sec--related work_R": 0.39713237745915303,
  "training_aux-sec--related work_F1": 0.43415656611678266,
  "training_aux-sec--average_F1": 0.4214963661876993,
  "training_aux-worth--False_P": 0.9275559069684176,
  "training_aux-worth--False_R": 0.9876572626763248,
  "training_aux-worth--False_F1": 0.9566635636967413,
  "training_aux-worth--True_P": 0.8795908879590888,
  "training_aux-worth--True_R": 0.5389289783516901,
  "training_aux-worth--True_F1": 0.6683544303796997,
  "training_aux-worth--average_F1": 0.8125089970382204,
  "training_loss": 0.08925355671003263,
  "validation_background_P": 0.8791423001949318,
  "validation_background_R": 0.8382899628252788,
  "validation_background_F1": 0.8582302568981423,
  "validation_method_P": 0.788235294117647,
  "validation_method_R": 0.788235294117647,
  "validation_method_F1": 0.7882352941175971,
  "validation_result_P": 0.6891891891891891,
  "validation_result_R": 0.8292682926829268,
  "validation_result_F1": 0.7527675276752273,
  "validation_average_F1": 0.7997443595636554,
  "validation_aux-sec--introduction_P": 0.0,
  "validation_aux-sec--introduction_R": 0.0,
  "validation_aux-sec--introduction_F1": 0.0,
  "validation_aux-sec--conclusion_P": 0.0,
  "validation_aux-sec--conclusion_R": 0.0,
  "validation_aux-sec--conclusion_F1": 0.0,
  "validation_aux-sec--experiments_P": 0.0,
  "validation_aux-sec--experiments_R": 0.0,
  "validation_aux-sec--experiments_F1": 0.0,
  "validation_aux-sec--method_P": 0.0,
  "validation_aux-sec--method_R": 0.0,
  "validation_aux-sec--method_F1": 0.0,
  "validation_aux-sec--related work_P": 0.0,
  "validation_aux-sec--related work_R": 0.0,
  "validation_aux-sec--related work_F1": 0.0,
  "validation_aux-sec--average_F1": 0.0,
  "validation_aux-worth--False_P": 0.0,
  "validation_aux-worth--False_R": 0.0,
  "validation_aux-worth--False_F1": 0.0,
  "validation_aux-worth--True_P": 0.0,
  "validation_aux-worth--True_R": 0.0,
  "validation_aux-worth--True_F1": 0.0,
  "validation_aux-worth--average_F1": 0.0,
  "validation_loss": 1.663867962431235,
  "best_epoch": 4,
  "best_validation_background_P": 0.8591304347826086,
  "best_validation_background_R": 0.9182156133828996,
  "best_validation_background_F1": 0.8876909254267246,
  "best_validation_method_P": 0.8220338983050848,
  "best_validation_method_R": 0.7607843137254902,
  "best_validation_method_F1": 0.7902240325865082,
  "best_validation_result_P": 0.8476190476190476,
  "best_validation_result_R": 0.7235772357723578,
  "best_validation_result_F1": 0.7807017543859152,
  "best_validation_average_F1": 0.8195389041330493,
  "best_validation_aux-sec--introduction_P": 0.0,
  "best_validation_aux-sec--introduction_R": 0.0,
  "best_validation_aux-sec--introduction_F1": 0.0,
  "best_validation_aux-sec--conclusion_P": 0.0,
  "best_validation_aux-sec--conclusion_R": 0.0,
  "best_validation_aux-sec--conclusion_F1": 0.0,
  "best_validation_aux-sec--experiments_P": 0.0,
  "best_validation_aux-sec--experiments_R": 0.0,
  "best_validation_aux-sec--experiments_F1": 0.0,
  "best_validation_aux-sec--method_P": 0.0,
  "best_validation_aux-sec--method_R": 0.0,
  "best_validation_aux-sec--method_F1": 0.0,
  "best_validation_aux-sec--related work_P": 0.0,
  "best_validation_aux-sec--related work_R": 0.0,
  "best_validation_aux-sec--related work_F1": 0.0,
  "best_validation_aux-sec--average_F1": 0.0,
  "best_validation_aux-worth--False_P": 0.0,
  "best_validation_aux-worth--False_R": 0.0,
  "best_validation_aux-worth--False_F1": 0.0,
  "best_validation_aux-worth--True_P": 0.0,
  "best_validation_aux-worth--True_R": 0.0,
  "best_validation_aux-worth--True_F1": 0.0,
  "best_validation_aux-worth--average_F1": 0.0,
  "best_validation_loss": 1.3447799374573213
}