{
  "training_duration": "02:00:07",
  "training_start_epoch": 0,
  "training_epochs": 7,
  "epoch": 7,
  "training_background_P": 0.9972824824638825,
  "training_background_R": 0.9971203641345997,
  "training_background_F1": 0.9972014167101632,
  "training_method_P": 0.9945932781295664,
  "training_method_R": 0.9951264681514693,
  "training_method_F1": 0.9948598017003569,
  "training_result_P": 0.996461787302871,
  "training_result_R": 0.9960590137429264,
  "training_result_F1": 0.9962603598139788,
  "training_average_F1": 0.9961071927414995,
  "training_aux-sec--introduction_P": 0.5145592539312466,
  "training_aux-sec--introduction_R": 0.7303386608463001,
  "training_aux-sec--introduction_F1": 0.6037483266398446,
  "training_aux-sec--conclusion_P": 0.5254054054054054,
  "training_aux-sec--conclusion_R": 0.44769048559020924,
  "training_aux-sec--conclusion_F1": 0.483444649708633,
  "training_aux-sec--experiments_P": 0.45387913151707926,
  "training_aux-sec--experiments_R": 0.27241035856573703,
  "training_aux-sec--experiments_F1": 0.3404740909797757,
  "training_aux-sec--method_P": 0.4116973935155753,
  "training_aux-sec--method_R": 0.2736183876964678,
  "training_aux-sec--method_F1": 0.3287476521650365,
  "training_aux-sec--related work_P": 0.500390625,
  "training_aux-sec--related work_R": 0.42714238079359784,
  "training_aux-sec--related work_F1": 0.460874257960015,
  "training_aux-sec--average_F1": 0.443457795490661,
  "training_aux-worth--False_P": 0.9302273440652885,
  "training_aux-worth--False_R": 0.9886103698055662,
  "training_aux-worth--False_F1": 0.9585306688228679,
  "training_aux-worth--True_P": 0.8910499924023705,
  "training_aux-worth--True_R": 0.5567793391568553,
  "training_aux-worth--True_F1": 0.6853269444281651,
  "training_aux-worth--average_F1": 0.8219288066255165,
  "training_loss": 0.08119029404046799,
  "validation_background_P": 0.8322147651006712,
  "validation_background_R": 0.9219330855018587,
  "validation_background_F1": 0.8747795414461582,
  "validation_method_P": 0.8433179723502304,
  "validation_method_R": 0.7176470588235294,
  "validation_method_F1": 0.7754237288135096,
  "validation_result_P": 0.8349514563106796,
  "validation_result_R": 0.6991869918699187,
  "validation_result_F1": 0.7610619469026053,
  "validation_average_F1": 0.8037550723874244,
  "validation_aux-sec--introduction_P": 0.0,
  "validation_aux-sec--introduction_R": 0.0,
  "validation_aux-sec--introduction_F1": 0.0,
  "validation_aux-sec--conclusion_P": 0.0,
  "validation_aux-sec--conclusion_R": 0.0,
  "validation_aux-sec--conclusion_F1": 0.0,
  "validation_aux-sec--experiments_P": 0.0,
  "validation_aux-sec--experiments_R": 0.0,
  "validation_aux-sec--experiments_F1": 0.0,
  "validation_aux-sec--method_P": 0.0,
  "validation_aux-sec--method_R": 0.0,
  "validation_aux-sec--method_F1": 0.0,
  "validation_aux-sec--related work_P": 0.0,
  "validation_aux-sec--related work_R": 0.0,
  "validation_aux-sec--related work_F1": 0.0,
  "validation_aux-sec--average_F1": 0.0,
  "validation_aux-worth--False_P": 0.0,
  "validation_aux-worth--False_R": 0.0,
  "validation_aux-worth--False_F1": 0.0,
  "validation_aux-worth--True_P": 0.0,
  "validation_aux-worth--True_R": 0.0,
  "validation_aux-worth--True_F1": 0.0,
  "validation_aux-worth--average_F1": 0.0,
  "validation_loss": 1.7175602295018475,
  "best_epoch": 4,
  "best_validation_background_P": 0.8591304347826086,
  "best_validation_background_R": 0.9182156133828996,
  "best_validation_background_F1": 0.8876909254267246,
  "best_validation_method_P": 0.8220338983050848,
  "best_validation_method_R": 0.7607843137254902,
  "best_validation_method_F1": 0.7902240325865082,
  "best_validation_result_P": 0.8476190476190476,
  "best_validation_result_R": 0.7235772357723578,
  "best_validation_result_F1": 0.7807017543859152,
  "best_validation_average_F1": 0.8195389041330493,
  "best_validation_aux-sec--introduction_P": 0.0,
  "best_validation_aux-sec--introduction_R": 0.0,
  "best_validation_aux-sec--introduction_F1": 0.0,
  "best_validation_aux-sec--conclusion_P": 0.0,
  "best_validation_aux-sec--conclusion_R": 0.0,
  "best_validation_aux-sec--conclusion_F1": 0.0,
  "best_validation_aux-sec--experiments_P": 0.0,
  "best_validation_aux-sec--experiments_R": 0.0,
  "best_validation_aux-sec--experiments_F1": 0.0,
  "best_validation_aux-sec--method_P": 0.0,
  "best_validation_aux-sec--method_R": 0.0,
  "best_validation_aux-sec--method_F1": 0.0,
  "best_validation_aux-sec--related work_P": 0.0,
  "best_validation_aux-sec--related work_R": 0.0,
  "best_validation_aux-sec--related work_F1": 0.0,
  "best_validation_aux-sec--average_F1": 0.0,
  "best_validation_aux-worth--False_P": 0.0,
  "best_validation_aux-worth--False_R": 0.0,
  "best_validation_aux-worth--False_F1": 0.0,
  "best_validation_aux-worth--True_P": 0.0,
  "best_validation_aux-worth--True_R": 0.0,
  "best_validation_aux-worth--True_F1": 0.0,
  "best_validation_aux-worth--average_F1": 0.0,
  "best_validation_loss": 1.3447799374573213,
  "test_background_P": 0.8377110694183865,
  "test_background_R": 0.8956870611835507,
  "test_background_F1": 0.8657295201162856,
  "test_method_P": 0.8616236162361623,
  "test_method_R": 0.771900826446281,
  "test_method_F1": 0.814298169136829,
  "test_result_P": 0.7905138339920948,
  "test_result_R": 0.7722007722007722,
  "test_result_F1": 0.7812499999999499,
  "test_average_F1": 0.8204258964176881,
  "test_aux-sec--introduction_P": 0.0,
  "test_aux-sec--introduction_R": 0.0,
  "test_aux-sec--introduction_F1": 0.0,
  "test_aux-sec--conclusion_P": 0.0,
  "test_aux-sec--conclusion_R": 0.0,
  "test_aux-sec--conclusion_F1": 0.0,
  "test_aux-sec--experiments_P": 0.0,
  "test_aux-sec--experiments_R": 0.0,
  "test_aux-sec--experiments_F1": 0.0,
  "test_aux-sec--method_P": 0.0,
  "test_aux-sec--method_R": 0.0,
  "test_aux-sec--method_F1": 0.0,
  "test_aux-sec--related work_P": 0.0,
  "test_aux-sec--related work_R": 0.0,
  "test_aux-sec--related work_F1": 0.0,
  "test_aux-sec--average_F1": 0.0,
  "test_aux-worth--False_P": 0.0,
  "test_aux-worth--False_R": 0.0,
  "test_aux-worth--False_F1": 0.0,
  "test_aux-worth--True_P": 0.0,
  "test_aux-worth--True_R": 0.0,
  "test_aux-worth--True_F1": 0.0,
  "test_aux-worth--average_F1": 0.0,
  "test_loss": 1.1871507296094714
}