{
  "training_duration": "01:44:10",
  "training_start_epoch": 0,
  "training_epochs": 6,
  "epoch": 6,
  "training_background_P": 0.9961724041941171,
  "training_background_R": 0.9966116642298498,
  "training_background_F1": 0.9963919857999199,
  "training_method_P": 0.9942357481315031,
  "training_method_R": 0.9932168651180948,
  "training_method_F1": 0.9937260454556051,
  "training_result_P": 0.9949479640295039,
  "training_result_R": 0.9951490651844366,
  "training_result_F1": 0.9950485044461909,
  "training_average_F1": 0.995055511900572,
  "training_aux-sec--introduction_P": 0.5098996540641331,
  "training_aux-sec--introduction_R": 0.7316412025628388,
  "training_aux-sec--introduction_F1": 0.6009686980408683,
  "training_aux-sec--conclusion_P": 0.5227676845767298,
  "training_aux-sec--conclusion_R": 0.4449269640742203,
  "training_aux-sec--conclusion_F1": 0.4807165961681514,
  "training_aux-sec--experiments_P": 0.44820441988950277,
  "training_aux-sec--experiments_R": 0.26933930942895085,
  "training_aux-sec--experiments_F1": 0.3364786395685968,
  "training_aux-sec--method_P": 0.40186915887850466,
  "training_aux-sec--method_R": 0.2579854656075714,
  "training_aux-sec--method_F1": 0.3142401317481897,
  "training_aux-sec--related work_P": 0.4883908742176459,
  "training_aux-sec--related work_R": 0.40330110036678896,
  "training_aux-sec--related work_F1": 0.44178613825216484,
  "training_aux-sec--average_F1": 0.4348380407555942,
  "training_aux-worth--False_P": 0.9291059825229666,
  "training_aux-worth--False_R": 0.9880385055280213,
  "training_aux-worth--False_F1": 0.9576664588096222,
  "training_aux-worth--True_P": 0.8848447774889127,
  "training_aux-worth--True_R": 0.5493733383972654,
  "training_aux-worth--True_F1": 0.6778747583620874,
  "training_aux-worth--average_F1": 0.8177706085858548,
  "training_loss": 0.08477091947730632,
  "validation_background_P": 0.8248772504091653,
  "validation_background_R": 0.9368029739776952,
  "validation_background_F1": 0.8772845953002113,
  "validation_method_P": 0.8557692307692307,
  "validation_method_R": 0.6980392156862745,
  "validation_method_F1": 0.768898488120901,
  "validation_result_P": 0.865979381443299,
  "validation_result_R": 0.6829268292682927,
  "validation_result_F1": 0.7636363636363144,
  "validation_average_F1": 0.8032731490191423,
  "validation_aux-sec--introduction_P": 0.0,
  "validation_aux-sec--introduction_R": 0.0,
  "validation_aux-sec--introduction_F1": 0.0,
  "validation_aux-sec--conclusion_P": 0.0,
  "validation_aux-sec--conclusion_R": 0.0,
  "validation_aux-sec--conclusion_F1": 0.0,
  "validation_aux-sec--experiments_P": 0.0,
  "validation_aux-sec--experiments_R": 0.0,
  "validation_aux-sec--experiments_F1": 0.0,
  "validation_aux-sec--method_P": 0.0,
  "validation_aux-sec--method_R": 0.0,
  "validation_aux-sec--method_F1": 0.0,
  "validation_aux-sec--related work_P": 0.0,
  "validation_aux-sec--related work_R": 0.0,
  "validation_aux-sec--related work_F1": 0.0,
  "validation_aux-sec--average_F1": 0.0,
  "validation_aux-worth--False_P": 0.0,
  "validation_aux-worth--False_R": 0.0,
  "validation_aux-worth--False_F1": 0.0,
  "validation_aux-worth--True_P": 0.0,
  "validation_aux-worth--True_R": 0.0,
  "validation_aux-worth--True_F1": 0.0,
  "validation_aux-worth--average_F1": 0.0,
  "validation_loss": 1.596648546518454,
  "best_epoch": 4,
  "best_validation_background_P": 0.8591304347826086,
  "best_validation_background_R": 0.9182156133828996,
  "best_validation_background_F1": 0.8876909254267246,
  "best_validation_method_P": 0.8220338983050848,
  "best_validation_method_R": 0.7607843137254902,
  "best_validation_method_F1": 0.7902240325865082,
  "best_validation_result_P": 0.8476190476190476,
  "best_validation_result_R": 0.7235772357723578,
  "best_validation_result_F1": 0.7807017543859152,
  "best_validation_average_F1": 0.8195389041330493,
  "best_validation_aux-sec--introduction_P": 0.0,
  "best_validation_aux-sec--introduction_R": 0.0,
  "best_validation_aux-sec--introduction_F1": 0.0,
  "best_validation_aux-sec--conclusion_P": 0.0,
  "best_validation_aux-sec--conclusion_R": 0.0,
  "best_validation_aux-sec--conclusion_F1": 0.0,
  "best_validation_aux-sec--experiments_P": 0.0,
  "best_validation_aux-sec--experiments_R": 0.0,
  "best_validation_aux-sec--experiments_F1": 0.0,
  "best_validation_aux-sec--method_P": 0.0,
  "best_validation_aux-sec--method_R": 0.0,
  "best_validation_aux-sec--method_F1": 0.0,
  "best_validation_aux-sec--related work_P": 0.0,
  "best_validation_aux-sec--related work_R": 0.0,
  "best_validation_aux-sec--related work_F1": 0.0,
  "best_validation_aux-sec--average_F1": 0.0,
  "best_validation_aux-worth--False_P": 0.0,
  "best_validation_aux-worth--False_R": 0.0,
  "best_validation_aux-worth--False_F1": 0.0,
  "best_validation_aux-worth--True_P": 0.0,
  "best_validation_aux-worth--True_R": 0.0,
  "best_validation_aux-worth--True_F1": 0.0,
  "best_validation_aux-worth--average_F1": 0.0,
  "best_validation_loss": 1.3447799374573213
}