{
  "training_duration": "00:15:10",
  "training_start_epoch": 0,
  "training_epochs": 0,
  "epoch": 0,
  "training_background_P": 0.8897521106520567,
  "training_background_R": 0.9198662890570592,
  "training_background_F1": 0.9045586321820214,
  "training_method_P": 0.8508074852601897,
  "training_method_R": 0.8097096852890949,
  "training_method_F1": 0.8297499999999501,
  "training_result_P": 0.8652888182299947,
  "training_result_R": 0.8243966474805614,
  "training_result_F1": 0.844347916020221,
  "training_average_F1": 0.8595521827340642,
  "training_aux-sec--introduction_P": 0.4419911522059703,
  "training_aux-sec--introduction_R": 0.7808209533197212,
  "training_aux-sec--introduction_F1": 0.5644627678525523,
  "training_aux-sec--conclusion_P": 0.4705210712061449,
  "training_aux-sec--conclusion_R": 0.29826292933280696,
  "training_aux-sec--conclusion_F1": 0.36509342783500404,
  "training_aux-sec--experiments_P": 0.36814469078179696,
  "training_aux-sec--experiments_R": 0.1571215139442231,
  "training_aux-sec--experiments_F1": 0.22024432809768932,
  "training_aux-sec--method_P": 0.32220107284997407,
  "training_aux-sec--method_R": 0.15734324826770324,
  "training_aux-sec--method_F1": 0.2114347357065363,
  "training_aux-sec--related work_P": 0.33891518019657807,
  "training_aux-sec--related work_R": 0.15521840613537846,
  "training_aux-sec--related work_F1": 0.21292166952540004,
  "training_aux-sec--average_F1": 0.31483138580343645,
  "training_aux-worth--False_P": 0.9003411482906293,
  "training_aux-worth--False_R": 0.985195069259118,
  "training_aux-worth--False_F1": 0.9408587877454238,
  "training_aux-worth--True_P": 0.7973472494020439,
  "training_aux-worth--True_R": 0.34817698442840866,
  "training_aux-worth--True_F1": 0.4847002841847439,
  "training_aux-worth--average_F1": 0.7127795359650838,
  "training_loss": 0.4133958198290725,
  "validation_background_P": 0.876425855513308,
  "validation_background_R": 0.8568773234200744,
  "validation_background_F1": 0.8665413533834087,
  "validation_method_P": 0.7898832684824902,
  "validation_method_R": 0.796078431372549,
  "validation_method_F1": 0.79296874999995,
  "validation_result_P": 0.7218045112781954,
  "validation_result_R": 0.7804878048780488,
  "validation_result_F1": 0.7499999999999502,
  "validation_average_F1": 0.803170034461103,
  "validation_aux-sec--introduction_P": 0.0,
  "validation_aux-sec--introduction_R": 0.0,
  "validation_aux-sec--introduction_F1": 0.0,
  "validation_aux-sec--conclusion_P": 0.0,
  "validation_aux-sec--conclusion_R": 0.0,
  "validation_aux-sec--conclusion_F1": 0.0,
  "validation_aux-sec--experiments_P": 0.0,
  "validation_aux-sec--experiments_R": 0.0,
  "validation_aux-sec--experiments_F1": 0.0,
  "validation_aux-sec--method_P": 0.0,
  "validation_aux-sec--method_R": 0.0,
  "validation_aux-sec--method_F1": 0.0,
  "validation_aux-sec--related work_P": 0.0,
  "validation_aux-sec--related work_R": 0.0,
  "validation_aux-sec--related work_F1": 0.0,
  "validation_aux-sec--average_F1": 0.0,
  "validation_aux-worth--False_P": 0.0,
  "validation_aux-worth--False_R": 0.0,
  "validation_aux-worth--False_F1": 0.0,
  "validation_aux-worth--True_P": 0.0,
  "validation_aux-worth--True_R": 0.0,
  "validation_aux-worth--True_F1": 0.0,
  "validation_aux-worth--average_F1": 0.0,
  "validation_loss": 0.5834848375284466,
  "best_epoch": 0,
  "best_validation_background_P": 0.876425855513308,
  "best_validation_background_R": 0.8568773234200744,
  "best_validation_background_F1": 0.8665413533834087,
  "best_validation_method_P": 0.7898832684824902,
  "best_validation_method_R": 0.796078431372549,
  "best_validation_method_F1": 0.79296874999995,
  "best_validation_result_P": 0.7218045112781954,
  "best_validation_result_R": 0.7804878048780488,
  "best_validation_result_F1": 0.7499999999999502,
  "best_validation_average_F1": 0.803170034461103,
  "best_validation_aux-sec--introduction_P": 0.0,
  "best_validation_aux-sec--introduction_R": 0.0,
  "best_validation_aux-sec--introduction_F1": 0.0,
  "best_validation_aux-sec--conclusion_P": 0.0,
  "best_validation_aux-sec--conclusion_R": 0.0,
  "best_validation_aux-sec--conclusion_F1": 0.0,
  "best_validation_aux-sec--experiments_P": 0.0,
  "best_validation_aux-sec--experiments_R": 0.0,
  "best_validation_aux-sec--experiments_F1": 0.0,
  "best_validation_aux-sec--method_P": 0.0,
  "best_validation_aux-sec--method_R": 0.0,
  "best_validation_aux-sec--method_F1": 0.0,
  "best_validation_aux-sec--related work_P": 0.0,
  "best_validation_aux-sec--related work_R": 0.0,
  "best_validation_aux-sec--related work_F1": 0.0,
  "best_validation_aux-sec--average_F1": 0.0,
  "best_validation_aux-worth--False_P": 0.0,
  "best_validation_aux-worth--False_R": 0.0,
  "best_validation_aux-worth--False_F1": 0.0,
  "best_validation_aux-worth--True_P": 0.0,
  "best_validation_aux-worth--True_R": 0.0,
  "best_validation_aux-worth--True_F1": 0.0,
  "best_validation_aux-worth--average_F1": 0.0,
  "best_validation_loss": 0.5834848375284466
}