{
  "training_duration": "01:14:34",
  "training_start_epoch": 0,
  "training_epochs": 4,
  "epoch": 4,
  "training_background_P": 0.9941626129256428,
  "training_background_R": 0.995153847937487,
  "training_background_F1": 0.9946579834756213,
  "training_method_P": 0.9919527896995708,
  "training_method_R": 0.9903588644884842,
  "training_method_F1": 0.9911551862770875,
  "training_result_P": 0.9920424403183024,
  "training_result_R": 0.9910313901345291,
  "training_result_F1": 0.9915366574894983,
  "training_average_F1": 0.992449942414069,
  "training_aux-sec--introduction_P": 0.49263069100452234,
  "training_aux-sec--introduction_R": 0.7401253256354291,
  "training_aux-sec--introduction_F1": 0.5915338407213623,
  "training_aux-sec--conclusion_P": 0.507203886748199,
  "training_aux-sec--conclusion_R": 0.3984076852217397,
  "training_aux-sec--conclusion_F1": 0.44627063679240353,
  "training_aux-sec--experiments_P": 0.43651501635444545,
  "training_aux-sec--experiments_R": 0.24369189907038513,
  "training_aux-sec--experiments_F1": 0.31277298391387753,
  "training_aux-sec--method_P": 0.3881730638817306,
  "training_aux-sec--method_R": 0.24184552982930538,
  "training_aux-sec--method_F1": 0.29801634820633577,
  "training_aux-sec--related work_P": 0.4593291404612159,
  "training_aux-sec--related work_R": 0.36528842947649215,
  "training_aux-sec--related work_F1": 0.40694650817231315,
  "training_aux-sec--average_F1": 0.4111080635612584,
  "training_aux-worth--False_P": 0.9252151386117976,
  "training_aux-worth--False_R": 0.9871489388740627,
  "training_aux-worth--False_F1": 0.9551791450836433,
  "training_aux-worth--True_P": 0.8719531497309275,
  "training_aux-worth--True_R": 0.523072540827953,
  "training_aux-worth--True_F1": 0.6538872403560363,
  "training_aux-worth--average_F1": 0.8045331927198398,
  "training_loss": 0.09501438657656854,
  "validation_background_P": 0.8591304347826086,
  "validation_background_R": 0.9182156133828996,
  "validation_background_F1": 0.8876909254267246,
  "validation_method_P": 0.8220338983050848,
  "validation_method_R": 0.7607843137254902,
  "validation_method_F1": 0.7902240325865082,
  "validation_result_P": 0.8476190476190476,
  "validation_result_R": 0.7235772357723578,
  "validation_result_F1": 0.7807017543859152,
  "validation_average_F1": 0.8195389041330493,
  "validation_aux-sec--introduction_P": 0.0,
  "validation_aux-sec--introduction_R": 0.0,
  "validation_aux-sec--introduction_F1": 0.0,
  "validation_aux-sec--conclusion_P": 0.0,
  "validation_aux-sec--conclusion_R": 0.0,
  "validation_aux-sec--conclusion_F1": 0.0,
  "validation_aux-sec--experiments_P": 0.0,
  "validation_aux-sec--experiments_R": 0.0,
  "validation_aux-sec--experiments_F1": 0.0,
  "validation_aux-sec--method_P": 0.0,
  "validation_aux-sec--method_R": 0.0,
  "validation_aux-sec--method_F1": 0.0,
  "validation_aux-sec--related work_P": 0.0,
  "validation_aux-sec--related work_R": 0.0,
  "validation_aux-sec--related work_F1": 0.0,
  "validation_aux-sec--average_F1": 0.0,
  "validation_aux-worth--False_P": 0.0,
  "validation_aux-worth--False_R": 0.0,
  "validation_aux-worth--False_F1": 0.0,
  "validation_aux-worth--True_P": 0.0,
  "validation_aux-worth--True_R": 0.0,
  "validation_aux-worth--True_F1": 0.0,
  "validation_aux-worth--average_F1": 0.0,
  "validation_loss": 1.3447799374573213,
  "best_epoch": 4,
  "best_validation_background_P": 0.8591304347826086,
  "best_validation_background_R": 0.9182156133828996,
  "best_validation_background_F1": 0.8876909254267246,
  "best_validation_method_P": 0.8220338983050848,
  "best_validation_method_R": 0.7607843137254902,
  "best_validation_method_F1": 0.7902240325865082,
  "best_validation_result_P": 0.8476190476190476,
  "best_validation_result_R": 0.7235772357723578,
  "best_validation_result_F1": 0.7807017543859152,
  "best_validation_average_F1": 0.8195389041330493,
  "best_validation_aux-sec--introduction_P": 0.0,
  "best_validation_aux-sec--introduction_R": 0.0,
  "best_validation_aux-sec--introduction_F1": 0.0,
  "best_validation_aux-sec--conclusion_P": 0.0,
  "best_validation_aux-sec--conclusion_R": 0.0,
  "best_validation_aux-sec--conclusion_F1": 0.0,
  "best_validation_aux-sec--experiments_P": 0.0,
  "best_validation_aux-sec--experiments_R": 0.0,
  "best_validation_aux-sec--experiments_F1": 0.0,
  "best_validation_aux-sec--method_P": 0.0,
  "best_validation_aux-sec--method_R": 0.0,
  "best_validation_aux-sec--method_F1": 0.0,
  "best_validation_aux-sec--related work_P": 0.0,
  "best_validation_aux-sec--related work_R": 0.0,
  "best_validation_aux-sec--related work_F1": 0.0,
  "best_validation_aux-sec--average_F1": 0.0,
  "best_validation_aux-worth--False_P": 0.0,
  "best_validation_aux-worth--False_R": 0.0,
  "best_validation_aux-worth--False_F1": 0.0,
  "best_validation_aux-worth--True_P": 0.0,
  "best_validation_aux-worth--True_R": 0.0,
  "best_validation_aux-worth--True_F1": 0.0,
  "best_validation_aux-worth--average_F1": 0.0,
  "best_validation_loss": 1.3447799374573213
}