{
  "training_duration": "00:29:31",
  "training_start_epoch": 0,
  "training_epochs": 1,
  "epoch": 1,
  "training_background_P": 0.9554963602544377,
  "training_background_R": 0.9661009078455501,
  "training_background_F1": 0.9607693728640861,
  "training_method_P": 0.9403868930122384,
  "training_method_R": 0.9233452853958717,
  "training_method_F1": 0.9317881766172303,
  "training_result_P": 0.9451276221969619,
  "training_result_R": 0.9350782128616706,
  "training_result_F1": 0.9400760612601,
  "training_average_F1": 0.9442112035804722,
  "training_aux-sec--introduction_P": 0.4644003818118709,
  "training_aux-sec--introduction_R": 0.7536083925931142,
  "training_aux-sec--introduction_F1": 0.5746691363989757,
  "training_aux-sec--conclusion_P": 0.4853185595567867,
  "training_aux-sec--conclusion_R": 0.34583497828661663,
  "training_aux-sec--conclusion_F1": 0.4038727524204216,
  "training_aux-sec--experiments_P": 0.4027710649266957,
  "training_aux-sec--experiments_R": 0.20750332005312086,
  "training_aux-sec--experiments_F1": 0.2738975623116505,
  "training_aux-sec--method_P": 0.3617355761672693,
  "training_aux-sec--method_R": 0.19443974987324658,
  "training_aux-sec--method_F1": 0.2529266281945135,
  "training_aux-sec--related work_P": 0.38847117794486213,
  "training_aux-sec--related work_R": 0.25841947315771924,
  "training_aux-sec--related work_F1": 0.3103724469362756,
  "training_aux-sec--average_F1": 0.3631477052523674,
  "training_aux-worth--False_P": 0.9159493895147122,
  "training_aux-worth--False_R": 0.9855127716355319,
  "training_aux-worth--False_F1": 0.9494586218769827,
  "training_aux-worth--True_P": 0.8414188836724048,
  "training_aux-worth--True_R": 0.45945689327763006,
  "training_aux-worth--True_F1": 0.5943622182644018,
  "training_aux-worth--average_F1": 0.7719104200706923,
  "training_loss": 0.21607783266042874,
  "validation_background_P": 0.8561278863232682,
  "validation_background_R": 0.895910780669145,
  "validation_background_F1": 0.8755676657583515,
  "validation_method_P": 0.8217391304347826,
  "validation_method_R": 0.7411764705882353,
  "validation_method_F1": 0.7793814432989192,
  "validation_result_P": 0.7804878048780488,
  "validation_result_R": 0.7804878048780488,
  "validation_result_F1": 0.7804878048779988,
  "validation_average_F1": 0.8118123046450899,
  "validation_aux-sec--introduction_P": 0.0,
  "validation_aux-sec--introduction_R": 0.0,
  "validation_aux-sec--introduction_F1": 0.0,
  "validation_aux-sec--conclusion_P": 0.0,
  "validation_aux-sec--conclusion_R": 0.0,
  "validation_aux-sec--conclusion_F1": 0.0,
  "validation_aux-sec--experiments_P": 0.0,
  "validation_aux-sec--experiments_R": 0.0,
  "validation_aux-sec--experiments_F1": 0.0,
  "validation_aux-sec--method_P": 0.0,
  "validation_aux-sec--method_R": 0.0,
  "validation_aux-sec--method_F1": 0.0,
  "validation_aux-sec--related work_P": 0.0,
  "validation_aux-sec--related work_R": 0.0,
  "validation_aux-sec--related work_F1": 0.0,
  "validation_aux-sec--average_F1": 0.0,
  "validation_aux-worth--False_P": 0.0,
  "validation_aux-worth--False_R": 0.0,
  "validation_aux-worth--False_F1": 0.0,
  "validation_aux-worth--True_P": 0.0,
  "validation_aux-worth--True_R": 0.0,
  "validation_aux-worth--True_F1": 0.0,
  "validation_aux-worth--average_F1": 0.0,
  "validation_loss": 0.7407496957638269,
  "best_epoch": 1,
  "best_validation_background_P": 0.8561278863232682,
  "best_validation_background_R": 0.895910780669145,
  "best_validation_background_F1": 0.8755676657583515,
  "best_validation_method_P": 0.8217391304347826,
  "best_validation_method_R": 0.7411764705882353,
  "best_validation_method_F1": 0.7793814432989192,
  "best_validation_result_P": 0.7804878048780488,
  "best_validation_result_R": 0.7804878048780488,
  "best_validation_result_F1": 0.7804878048779988,
  "best_validation_average_F1": 0.8118123046450899,
  "best_validation_aux-sec--introduction_P": 0.0,
  "best_validation_aux-sec--introduction_R": 0.0,
  "best_validation_aux-sec--introduction_F1": 0.0,
  "best_validation_aux-sec--conclusion_P": 0.0,
  "best_validation_aux-sec--conclusion_R": 0.0,
  "best_validation_aux-sec--conclusion_F1": 0.0,
  "best_validation_aux-sec--experiments_P": 0.0,
  "best_validation_aux-sec--experiments_R": 0.0,
  "best_validation_aux-sec--experiments_F1": 0.0,
  "best_validation_aux-sec--method_P": 0.0,
  "best_validation_aux-sec--method_R": 0.0,
  "best_validation_aux-sec--method_F1": 0.0,
  "best_validation_aux-sec--related work_P": 0.0,
  "best_validation_aux-sec--related work_R": 0.0,
  "best_validation_aux-sec--related work_F1": 0.0,
  "best_validation_aux-sec--average_F1": 0.0,
  "best_validation_aux-worth--False_P": 0.0,
  "best_validation_aux-worth--False_R": 0.0,
  "best_validation_aux-worth--False_F1": 0.0,
  "best_validation_aux-worth--True_P": 0.0,
  "best_validation_aux-worth--True_R": 0.0,
  "best_validation_aux-worth--True_F1": 0.0,
  "best_validation_aux-worth--average_F1": 0.0,
  "best_validation_loss": 0.7407496957638269
}