{
  "training_duration": "00:59:25",
  "training_start_epoch": 0,
  "training_epochs": 3,
  "epoch": 3,
  "training_background_P": 0.9906396618200399,
  "training_background_R": 0.9923452768729641,
  "training_background_F1": 0.9914917358253214,
  "training_method_P": 0.9863988690098962,
  "training_method_R": 0.9835220920624119,
  "training_method_F1": 0.9849583799833994,
  "training_result_P": 0.9860732667272177,
  "training_result_R": 0.9846820517988512,
  "training_result_F1": 0.9853771682129392,
  "training_average_F1": 0.9872757613405533,
  "training_aux-sec--introduction_P": 0.4814967387572949,
  "training_aux-sec--introduction_R": 0.7406533830880799,
  "training_aux-sec--introduction_F1": 0.583598008349351,
  "training_aux-sec--conclusion_P": 0.4947795323151264,
  "training_aux-sec--conclusion_R": 0.3772864850638242,
  "training_aux-sec--conclusion_F1": 0.42811811699700175,
  "training_aux-sec--experiments_P": 0.4275789155716659,
  "training_aux-sec--experiments_R": 0.23497675962815406,
  "training_aux-sec--experiments_F1": 0.3032835181316163,
  "training_aux-sec--method_P": 0.38134626354820306,
  "training_aux-sec--method_R": 0.22595910089572419,
  "training_aux-sec--method_F1": 0.2837737450917499,
  "training_aux-sec--related work_P": 0.43376395883512153,
  "training_aux-sec--related work_R": 0.33027675891963987,
  "training_aux-sec--related work_F1": 0.37501183151911793,
  "training_aux-sec--average_F1": 0.39475704401776734,
  "training_aux-worth--False_P": 0.9223736159349304,
  "training_aux-worth--False_R": 0.9871648239928835,
  "training_aux-worth--False_F1": 0.9536700274695264,
  "training_aux-worth--True_P": 0.8677577741407528,
  "training_aux-worth--True_R": 0.5034181541967337,
  "training_aux-worth--True_F1": 0.6371830308856644,
  "training_aux-worth--average_F1": 0.7954265291775955,
  "training_loss": 0.1092218598320467,
  "validation_background_P": 0.8523725834797891,
  "validation_background_R": 0.9014869888475836,
  "validation_background_F1": 0.8762420957542408,
  "validation_method_P": 0.810126582278481,
  "validation_method_R": 0.7529411764705882,
  "validation_method_F1": 0.7804878048779988,
  "validation_result_P": 0.8090909090909091,
  "validation_result_R": 0.7235772357723578,
  "validation_result_F1": 0.7639484978540274,
  "validation_average_F1": 0.8068927994954224,
  "validation_aux-sec--introduction_P": 0.0,
  "validation_aux-sec--introduction_R": 0.0,
  "validation_aux-sec--introduction_F1": 0.0,
  "validation_aux-sec--conclusion_P": 0.0,
  "validation_aux-sec--conclusion_R": 0.0,
  "validation_aux-sec--conclusion_F1": 0.0,
  "validation_aux-sec--experiments_P": 0.0,
  "validation_aux-sec--experiments_R": 0.0,
  "validation_aux-sec--experiments_F1": 0.0,
  "validation_aux-sec--method_P": 0.0,
  "validation_aux-sec--method_R": 0.0,
  "validation_aux-sec--method_F1": 0.0,
  "validation_aux-sec--related work_P": 0.0,
  "validation_aux-sec--related work_R": 0.0,
  "validation_aux-sec--related work_F1": 0.0,
  "validation_aux-sec--average_F1": 0.0,
  "validation_aux-worth--False_P": 0.0,
  "validation_aux-worth--False_R": 0.0,
  "validation_aux-worth--False_F1": 0.0,
  "validation_aux-worth--True_P": 0.0,
  "validation_aux-worth--True_R": 0.0,
  "validation_aux-worth--True_F1": 0.0,
  "validation_aux-worth--average_F1": 0.0,
  "validation_loss": 1.1197605003474345,
  "best_epoch": 1,
  "best_validation_background_P": 0.8561278863232682,
  "best_validation_background_R": 0.895910780669145,
  "best_validation_background_F1": 0.8755676657583515,
  "best_validation_method_P": 0.8217391304347826,
  "best_validation_method_R": 0.7411764705882353,
  "best_validation_method_F1": 0.7793814432989192,
  "best_validation_result_P": 0.7804878048780488,
  "best_validation_result_R": 0.7804878048780488,
  "best_validation_result_F1": 0.7804878048779988,
  "best_validation_average_F1": 0.8118123046450899,
  "best_validation_aux-sec--introduction_P": 0.0,
  "best_validation_aux-sec--introduction_R": 0.0,
  "best_validation_aux-sec--introduction_F1": 0.0,
  "best_validation_aux-sec--conclusion_P": 0.0,
  "best_validation_aux-sec--conclusion_R": 0.0,
  "best_validation_aux-sec--conclusion_F1": 0.0,
  "best_validation_aux-sec--experiments_P": 0.0,
  "best_validation_aux-sec--experiments_R": 0.0,
  "best_validation_aux-sec--experiments_F1": 0.0,
  "best_validation_aux-sec--method_P": 0.0,
  "best_validation_aux-sec--method_R": 0.0,
  "best_validation_aux-sec--method_F1": 0.0,
  "best_validation_aux-sec--related work_P": 0.0,
  "best_validation_aux-sec--related work_R": 0.0,
  "best_validation_aux-sec--related work_F1": 0.0,
  "best_validation_aux-sec--average_F1": 0.0,
  "best_validation_aux-worth--False_P": 0.0,
  "best_validation_aux-worth--False_R": 0.0,
  "best_validation_aux-worth--False_F1": 0.0,
  "best_validation_aux-worth--True_P": 0.0,
  "best_validation_aux-worth--True_R": 0.0,
  "best_validation_aux-worth--True_F1": 0.0,
  "best_validation_aux-worth--average_F1": 0.0,
  "best_validation_loss": 0.7407496957638269
}