{
  "training_duration": "00:44:17",
  "training_start_epoch": 0,
  "training_epochs": 2,
  "epoch": 2,
  "training_background_P": 0.9838186201780416,
  "training_background_R": 0.9852575859587213,
  "training_background_F1": 0.9845375772830643,
  "training_method_P": 0.9748301647035824,
  "training_method_R": 0.9726434875896035,
  "training_method_F1": 0.9737355985158649,
  "training_result_P": 0.9760388231725812,
  "training_result_R": 0.9743641501816713,
  "training_result_F1": 0.9752007677154912,
  "training_average_F1": 0.9778246478381402,
  "training_aux-sec--introduction_P": 0.47561438360750874,
  "training_aux-sec--introduction_R": 0.7501232134056185,
  "training_aux-sec--introduction_F1": 0.5821301241684064,
  "training_aux-sec--conclusion_P": 0.49252536038441,
  "training_aux-sec--conclusion_R": 0.36419265692854325,
  "training_aux-sec--conclusion_F1": 0.41874716295955167,
  "training_aux-sec--experiments_P": 0.4186300514900921,
  "training_aux-sec--experiments_R": 0.2226925630810093,
  "training_aux-sec--experiments_F1": 0.29072980441020546,
  "training_aux-sec--method_P": 0.3686077446053798,
  "training_aux-sec--method_R": 0.2107486902146358,
  "training_aux-sec--method_F1": 0.26817204301070635,
  "training_aux-sec--related work_P": 0.4199063231850117,
  "training_aux-sec--related work_R": 0.2989329776592197,
  "training_aux-sec--related work_F1": 0.34924035839496503,
  "training_aux-sec--average_F1": 0.381803898588767,
  "training_aux-worth--False_P": 0.9192116477272727,
  "training_aux-worth--False_R": 0.9868471216164697,
  "training_aux-worth--False_F1": 0.951829380400759,
  "training_aux-worth--True_P": 0.8596610169491525,
  "training_aux-worth--True_R": 0.48157994682871247,
  "training_aux-worth--True_F1": 0.617332035053508,
  "training_aux-worth--average_F1": 0.7845807077271335,
  "training_loss": 0.13389267777870378,
  "validation_background_P": 0.8574040219378428,
  "validation_background_R": 0.8717472118959108,
  "validation_background_F1": 0.8645161290322081,
  "validation_method_P": 0.8085106382978723,
  "validation_method_R": 0.7450980392156863,
  "validation_method_F1": 0.7755102040815827,
  "validation_result_P": 0.7388059701492538,
  "validation_result_R": 0.8048780487804879,
  "validation_result_F1": 0.7704280155641524,
  "validation_average_F1": 0.8034847828926477,
  "validation_aux-sec--introduction_P": 0.0,
  "validation_aux-sec--introduction_R": 0.0,
  "validation_aux-sec--introduction_F1": 0.0,
  "validation_aux-sec--conclusion_P": 0.0,
  "validation_aux-sec--conclusion_R": 0.0,
  "validation_aux-sec--conclusion_F1": 0.0,
  "validation_aux-sec--experiments_P": 0.0,
  "validation_aux-sec--experiments_R": 0.0,
  "validation_aux-sec--experiments_F1": 0.0,
  "validation_aux-sec--method_P": 0.0,
  "validation_aux-sec--method_R": 0.0,
  "validation_aux-sec--method_F1": 0.0,
  "validation_aux-sec--related work_P": 0.0,
  "validation_aux-sec--related work_R": 0.0,
  "validation_aux-sec--related work_F1": 0.0,
  "validation_aux-sec--average_F1": 0.0,
  "validation_aux-worth--False_P": 0.0,
  "validation_aux-worth--False_R": 0.0,
  "validation_aux-worth--False_F1": 0.0,
  "validation_aux-worth--True_P": 0.0,
  "validation_aux-worth--True_R": 0.0,
  "validation_aux-worth--True_F1": 0.0,
  "validation_aux-worth--average_F1": 0.0,
  "validation_loss": 0.9599503973691628,
  "best_epoch": 1,
  "best_validation_background_P": 0.8561278863232682,
  "best_validation_background_R": 0.895910780669145,
  "best_validation_background_F1": 0.8755676657583515,
  "best_validation_method_P": 0.8217391304347826,
  "best_validation_method_R": 0.7411764705882353,
  "best_validation_method_F1": 0.7793814432989192,
  "best_validation_result_P": 0.7804878048780488,
  "best_validation_result_R": 0.7804878048780488,
  "best_validation_result_F1": 0.7804878048779988,
  "best_validation_average_F1": 0.8118123046450899,
  "best_validation_aux-sec--introduction_P": 0.0,
  "best_validation_aux-sec--introduction_R": 0.0,
  "best_validation_aux-sec--introduction_F1": 0.0,
  "best_validation_aux-sec--conclusion_P": 0.0,
  "best_validation_aux-sec--conclusion_R": 0.0,
  "best_validation_aux-sec--conclusion_F1": 0.0,
  "best_validation_aux-sec--experiments_P": 0.0,
  "best_validation_aux-sec--experiments_R": 0.0,
  "best_validation_aux-sec--experiments_F1": 0.0,
  "best_validation_aux-sec--method_P": 0.0,
  "best_validation_aux-sec--method_R": 0.0,
  "best_validation_aux-sec--method_F1": 0.0,
  "best_validation_aux-sec--related work_P": 0.0,
  "best_validation_aux-sec--related work_R": 0.0,
  "best_validation_aux-sec--related work_F1": 0.0,
  "best_validation_aux-sec--average_F1": 0.0,
  "best_validation_aux-worth--False_P": 0.0,
  "best_validation_aux-worth--False_R": 0.0,
  "best_validation_aux-worth--False_F1": 0.0,
  "best_validation_aux-worth--True_P": 0.0,
  "best_validation_aux-worth--True_R": 0.0,
  "best_validation_aux-worth--True_F1": 0.0,
  "best_validation_aux-worth--average_F1": 0.0,
  "best_validation_loss": 0.7407496957638269
}