{
  "training_duration": "00:20:44",
  "training_start_epoch": 0,
  "training_epochs": 1,
  "epoch": 1,
  "training_background_P": 0.9456756136728608,
  "training_background_R": 0.9579828026957936,
  "training_background_F1": 0.9517894250749905,
  "training_method_P": 0.9243429255398733,
  "training_method_R": 0.9029083645929751,
  "training_method_F1": 0.9134999260682629,
  "training_result_P": 0.9320881128819409,
  "training_result_R": 0.9242073477604429,
  "training_result_F1": 0.9281310017183368,
  "training_average_F1": 0.93114011762053,
  "training_aux-sec--introduction_P": 0.4587240027275827,
  "training_aux-sec--introduction_R": 0.757832852214321,
  "training_aux-sec--introduction_F1": 0.5715082167413977,
  "training_aux-sec--conclusion_P": 0.4778010670731707,
  "training_aux-sec--conclusion_R": 0.32997762863534674,
  "training_aux-sec--conclusion_F1": 0.3903635089903775,
  "training_aux-sec--experiments_P": 0.40279084352461586,
  "training_aux-sec--experiments_R": 0.213230411686587,
  "training_aux-sec--experiments_F1": 0.27884511017036606,
  "training_aux-sec--method_P": 0.3554019014693172,
  "training_aux-sec--method_R": 0.17373669089065405,
  "training_aux-sec--method_F1": 0.23338441455242764,
  "training_aux-sec--related work_P": 0.3759302027200411,
  "training_aux-sec--related work_R": 0.2442480826942314,
  "training_aux-sec--related work_F1": 0.2961091460333024,
  "training_aux-sec--average_F1": 0.3540420792975742,
  "training_aux-worth--False_P": 0.9135807905126737,
  "training_aux-worth--False_R": 0.9887692209937731,
  "training_aux-worth--False_F1": 0.949689133005252,
  "training_aux-worth--True_P": 0.8678751635208373,
  "training_aux-worth--True_R": 0.4409418913786555,
  "training_aux-worth--True_F1": 0.5847761757853863,
  "training_aux-worth--average_F1": 0.7672326543953192,
  "training_loss": 0.2493923465467091,
  "validation_background_P": 0.8779527559055118,
  "validation_background_R": 0.828996282527881,
  "validation_background_F1": 0.8527724665391471,
  "validation_method_P": 0.7622641509433963,
  "validation_method_R": 0.792156862745098,
  "validation_method_F1": 0.776923076923027,
  "validation_result_P": 0.6923076923076923,
  "validation_result_R": 0.8048780487804879,
  "validation_result_F1": 0.7443609022555895,
  "validation_average_F1": 0.7913521485725878,
  "validation_aux-sec--introduction_P": 0.0,
  "validation_aux-sec--introduction_R": 0.0,
  "validation_aux-sec--introduction_F1": 0.0,
  "validation_aux-sec--conclusion_P": 0.0,
  "validation_aux-sec--conclusion_R": 0.0,
  "validation_aux-sec--conclusion_F1": 0.0,
  "validation_aux-sec--experiments_P": 0.0,
  "validation_aux-sec--experiments_R": 0.0,
  "validation_aux-sec--experiments_F1": 0.0,
  "validation_aux-sec--method_P": 0.0,
  "validation_aux-sec--method_R": 0.0,
  "validation_aux-sec--method_F1": 0.0,
  "validation_aux-sec--related work_P": 0.0,
  "validation_aux-sec--related work_R": 0.0,
  "validation_aux-sec--related work_F1": 0.0,
  "validation_aux-sec--average_F1": 0.0,
  "validation_aux-worth--False_P": 0.0,
  "validation_aux-worth--False_R": 0.0,
  "validation_aux-worth--False_F1": 0.0,
  "validation_aux-worth--True_P": 0.0,
  "validation_aux-worth--True_R": 0.0,
  "validation_aux-worth--True_F1": 0.0,
  "validation_aux-worth--average_F1": 0.0,
  "validation_loss": 0.6545172693400547,
  "best_epoch": 0,
  "best_validation_background_P": 0.8623188405797102,
  "best_validation_background_R": 0.8847583643122676,
  "best_validation_background_F1": 0.8733944954127941,
  "best_validation_method_P": 0.8378378378378378,
  "best_validation_method_R": 0.7294117647058823,
  "best_validation_method_F1": 0.7798742138364283,
  "best_validation_result_P": 0.7112676056338029,
  "best_validation_result_R": 0.8211382113821138,
  "best_validation_result_F1": 0.7622641509433465,
  "best_validation_average_F1": 0.8051776200641897,
  "best_validation_aux-sec--introduction_P": 0.0,
  "best_validation_aux-sec--introduction_R": 0.0,
  "best_validation_aux-sec--introduction_F1": 0.0,
  "best_validation_aux-sec--conclusion_P": 0.0,
  "best_validation_aux-sec--conclusion_R": 0.0,
  "best_validation_aux-sec--conclusion_F1": 0.0,
  "best_validation_aux-sec--experiments_P": 0.0,
  "best_validation_aux-sec--experiments_R": 0.0,
  "best_validation_aux-sec--experiments_F1": 0.0,
  "best_validation_aux-sec--method_P": 0.0,
  "best_validation_aux-sec--method_R": 0.0,
  "best_validation_aux-sec--method_F1": 0.0,
  "best_validation_aux-sec--related work_P": 0.0,
  "best_validation_aux-sec--related work_R": 0.0,
  "best_validation_aux-sec--related work_F1": 0.0,
  "best_validation_aux-sec--average_F1": 0.0,
  "best_validation_aux-worth--False_P": 0.0,
  "best_validation_aux-worth--False_R": 0.0,
  "best_validation_aux-worth--False_F1": 0.0,
  "best_validation_aux-worth--True_P": 0.0,
  "best_validation_aux-worth--True_R": 0.0,
  "best_validation_aux-worth--True_F1": 0.0,
  "best_validation_aux-worth--average_F1": 0.0,
  "best_validation_loss": 0.4976386063057801
}