{
  "training_duration": "00:10:33",
  "training_start_epoch": 0,
  "training_epochs": 0,
  "epoch": 0,
  "training_background_P": 0.8809252684930895,
  "training_background_R": 0.9140487443239736,
  "training_background_F1": 0.8971813850893748,
  "training_method_P": 0.8397190953216979,
  "training_method_R": 0.7937329168293635,
  "training_method_F1": 0.8160786872082604,
  "training_result_P": 0.854588285683692,
  "training_result_R": 0.8110772357723577,
  "training_result_F1": 0.8322644559152741,
  "training_average_F1": 0.8485081760709697,
  "training_aux-sec--introduction_P": 0.4386094814983577,
  "training_aux-sec--introduction_R": 0.81327888474266,
  "training_aux-sec--introduction_F1": 0.5698780171934866,
  "training_aux-sec--conclusion_P": 0.47477711319264193,
  "training_aux-sec--conclusion_R": 0.2768127385182261,
  "training_aux-sec--conclusion_F1": 0.34972359615939486,
  "training_aux-sec--experiments_P": 0.37757133377571334,
  "training_aux-sec--experiments_R": 0.14168326693227093,
  "training_aux-sec--experiments_F1": 0.2060474379865618,
  "training_aux-sec--method_P": 0.31962140516927556,
  "training_aux-sec--method_R": 0.1483860064221734,
  "training_aux-sec--method_F1": 0.20267774699903332,
  "training_aux-sec--related work_P": 0.3366029943211151,
  "training_aux-sec--related work_R": 0.108702900966989,
  "training_aux-sec--related work_F1": 0.16433522369246467,
  "training_aux-sec--average_F1": 0.2985324044061882,
  "training_aux-worth--False_P": 0.8971414539729312,
  "training_aux-worth--False_R": 0.98662472995298,
  "training_aux-worth--False_F1": 0.9397577600749976,
  "training_aux-worth--True_P": 0.8020221020456149,
  "training_aux-worth--True_R": 0.32387011014052414,
  "training_aux-worth--True_F1": 0.4614135948596141,
  "training_aux-worth--average_F1": 0.7005856774673058,
  "training_loss": 0.43345092482861614,
  "validation_background_P": 0.8623188405797102,
  "validation_background_R": 0.8847583643122676,
  "validation_background_F1": 0.8733944954127941,
  "validation_method_P": 0.8378378378378378,
  "validation_method_R": 0.7294117647058823,
  "validation_method_F1": 0.7798742138364283,
  "validation_result_P": 0.7112676056338029,
  "validation_result_R": 0.8211382113821138,
  "validation_result_F1": 0.7622641509433465,
  "validation_average_F1": 0.8051776200641897,
  "validation_aux-sec--introduction_P": 0.0,
  "validation_aux-sec--introduction_R": 0.0,
  "validation_aux-sec--introduction_F1": 0.0,
  "validation_aux-sec--conclusion_P": 0.0,
  "validation_aux-sec--conclusion_R": 0.0,
  "validation_aux-sec--conclusion_F1": 0.0,
  "validation_aux-sec--experiments_P": 0.0,
  "validation_aux-sec--experiments_R": 0.0,
  "validation_aux-sec--experiments_F1": 0.0,
  "validation_aux-sec--method_P": 0.0,
  "validation_aux-sec--method_R": 0.0,
  "validation_aux-sec--method_F1": 0.0,
  "validation_aux-sec--related work_P": 0.0,
  "validation_aux-sec--related work_R": 0.0,
  "validation_aux-sec--related work_F1": 0.0,
  "validation_aux-sec--average_F1": 0.0,
  "validation_aux-worth--False_P": 0.0,
  "validation_aux-worth--False_R": 0.0,
  "validation_aux-worth--False_F1": 0.0,
  "validation_aux-worth--True_P": 0.0,
  "validation_aux-worth--True_R": 0.0,
  "validation_aux-worth--True_F1": 0.0,
  "validation_aux-worth--average_F1": 0.0,
  "validation_loss": 0.4976386063057801,
  "best_epoch": 0,
  "best_validation_background_P": 0.8623188405797102,
  "best_validation_background_R": 0.8847583643122676,
  "best_validation_background_F1": 0.8733944954127941,
  "best_validation_method_P": 0.8378378378378378,
  "best_validation_method_R": 0.7294117647058823,
  "best_validation_method_F1": 0.7798742138364283,
  "best_validation_result_P": 0.7112676056338029,
  "best_validation_result_R": 0.8211382113821138,
  "best_validation_result_F1": 0.7622641509433465,
  "best_validation_average_F1": 0.8051776200641897,
  "best_validation_aux-sec--introduction_P": 0.0,
  "best_validation_aux-sec--introduction_R": 0.0,
  "best_validation_aux-sec--introduction_F1": 0.0,
  "best_validation_aux-sec--conclusion_P": 0.0,
  "best_validation_aux-sec--conclusion_R": 0.0,
  "best_validation_aux-sec--conclusion_F1": 0.0,
  "best_validation_aux-sec--experiments_P": 0.0,
  "best_validation_aux-sec--experiments_R": 0.0,
  "best_validation_aux-sec--experiments_F1": 0.0,
  "best_validation_aux-sec--method_P": 0.0,
  "best_validation_aux-sec--method_R": 0.0,
  "best_validation_aux-sec--method_F1": 0.0,
  "best_validation_aux-sec--related work_P": 0.0,
  "best_validation_aux-sec--related work_R": 0.0,
  "best_validation_aux-sec--related work_F1": 0.0,
  "best_validation_aux-sec--average_F1": 0.0,
  "best_validation_aux-worth--False_P": 0.0,
  "best_validation_aux-worth--False_R": 0.0,
  "best_validation_aux-worth--False_F1": 0.0,
  "best_validation_aux-worth--True_P": 0.0,
  "best_validation_aux-worth--True_R": 0.0,
  "best_validation_aux-worth--True_F1": 0.0,
  "best_validation_aux-worth--average_F1": 0.0,
  "best_validation_loss": 0.4976386063057801
}