{
  "training_duration": "00:52:33",
  "training_start_epoch": 0,
  "training_epochs": 4,
  "epoch": 4,
  "training_background_P": 0.9922108630641908,
  "training_background_R": 0.992256867972644,
  "training_background_F1": 0.9922338649851132,
  "training_method_P": 0.9873900293255132,
  "training_method_R": 0.9868594597235113,
  "training_method_F1": 0.9871246732305088,
  "training_result_P": 0.9874684183931278,
  "training_result_R": 0.9883673882257739,
  "training_result_F1": 0.9879176988018307,
  "training_average_F1": 0.9890920790058176,
  "training_aux-sec--introduction_P": 0.4867624636141016,
  "training_aux-sec--introduction_R": 0.7417447018235584,
  "training_aux-sec--introduction_F1": 0.587792222284168,
  "training_aux-sec--conclusion_P": 0.5028725920919229,
  "training_aux-sec--conclusion_R": 0.3916304776944335,
  "training_aux-sec--conclusion_F1": 0.44033439372636934,
  "training_aux-sec--experiments_P": 0.42699926632428464,
  "training_aux-sec--experiments_R": 0.24153386454183268,
  "training_aux-sec--experiments_F1": 0.30854052907804325,
  "training_aux-sec--method_P": 0.3852435112277632,
  "training_aux-sec--method_R": 0.2232550278857529,
  "training_aux-sec--method_F1": 0.28268778086877444,
  "training_aux-sec--related work_P": 0.4506291320110898,
  "training_aux-sec--related work_R": 0.35228409469823274,
  "training_aux-sec--related work_F1": 0.3954337045007461,
  "training_aux-sec--average_F1": 0.4029577260916202,
  "training_aux-worth--False_P": 0.9233633491076859,
  "training_aux-worth--False_R": 0.9887374507561316,
  "training_aux-worth--False_F1": 0.9549328403433043,
  "training_aux-worth--True_P": 0.8832921810699589,
  "training_aux-worth--True_R": 0.5094948727687049,
  "training_aux-worth--True_F1": 0.6462335159871879,
  "training_aux-worth--average_F1": 0.8005831781652462,
  "training_loss": 0.10477637883452524,
  "validation_background_P": 0.861878453038674,
  "validation_background_R": 0.8698884758364313,
  "validation_background_F1": 0.8658649398704404,
  "validation_method_P": 0.8109243697478992,
  "validation_method_R": 0.7568627450980392,
  "validation_method_F1": 0.7829614604461975,
  "validation_result_P": 0.725925925925926,
  "validation_result_R": 0.7967479674796748,
  "validation_result_F1": 0.7596899224805703,
  "validation_average_F1": 0.802838774265736,
  "validation_aux-sec--introduction_P": 0.0,
  "validation_aux-sec--introduction_R": 0.0,
  "validation_aux-sec--introduction_F1": 0.0,
  "validation_aux-sec--conclusion_P": 0.0,
  "validation_aux-sec--conclusion_R": 0.0,
  "validation_aux-sec--conclusion_F1": 0.0,
  "validation_aux-sec--experiments_P": 0.0,
  "validation_aux-sec--experiments_R": 0.0,
  "validation_aux-sec--experiments_F1": 0.0,
  "validation_aux-sec--method_P": 0.0,
  "validation_aux-sec--method_R": 0.0,
  "validation_aux-sec--method_F1": 0.0,
  "validation_aux-sec--related work_P": 0.0,
  "validation_aux-sec--related work_R": 0.0,
  "validation_aux-sec--related work_F1": 0.0,
  "validation_aux-sec--average_F1": 0.0,
  "validation_aux-worth--False_P": 0.0,
  "validation_aux-worth--False_R": 0.0,
  "validation_aux-worth--False_F1": 0.0,
  "validation_aux-worth--True_P": 0.0,
  "validation_aux-worth--True_R": 0.0,
  "validation_aux-worth--True_F1": 0.0,
  "validation_aux-worth--average_F1": 0.0,
  "validation_loss": 1.191829317602618,
  "best_epoch": 2,
  "best_validation_background_P": 0.8652482269503546,
  "best_validation_background_R": 0.9070631970260223,
  "best_validation_background_F1": 0.8856624319418739,
  "best_validation_method_P": 0.867579908675799,
  "best_validation_method_R": 0.7450980392156863,
  "best_validation_method_F1": 0.8016877637130304,
  "best_validation_result_P": 0.7819548872180451,
  "best_validation_result_R": 0.8455284552845529,
  "best_validation_result_F1": 0.81249999999995,
  "best_validation_average_F1": 0.8332833985516181,
  "best_validation_aux-sec--introduction_P": 0.0,
  "best_validation_aux-sec--introduction_R": 0.0,
  "best_validation_aux-sec--introduction_F1": 0.0,
  "best_validation_aux-sec--conclusion_P": 0.0,
  "best_validation_aux-sec--conclusion_R": 0.0,
  "best_validation_aux-sec--conclusion_F1": 0.0,
  "best_validation_aux-sec--experiments_P": 0.0,
  "best_validation_aux-sec--experiments_R": 0.0,
  "best_validation_aux-sec--experiments_F1": 0.0,
  "best_validation_aux-sec--method_P": 0.0,
  "best_validation_aux-sec--method_R": 0.0,
  "best_validation_aux-sec--method_F1": 0.0,
  "best_validation_aux-sec--related work_P": 0.0,
  "best_validation_aux-sec--related work_R": 0.0,
  "best_validation_aux-sec--related work_F1": 0.0,
  "best_validation_aux-sec--average_F1": 0.0,
  "best_validation_aux-worth--False_P": 0.0,
  "best_validation_aux-worth--False_R": 0.0,
  "best_validation_aux-worth--False_F1": 0.0,
  "best_validation_aux-worth--True_P": 0.0,
  "best_validation_aux-worth--True_R": 0.0,
  "best_validation_aux-worth--True_F1": 0.0,
  "best_validation_aux-worth--average_F1": 0.0,
  "best_validation_loss": 0.8688421305911295
}