{
  "training_duration": "00:41:24",
  "training_start_epoch": 0,
  "training_epochs": 3,
  "epoch": 3,
  "training_background_P": 0.9871883977388565,
  "training_background_R": 0.9883791055854518,
  "training_background_F1": 0.9877833928322557,
  "training_method_P": 0.9808973354231975,
  "training_method_R": 0.9783575162440764,
  "training_method_F1": 0.9796257796257296,
  "training_result_P": 0.9798224374495561,
  "training_result_R": 0.9799212995661386,
  "training_result_F1": 0.9798718660141759,
  "training_average_F1": 0.9824270128240536,
  "training_aux-sec--introduction_P": 0.47856547498366786,
  "training_aux-sec--introduction_R": 0.7478701682743083,
  "training_aux-sec--introduction_F1": 0.5836504251548352,
  "training_aux-sec--conclusion_P": 0.49195887160558927,
  "training_aux-sec--conclusion_R": 0.36833793920252667,
  "training_aux-sec--conclusion_F1": 0.4212665086352372,
  "training_aux-sec--experiments_P": 0.4209095029460644,
  "training_aux-sec--experiments_R": 0.23124169986719786,
  "training_aux-sec--experiments_F1": 0.2984946697379946,
  "training_aux-sec--method_P": 0.38199879590608066,
  "training_aux-sec--method_R": 0.21446679060334628,
  "training_aux-sec--method_F1": 0.27470505465954914,
  "training_aux-sec--related work_P": 0.42889238373399236,
  "training_aux-sec--related work_R": 0.31827275758586193,
  "training_aux-sec--related work_F1": 0.3653938175901511,
  "training_aux-sec--average_F1": 0.38870209515555343,
  "training_aux-worth--False_P": 0.9203252032520325,
  "training_aux-worth--False_R": 0.9890074977760833,
  "training_aux-worth--False_F1": 0.9534310347467381,
  "training_aux-worth--True_P": 0.8813849845731916,
  "training_aux-worth--True_R": 0.48822635776680595,
  "training_aux-worth--True_F1": 0.6283759012586612,
  "training_aux-worth--average_F1": 0.7909034680026996,
  "training_loss": 0.12165369559525406,
  "validation_background_P": 0.8611632270168855,
  "validation_background_R": 0.8531598513011153,
  "validation_background_F1": 0.8571428571428072,
  "validation_method_P": 0.7416974169741697,
  "validation_method_R": 0.788235294117647,
  "validation_method_F1": 0.76425855513303,
  "validation_result_P": 0.8035714285714286,
  "validation_result_R": 0.7317073170731707,
  "validation_result_F1": 0.7659574468084608,
  "validation_average_F1": 0.7957862863614326,
  "validation_aux-sec--introduction_P": 0.0,
  "validation_aux-sec--introduction_R": 0.0,
  "validation_aux-sec--introduction_F1": 0.0,
  "validation_aux-sec--conclusion_P": 0.0,
  "validation_aux-sec--conclusion_R": 0.0,
  "validation_aux-sec--conclusion_F1": 0.0,
  "validation_aux-sec--experiments_P": 0.0,
  "validation_aux-sec--experiments_R": 0.0,
  "validation_aux-sec--experiments_F1": 0.0,
  "validation_aux-sec--method_P": 0.0,
  "validation_aux-sec--method_R": 0.0,
  "validation_aux-sec--method_F1": 0.0,
  "validation_aux-sec--related work_P": 0.0,
  "validation_aux-sec--related work_R": 0.0,
  "validation_aux-sec--related work_F1": 0.0,
  "validation_aux-sec--average_F1": 0.0,
  "validation_aux-worth--False_P": 0.0,
  "validation_aux-worth--False_R": 0.0,
  "validation_aux-worth--False_F1": 0.0,
  "validation_aux-worth--True_P": 0.0,
  "validation_aux-worth--True_R": 0.0,
  "validation_aux-worth--True_F1": 0.0,
  "validation_aux-worth--average_F1": 0.0,
  "validation_loss": 1.0536190985605633,
  "best_epoch": 2,
  "best_validation_background_P": 0.8652482269503546,
  "best_validation_background_R": 0.9070631970260223,
  "best_validation_background_F1": 0.8856624319418739,
  "best_validation_method_P": 0.867579908675799,
  "best_validation_method_R": 0.7450980392156863,
  "best_validation_method_F1": 0.8016877637130304,
  "best_validation_result_P": 0.7819548872180451,
  "best_validation_result_R": 0.8455284552845529,
  "best_validation_result_F1": 0.81249999999995,
  "best_validation_average_F1": 0.8332833985516181,
  "best_validation_aux-sec--introduction_P": 0.0,
  "best_validation_aux-sec--introduction_R": 0.0,
  "best_validation_aux-sec--introduction_F1": 0.0,
  "best_validation_aux-sec--conclusion_P": 0.0,
  "best_validation_aux-sec--conclusion_R": 0.0,
  "best_validation_aux-sec--conclusion_F1": 0.0,
  "best_validation_aux-sec--experiments_P": 0.0,
  "best_validation_aux-sec--experiments_R": 0.0,
  "best_validation_aux-sec--experiments_F1": 0.0,
  "best_validation_aux-sec--method_P": 0.0,
  "best_validation_aux-sec--method_R": 0.0,
  "best_validation_aux-sec--method_F1": 0.0,
  "best_validation_aux-sec--related work_P": 0.0,
  "best_validation_aux-sec--related work_R": 0.0,
  "best_validation_aux-sec--related work_F1": 0.0,
  "best_validation_aux-sec--average_F1": 0.0,
  "best_validation_aux-worth--False_P": 0.0,
  "best_validation_aux-worth--False_R": 0.0,
  "best_validation_aux-worth--False_F1": 0.0,
  "best_validation_aux-worth--True_P": 0.0,
  "best_validation_aux-worth--True_R": 0.0,
  "best_validation_aux-worth--True_F1": 0.0,
  "best_validation_aux-worth--average_F1": 0.0,
  "best_validation_loss": 0.8688421305911295
}