{
  "training_duration": "00:30:43",
  "training_start_epoch": 0,
  "training_epochs": 2,
  "epoch": 2,
  "training_background_P": 0.9753732206920496,
  "training_background_R": 0.9789304961902991,
  "training_background_F1": 0.9771486209174833,
  "training_method_P": 0.9640009782342871,
  "training_method_R": 0.9570263183451491,
  "training_method_F1": 0.9605009868661017,
  "training_result_P": 0.9660638081690713,
  "training_result_R": 0.9652791878172589,
  "training_result_F1": 0.9656713386146158,
  "training_average_F1": 0.9677736487994003,
  "training_aux-sec--introduction_P": 0.47038809377469487,
  "training_aux-sec--introduction_R": 0.754382876857002,
  "training_aux-sec--introduction_F1": 0.5794597225601864,
  "training_aux-sec--conclusion_P": 0.48921783625730997,
  "training_aux-sec--conclusion_R": 0.35228319515725753,
  "training_aux-sec--conclusion_F1": 0.4096090582204394,
  "training_aux-sec--experiments_P": 0.41115414407436096,
  "training_aux-sec--experiments_R": 0.2202855245683931,
  "training_aux-sec--experiments_F1": 0.2868723990703756,
  "training_aux-sec--method_P": 0.373348192962904,
  "training_aux-sec--method_R": 0.19815785026195706,
  "training_aux-sec--method_F1": 0.2589014628760242,
  "training_aux-sec--related work_P": 0.4133709981167608,
  "training_aux-sec--related work_R": 0.29276425475158385,
  "training_aux-sec--related work_F1": 0.34276790942802093,
  "training_aux-sec--average_F1": 0.3755221104310093,
  "training_aux-worth--False_P": 0.9168949368207122,
  "training_aux-worth--False_R": 0.9889916126572627,
  "training_aux-worth--False_F1": 0.9515796230913345,
  "training_aux-worth--True_P": 0.8758509494804729,
  "training_aux-worth--True_R": 0.46420432966198255,
  "training_aux-worth--True_F1": 0.6068015390343349,
  "training_aux-worth--average_F1": 0.7791905810628347,
  "training_loss": 0.1587140402510522,
  "validation_background_P": 0.8652482269503546,
  "validation_background_R": 0.9070631970260223,
  "validation_background_F1": 0.8856624319418739,
  "validation_method_P": 0.867579908675799,
  "validation_method_R": 0.7450980392156863,
  "validation_method_F1": 0.8016877637130304,
  "validation_result_P": 0.7819548872180451,
  "validation_result_R": 0.8455284552845529,
  "validation_result_F1": 0.81249999999995,
  "validation_average_F1": 0.8332833985516181,
  "validation_aux-sec--introduction_P": 0.0,
  "validation_aux-sec--introduction_R": 0.0,
  "validation_aux-sec--introduction_F1": 0.0,
  "validation_aux-sec--conclusion_P": 0.0,
  "validation_aux-sec--conclusion_R": 0.0,
  "validation_aux-sec--conclusion_F1": 0.0,
  "validation_aux-sec--experiments_P": 0.0,
  "validation_aux-sec--experiments_R": 0.0,
  "validation_aux-sec--experiments_F1": 0.0,
  "validation_aux-sec--method_P": 0.0,
  "validation_aux-sec--method_R": 0.0,
  "validation_aux-sec--method_F1": 0.0,
  "validation_aux-sec--related work_P": 0.0,
  "validation_aux-sec--related work_R": 0.0,
  "validation_aux-sec--related work_F1": 0.0,
  "validation_aux-sec--average_F1": 0.0,
  "validation_aux-worth--False_P": 0.0,
  "validation_aux-worth--False_R": 0.0,
  "validation_aux-worth--False_F1": 0.0,
  "validation_aux-worth--True_P": 0.0,
  "validation_aux-worth--True_R": 0.0,
  "validation_aux-worth--True_F1": 0.0,
  "validation_aux-worth--average_F1": 0.0,
  "validation_loss": 0.8688421305911295,
  "best_epoch": 2,
  "best_validation_background_P": 0.8652482269503546,
  "best_validation_background_R": 0.9070631970260223,
  "best_validation_background_F1": 0.8856624319418739,
  "best_validation_method_P": 0.867579908675799,
  "best_validation_method_R": 0.7450980392156863,
  "best_validation_method_F1": 0.8016877637130304,
  "best_validation_result_P": 0.7819548872180451,
  "best_validation_result_R": 0.8455284552845529,
  "best_validation_result_F1": 0.81249999999995,
  "best_validation_average_F1": 0.8332833985516181,
  "best_validation_aux-sec--introduction_P": 0.0,
  "best_validation_aux-sec--introduction_R": 0.0,
  "best_validation_aux-sec--introduction_F1": 0.0,
  "best_validation_aux-sec--conclusion_P": 0.0,
  "best_validation_aux-sec--conclusion_R": 0.0,
  "best_validation_aux-sec--conclusion_F1": 0.0,
  "best_validation_aux-sec--experiments_P": 0.0,
  "best_validation_aux-sec--experiments_R": 0.0,
  "best_validation_aux-sec--experiments_F1": 0.0,
  "best_validation_aux-sec--method_P": 0.0,
  "best_validation_aux-sec--method_R": 0.0,
  "best_validation_aux-sec--method_F1": 0.0,
  "best_validation_aux-sec--related work_P": 0.0,
  "best_validation_aux-sec--related work_R": 0.0,
  "best_validation_aux-sec--related work_F1": 0.0,
  "best_validation_aux-sec--average_F1": 0.0,
  "best_validation_aux-worth--False_P": 0.0,
  "best_validation_aux-worth--False_R": 0.0,
  "best_validation_aux-worth--False_F1": 0.0,
  "best_validation_aux-worth--True_P": 0.0,
  "best_validation_aux-worth--True_R": 0.0,
  "best_validation_aux-worth--True_F1": 0.0,
  "best_validation_aux-worth--average_F1": 0.0,
  "best_validation_loss": 0.8688421305911295
}