{
  "training_duration": "01:03:55",
  "training_start_epoch": 0,
  "training_epochs": 5,
  "epoch": 5,
  "training_background_P": 0.9944819271521643,
  "training_background_R": 0.995035609065813,
  "training_background_F1": 0.994758691064214,
  "training_method_P": 0.9910714285714286,
  "training_method_R": 0.9901052836810295,
  "training_method_F1": 0.990588120550033,
  "training_result_P": 0.9923973644196655,
  "training_result_R": 0.991995136285338,
  "training_result_F1": 0.9921962095874641,
  "training_average_F1": 0.9925143404005704,
  "training_aux-sec--introduction_P": 0.4912473929651067,
  "training_aux-sec--introduction_R": 0.737977891994649,
  "training_aux-sec--introduction_F1": 0.5898507294699783,
  "training_aux-sec--conclusion_P": 0.5032016632016632,
  "training_aux-sec--conclusion_R": 0.39814449269640745,
  "training_aux-sec--conclusion_F1": 0.44455056386139136,
  "training_aux-sec--experiments_P": 0.43604817895038717,
  "training_aux-sec--experiments_R": 0.2524070385126162,
  "training_aux-sec--experiments_F1": 0.31973504363364086,
  "training_aux-sec--method_P": 0.3909664173632497,
  "training_aux-sec--method_R": 0.22528308264323138,
  "training_aux-sec--method_F1": 0.28585214174658946,
  "training_aux-sec--related work_P": 0.45103144402163026,
  "training_aux-sec--related work_R": 0.375458486162054,
  "training_aux-sec--related work_F1": 0.40978982804107494,
  "training_aux-sec--average_F1": 0.40995566135053496,
  "training_aux-worth--False_P": 0.9261049312949854,
  "training_aux-worth--False_R": 0.9892457745583937,
  "training_aux-worth--False_F1": 0.9566346124304396,
  "training_aux-worth--True_P": 0.8915064102564103,
  "training_aux-worth--True_R": 0.5281997721230536,
  "training_aux-worth--True_F1": 0.663367517290676,
  "training_aux-worth--average_F1": 0.8100010648605578,
  "training_loss": 0.09301147626004999,
  "validation_background_P": 0.8666666666666667,
  "validation_background_R": 0.8940520446096655,
  "validation_background_F1": 0.8801463860932712,
  "validation_method_P": 0.8369098712446352,
  "validation_method_R": 0.7647058823529411,
  "validation_method_F1": 0.7991803278688026,
  "validation_result_P": 0.765625,
  "validation_result_R": 0.7967479674796748,
  "validation_result_F1": 0.7808764940238544,
  "validation_average_F1": 0.8200677359953094,
  "validation_aux-sec--introduction_P": 0.0,
  "validation_aux-sec--introduction_R": 0.0,
  "validation_aux-sec--introduction_F1": 0.0,
  "validation_aux-sec--conclusion_P": 0.0,
  "validation_aux-sec--conclusion_R": 0.0,
  "validation_aux-sec--conclusion_F1": 0.0,
  "validation_aux-sec--experiments_P": 0.0,
  "validation_aux-sec--experiments_R": 0.0,
  "validation_aux-sec--experiments_F1": 0.0,
  "validation_aux-sec--method_P": 0.0,
  "validation_aux-sec--method_R": 0.0,
  "validation_aux-sec--method_F1": 0.0,
  "validation_aux-sec--related work_P": 0.0,
  "validation_aux-sec--related work_R": 0.0,
  "validation_aux-sec--related work_F1": 0.0,
  "validation_aux-sec--average_F1": 0.0,
  "validation_aux-worth--False_P": 0.0,
  "validation_aux-worth--False_R": 0.0,
  "validation_aux-worth--False_F1": 0.0,
  "validation_aux-worth--True_P": 0.0,
  "validation_aux-worth--True_R": 0.0,
  "validation_aux-worth--True_F1": 0.0,
  "validation_aux-worth--average_F1": 0.0,
  "validation_loss": 1.2464718181511452,
  "best_epoch": 2,
  "best_validation_background_P": 0.8652482269503546,
  "best_validation_background_R": 0.9070631970260223,
  "best_validation_background_F1": 0.8856624319418739,
  "best_validation_method_P": 0.867579908675799,
  "best_validation_method_R": 0.7450980392156863,
  "best_validation_method_F1": 0.8016877637130304,
  "best_validation_result_P": 0.7819548872180451,
  "best_validation_result_R": 0.8455284552845529,
  "best_validation_result_F1": 0.81249999999995,
  "best_validation_average_F1": 0.8332833985516181,
  "best_validation_aux-sec--introduction_P": 0.0,
  "best_validation_aux-sec--introduction_R": 0.0,
  "best_validation_aux-sec--introduction_F1": 0.0,
  "best_validation_aux-sec--conclusion_P": 0.0,
  "best_validation_aux-sec--conclusion_R": 0.0,
  "best_validation_aux-sec--conclusion_F1": 0.0,
  "best_validation_aux-sec--experiments_P": 0.0,
  "best_validation_aux-sec--experiments_R": 0.0,
  "best_validation_aux-sec--experiments_F1": 0.0,
  "best_validation_aux-sec--method_P": 0.0,
  "best_validation_aux-sec--method_R": 0.0,
  "best_validation_aux-sec--method_F1": 0.0,
  "best_validation_aux-sec--related work_P": 0.0,
  "best_validation_aux-sec--related work_R": 0.0,
  "best_validation_aux-sec--related work_F1": 0.0,
  "best_validation_aux-sec--average_F1": 0.0,
  "best_validation_aux-worth--False_P": 0.0,
  "best_validation_aux-worth--False_R": 0.0,
  "best_validation_aux-worth--False_F1": 0.0,
  "best_validation_aux-worth--True_P": 0.0,
  "best_validation_aux-worth--True_R": 0.0,
  "best_validation_aux-worth--True_F1": 0.0,
  "best_validation_aux-worth--average_F1": 0.0,
  "best_validation_loss": 0.8688421305911295
}