{
  "training_duration": "00:40:15",
  "training_start_epoch": 0,
  "training_epochs": 3,
  "epoch": 3,
  "training_background_P": 0.9868536777299449,
  "training_background_R": 0.9890053813323436,
  "training_background_F1": 0.9879283579322468,
  "training_method_P": 0.9810340602793433,
  "training_method_R": 0.9779666813229763,
  "training_method_F1": 0.9794979693692312,
  "training_result_P": 0.9822892419795567,
  "training_result_R": 0.9793159116133588,
  "training_result_F1": 0.980800323362925,
  "training_average_F1": 0.9827422168881345,
  "training_aux-sec--introduction_P": 0.51558502843802,
  "training_aux-sec--introduction_R": 0.7307963106385975,
  "training_aux-sec--introduction_F1": 0.6046105229433467,
  "training_aux-sec--conclusion_P": 0.5284914487307308,
  "training_aux-sec--conclusion_R": 0.45341492301618636,
  "training_aux-sec--conclusion_F1": 0.4880830116513296,
  "training_aux-sec--experiments_P": 0.4561042524005487,
  "training_aux-sec--experiments_R": 0.2759794156706507,
  "training_aux-sec--experiments_F1": 0.34388251111795903,
  "training_aux-sec--method_P": 0.3976060369502992,
  "training_aux-sec--method_R": 0.2582389724522562,
  "training_aux-sec--method_F1": 0.3131147540983129,
  "training_aux-sec--related work_P": 0.4811755666538609,
  "training_aux-sec--related work_R": 0.4176392130710237,
  "training_aux-sec--related work_F1": 0.44716172795425224,
  "training_aux-sec--average_F1": 0.43937050555304014,
  "training_aux-worth--False_P": 0.93203127340263,
  "training_aux-worth--False_R": 0.9884991739738214,
  "training_aux-worth--False_F1": 0.959435082255304,
  "training_aux-worth--True_P": 0.8922298303066388,
  "training_aux-worth--True_R": 0.5691226737561716,
  "training_aux-worth--True_F1": 0.694956521739083,
  "training_aux-worth--average_F1": 0.8271958019971934,
  "training_loss": 0.32867595195303184,
  "validation_background_P": 0.8493150684931506,
  "validation_background_R": 0.9219330855018587,
  "validation_background_F1": 0.8841354723707165,
  "validation_method_P": 0.8376068376068376,
  "validation_method_R": 0.7686274509803922,
  "validation_method_F1": 0.8016359918199911,
  "validation_result_P": 0.8673469387755102,
  "validation_result_R": 0.6910569105691057,
  "validation_result_F1": 0.7692307692307199,
  "validation_average_F1": 0.8183340778071425,
  "validation_aux-sec--introduction_P": 0.0,
  "validation_aux-sec--introduction_R": 0.0,
  "validation_aux-sec--introduction_F1": 0.0,
  "validation_aux-sec--conclusion_P": 0.0,
  "validation_aux-sec--conclusion_R": 0.0,
  "validation_aux-sec--conclusion_F1": 0.0,
  "validation_aux-sec--experiments_P": 0.0,
  "validation_aux-sec--experiments_R": 0.0,
  "validation_aux-sec--experiments_F1": 0.0,
  "validation_aux-sec--method_P": 0.0,
  "validation_aux-sec--method_R": 0.0,
  "validation_aux-sec--method_F1": 0.0,
  "validation_aux-sec--related work_P": 0.0,
  "validation_aux-sec--related work_R": 0.0,
  "validation_aux-sec--related work_F1": 0.0,
  "validation_aux-sec--average_F1": 0.0,
  "validation_aux-worth--False_P": 0.0,
  "validation_aux-worth--False_R": 0.0,
  "validation_aux-worth--False_F1": 0.0,
  "validation_aux-worth--True_P": 0.0,
  "validation_aux-worth--True_R": 0.0,
  "validation_aux-worth--True_F1": 0.0,
  "validation_aux-worth--average_F1": 0.0,
  "validation_loss": 1.0077702567495148,
  "best_epoch": 0,
  "best_validation_background_P": 0.8573913043478261,
  "best_validation_background_R": 0.9163568773234201,
  "best_validation_background_F1": 0.8858939802335529,
  "best_validation_method_P": 0.8305084745762712,
  "best_validation_method_R": 0.7686274509803922,
  "best_validation_method_F1": 0.7983706720977098,
  "best_validation_result_P": 0.8476190476190476,
  "best_validation_result_R": 0.7235772357723578,
  "best_validation_result_F1": 0.7807017543859152,
  "best_validation_average_F1": 0.8216554689057259,
  "best_validation_aux-sec--introduction_P": 0.0,
  "best_validation_aux-sec--introduction_R": 0.0,
  "best_validation_aux-sec--introduction_F1": 0.0,
  "best_validation_aux-sec--conclusion_P": 0.0,
  "best_validation_aux-sec--conclusion_R": 0.0,
  "best_validation_aux-sec--conclusion_F1": 0.0,
  "best_validation_aux-sec--experiments_P": 0.0,
  "best_validation_aux-sec--experiments_R": 0.0,
  "best_validation_aux-sec--experiments_F1": 0.0,
  "best_validation_aux-sec--method_P": 0.0,
  "best_validation_aux-sec--method_R": 0.0,
  "best_validation_aux-sec--method_F1": 0.0,
  "best_validation_aux-sec--related work_P": 0.0,
  "best_validation_aux-sec--related work_R": 0.0,
  "best_validation_aux-sec--related work_F1": 0.0,
  "best_validation_aux-sec--average_F1": 0.0,
  "best_validation_aux-worth--False_P": 0.0,
  "best_validation_aux-worth--False_R": 0.0,
  "best_validation_aux-worth--False_F1": 0.0,
  "best_validation_aux-worth--True_P": 0.0,
  "best_validation_aux-worth--True_R": 0.0,
  "best_validation_aux-worth--True_F1": 0.0,
  "best_validation_aux-worth--average_F1": 0.0,
  "best_validation_loss": 0.472572553260573,
  "test_background_P": 0.8594802694898941,
  "test_background_R": 0.8956870611835507,
  "test_background_F1": 0.8772102161099696,
  "test_method_P": 0.8672566371681416,
  "test_method_R": 0.8099173553719008,
  "test_method_F1": 0.8376068376067877,
  "test_result_P": 0.7898832684824902,
  "test_result_R": 0.7837837837837838,
  "test_result_F1": 0.7868217054263066,
  "test_average_F1": 0.8338795863810212,
  "test_aux-sec--introduction_P": 0.0,
  "test_aux-sec--introduction_R": 0.0,
  "test_aux-sec--introduction_F1": 0.0,
  "test_aux-sec--conclusion_P": 0.0,
  "test_aux-sec--conclusion_R": 0.0,
  "test_aux-sec--conclusion_F1": 0.0,
  "test_aux-sec--experiments_P": 0.0,
  "test_aux-sec--experiments_R": 0.0,
  "test_aux-sec--experiments_F1": 0.0,
  "test_aux-sec--method_P": 0.0,
  "test_aux-sec--method_R": 0.0,
  "test_aux-sec--method_F1": 0.0,
  "test_aux-sec--related work_P": 0.0,
  "test_aux-sec--related work_R": 0.0,
  "test_aux-sec--related work_F1": 0.0,
  "test_aux-sec--average_F1": 0.0,
  "test_aux-worth--False_P": 0.0,
  "test_aux-worth--False_R": 0.0,
  "test_aux-worth--False_F1": 0.0,
  "test_aux-worth--True_P": 0.0,
  "test_aux-worth--True_R": 0.0,
  "test_aux-worth--True_F1": 0.0,
  "test_aux-worth--average_F1": 0.0,
  "test_loss": 0.4197675020007764
}