{
  "training_duration": "00:30:08",
  "training_start_epoch": 0,
  "training_epochs": 2,
  "epoch": 2,
  "training_background_P": 0.9747576409615696,
  "training_background_R": 0.978674967478164,
  "training_background_F1": 0.9767123764039886,
  "training_method_P": 0.963482596793117,
  "training_method_R": 0.9570263183451491,
  "training_method_F1": 0.960243605359268,
  "training_result_P": 0.9670911869587366,
  "training_result_R": 0.9636548223350254,
  "training_result_F1": 0.9653699466055946,
  "training_average_F1": 0.9674419761229505,
  "training_aux-sec--introduction_P": 0.5012303980699638,
  "training_aux-sec--introduction_R": 0.7313947757516017,
  "training_aux-sec--introduction_F1": 0.5948236371964702,
  "training_aux-sec--conclusion_P": 0.5154352829140545,
  "training_aux-sec--conclusion_R": 0.42735886300829057,
  "training_aux-sec--conclusion_F1": 0.467282995791166,
  "training_aux-sec--experiments_P": 0.4331391217848515,
  "training_aux-sec--experiments_R": 0.25298804780876494,
  "training_aux-sec--experiments_F1": 0.3194131516897622,
  "training_aux-sec--method_P": 0.38903887688984884,
  "training_aux-sec--method_R": 0.24353557546053745,
  "training_aux-sec--method_F1": 0.29955306101232143,
  "training_aux-sec--related work_P": 0.4591018444266239,
  "training_aux-sec--related work_R": 0.3817939313104368,
  "training_aux-sec--related work_F1": 0.41689422901870155,
  "training_aux-sec--average_F1": 0.4195934149416843,
  "training_aux-worth--False_P": 0.9282963095664636,
  "training_aux-worth--False_R": 0.9877525733892489,
  "training_aux-worth--False_F1": 0.9571019578869098,
  "training_aux-worth--True_P": 0.8813846153846154,
  "training_aux-worth--True_R": 0.5439612609191037,
  "training_aux-worth--True_F1": 0.6727336777829496,
  "training_aux-worth--average_F1": 0.8149178178349297,
  "training_loss": 0.3729108968635305,
  "validation_background_P": 0.8645640074211502,
  "validation_background_R": 0.8661710037174721,
  "validation_background_F1": 0.8653667595171274,
  "validation_method_P": 0.7936507936507936,
  "validation_method_R": 0.7843137254901961,
  "validation_method_F1": 0.7889546351084313,
  "validation_result_P": 0.752,
  "validation_result_R": 0.7642276422764228,
  "validation_result_F1": 0.7580645161289823,
  "validation_average_F1": 0.8041286369181804,
  "validation_aux-sec--introduction_P": 0.0,
  "validation_aux-sec--introduction_R": 0.0,
  "validation_aux-sec--introduction_F1": 0.0,
  "validation_aux-sec--conclusion_P": 0.0,
  "validation_aux-sec--conclusion_R": 0.0,
  "validation_aux-sec--conclusion_F1": 0.0,
  "validation_aux-sec--experiments_P": 0.0,
  "validation_aux-sec--experiments_R": 0.0,
  "validation_aux-sec--experiments_F1": 0.0,
  "validation_aux-sec--method_P": 0.0,
  "validation_aux-sec--method_R": 0.0,
  "validation_aux-sec--method_F1": 0.0,
  "validation_aux-sec--related work_P": 0.0,
  "validation_aux-sec--related work_R": 0.0,
  "validation_aux-sec--related work_F1": 0.0,
  "validation_aux-sec--average_F1": 0.0,
  "validation_aux-worth--False_P": 0.0,
  "validation_aux-worth--False_R": 0.0,
  "validation_aux-worth--False_F1": 0.0,
  "validation_aux-worth--True_P": 0.0,
  "validation_aux-worth--True_R": 0.0,
  "validation_aux-worth--True_F1": 0.0,
  "validation_aux-worth--average_F1": 0.0,
  "validation_loss": 0.8861568241283811,
  "best_epoch": 0,
  "best_validation_background_P": 0.8573913043478261,
  "best_validation_background_R": 0.9163568773234201,
  "best_validation_background_F1": 0.8858939802335529,
  "best_validation_method_P": 0.8305084745762712,
  "best_validation_method_R": 0.7686274509803922,
  "best_validation_method_F1": 0.7983706720977098,
  "best_validation_result_P": 0.8476190476190476,
  "best_validation_result_R": 0.7235772357723578,
  "best_validation_result_F1": 0.7807017543859152,
  "best_validation_average_F1": 0.8216554689057259,
  "best_validation_aux-sec--introduction_P": 0.0,
  "best_validation_aux-sec--introduction_R": 0.0,
  "best_validation_aux-sec--introduction_F1": 0.0,
  "best_validation_aux-sec--conclusion_P": 0.0,
  "best_validation_aux-sec--conclusion_R": 0.0,
  "best_validation_aux-sec--conclusion_F1": 0.0,
  "best_validation_aux-sec--experiments_P": 0.0,
  "best_validation_aux-sec--experiments_R": 0.0,
  "best_validation_aux-sec--experiments_F1": 0.0,
  "best_validation_aux-sec--method_P": 0.0,
  "best_validation_aux-sec--method_R": 0.0,
  "best_validation_aux-sec--method_F1": 0.0,
  "best_validation_aux-sec--related work_P": 0.0,
  "best_validation_aux-sec--related work_R": 0.0,
  "best_validation_aux-sec--related work_F1": 0.0,
  "best_validation_aux-sec--average_F1": 0.0,
  "best_validation_aux-worth--False_P": 0.0,
  "best_validation_aux-worth--False_R": 0.0,
  "best_validation_aux-worth--False_F1": 0.0,
  "best_validation_aux-worth--True_P": 0.0,
  "best_validation_aux-worth--True_R": 0.0,
  "best_validation_aux-worth--True_F1": 0.0,
  "best_validation_aux-worth--average_F1": 0.0,
  "best_validation_loss": 0.472572553260573
}