{
  "training_duration": "00:20:02",
  "training_start_epoch": 0,
  "training_epochs": 1,
  "epoch": 1,
  "training_background_P": 0.9446990878672594,
  "training_background_R": 0.9579595630955148,
  "training_background_F1": 0.9512831164035317,
  "training_method_P": 0.9235223642172524,
  "training_method_R": 0.9012520095483997,
  "training_method_F1": 0.9122512882467018,
  "training_result_P": 0.933238347242011,
  "training_result_R": 0.9229994967287368,
  "training_result_F1": 0.9280906836698049,
  "training_average_F1": 0.9305416961066794,
  "training_aux-sec--introduction_P": 0.48744578595709764,
  "training_aux-sec--introduction_R": 0.7319580370344293,
  "training_aux-sec--introduction_F1": 0.5851873742277282,
  "training_aux-sec--conclusion_P": 0.5005306555637195,
  "training_aux-sec--conclusion_R": 0.403408343203053,
  "training_aux-sec--conclusion_F1": 0.44675192188576685,
  "training_aux-sec--experiments_P": 0.42138084632516704,
  "training_aux-sec--experiments_R": 0.2355577689243028,
  "training_aux-sec--experiments_F1": 0.3021881488579639,
  "training_aux-sec--method_P": 0.3686583990980834,
  "training_aux-sec--method_R": 0.22105796856515125,
  "training_aux-sec--method_F1": 0.2763866877971005,
  "training_aux-sec--related work_P": 0.42072015161086546,
  "training_aux-sec--related work_R": 0.33311103701233746,
  "training_aux-sec--related work_F1": 0.3718246952637452,
  "training_aux-sec--average_F1": 0.3964677656064609,
  "training_aux-worth--False_P": 0.9225809327133073,
  "training_aux-worth--False_R": 0.9864341085271318,
  "training_aux-worth--False_F1": 0.9534396327373005,
  "training_aux-worth--True_P": 0.8617004048582996,
  "training_aux-worth--True_R": 0.5052221800227877,
  "training_aux-worth--True_F1": 0.6369785120009112,
  "training_aux-worth--average_F1": 0.7952090723691059,
  "training_loss": 0.4696382795357943,
  "validation_background_P": 0.8718929254302104,
  "validation_background_R": 0.8475836431226765,
  "validation_background_F1": 0.8595664467483006,
  "validation_method_P": 0.7865612648221344,
  "validation_method_R": 0.7803921568627451,
  "validation_method_F1": 0.783464566929084,
  "validation_result_P": 0.7,
  "validation_result_R": 0.7967479674796748,
  "validation_result_F1": 0.7452471482889237,
  "validation_average_F1": 0.7960927206554361,
  "validation_aux-sec--introduction_P": 0.0,
  "validation_aux-sec--introduction_R": 0.0,
  "validation_aux-sec--introduction_F1": 0.0,
  "validation_aux-sec--conclusion_P": 0.0,
  "validation_aux-sec--conclusion_R": 0.0,
  "validation_aux-sec--conclusion_F1": 0.0,
  "validation_aux-sec--experiments_P": 0.0,
  "validation_aux-sec--experiments_R": 0.0,
  "validation_aux-sec--experiments_F1": 0.0,
  "validation_aux-sec--method_P": 0.0,
  "validation_aux-sec--method_R": 0.0,
  "validation_aux-sec--method_F1": 0.0,
  "validation_aux-sec--related work_P": 0.0,
  "validation_aux-sec--related work_R": 0.0,
  "validation_aux-sec--related work_F1": 0.0,
  "validation_aux-sec--average_F1": 0.0,
  "validation_aux-worth--False_P": 0.0,
  "validation_aux-worth--False_R": 0.0,
  "validation_aux-worth--False_F1": 0.0,
  "validation_aux-worth--True_P": 0.0,
  "validation_aux-worth--True_R": 0.0,
  "validation_aux-worth--True_F1": 0.0,
  "validation_aux-worth--average_F1": 0.0,
  "validation_loss": 0.6978089516532833,
  "best_epoch": 0,
  "best_validation_background_P": 0.8573913043478261,
  "best_validation_background_R": 0.9163568773234201,
  "best_validation_background_F1": 0.8858939802335529,
  "best_validation_method_P": 0.8305084745762712,
  "best_validation_method_R": 0.7686274509803922,
  "best_validation_method_F1": 0.7983706720977098,
  "best_validation_result_P": 0.8476190476190476,
  "best_validation_result_R": 0.7235772357723578,
  "best_validation_result_F1": 0.7807017543859152,
  "best_validation_average_F1": 0.8216554689057259,
  "best_validation_aux-sec--introduction_P": 0.0,
  "best_validation_aux-sec--introduction_R": 0.0,
  "best_validation_aux-sec--introduction_F1": 0.0,
  "best_validation_aux-sec--conclusion_P": 0.0,
  "best_validation_aux-sec--conclusion_R": 0.0,
  "best_validation_aux-sec--conclusion_F1": 0.0,
  "best_validation_aux-sec--experiments_P": 0.0,
  "best_validation_aux-sec--experiments_R": 0.0,
  "best_validation_aux-sec--experiments_F1": 0.0,
  "best_validation_aux-sec--method_P": 0.0,
  "best_validation_aux-sec--method_R": 0.0,
  "best_validation_aux-sec--method_F1": 0.0,
  "best_validation_aux-sec--related work_P": 0.0,
  "best_validation_aux-sec--related work_R": 0.0,
  "best_validation_aux-sec--related work_F1": 0.0,
  "best_validation_aux-sec--average_F1": 0.0,
  "best_validation_aux-worth--False_P": 0.0,
  "best_validation_aux-worth--False_R": 0.0,
  "best_validation_aux-worth--False_F1": 0.0,
  "best_validation_aux-worth--True_P": 0.0,
  "best_validation_aux-worth--True_R": 0.0,
  "best_validation_aux-worth--True_F1": 0.0,
  "best_validation_aux-worth--average_F1": 0.0,
  "best_validation_loss": 0.472572553260573
}