{
  "training_duration": "00:10:14",
  "training_start_epoch": 0,
  "training_epochs": 0,
  "epoch": 0,
  "training_background_P": 0.8830959780008496,
  "training_background_R": 0.9151144472245389,
  "training_background_F1": 0.8988201563263924,
  "training_method_P": 0.8407289200041181,
  "training_method_R": 0.7971495509566575,
  "training_method_F1": 0.8183594728666134,
  "training_result_P": 0.8541287351397665,
  "training_result_R": 0.8104674796747967,
  "training_result_F1": 0.8317255045105617,
  "training_average_F1": 0.8496350445678559,
  "training_aux-sec--introduction_P": 0.46135317648070884,
  "training_aux-sec--introduction_R": 0.7551925649510667,
  "training_aux-sec--introduction_F1": 0.5727865000533546,
  "training_aux-sec--conclusion_P": 0.4895111273257935,
  "training_aux-sec--conclusion_R": 0.35313857086458744,
  "training_aux-sec--conclusion_F1": 0.41028973320077694,
  "training_aux-sec--experiments_P": 0.3841908781042039,
  "training_aux-sec--experiments_R": 0.1964641434262948,
  "training_aux-sec--experiments_F1": 0.25998132791472267,
  "training_aux-sec--method_P": 0.3370203940546146,
  "training_aux-sec--method_R": 0.16477944904512423,
  "training_aux-sec--method_F1": 0.22133938706011483,
  "training_aux-sec--related work_P": 0.3634355828220859,
  "training_aux-sec--related work_R": 0.24691563854618206,
  "training_aux-sec--related work_F1": 0.29405341010617636,
  "training_aux-sec--average_F1": 0.3516900716670291,
  "training_aux-worth--False_P": 0.9080493450933279,
  "training_aux-worth--False_R": 0.9845278942686492,
  "training_aux-worth--False_F1": 0.9447433806380306,
  "training_aux-worth--True_P": 0.8137667304015297,
  "training_aux-worth--True_R": 0.4041017850360805,
  "training_aux-worth--True_F1": 0.5400329907371718,
  "training_aux-worth--average_F1": 0.7423881856876012,
  "training_loss": 0.6653481642604133,
  "validation_background_P": 0.8573913043478261,
  "validation_background_R": 0.9163568773234201,
  "validation_background_F1": 0.8858939802335529,
  "validation_method_P": 0.8305084745762712,
  "validation_method_R": 0.7686274509803922,
  "validation_method_F1": 0.7983706720977098,
  "validation_result_P": 0.8476190476190476,
  "validation_result_R": 0.7235772357723578,
  "validation_result_F1": 0.7807017543859152,
  "validation_average_F1": 0.8216554689057259,
  "validation_aux-sec--introduction_P": 0.0,
  "validation_aux-sec--introduction_R": 0.0,
  "validation_aux-sec--introduction_F1": 0.0,
  "validation_aux-sec--conclusion_P": 0.0,
  "validation_aux-sec--conclusion_R": 0.0,
  "validation_aux-sec--conclusion_F1": 0.0,
  "validation_aux-sec--experiments_P": 0.0,
  "validation_aux-sec--experiments_R": 0.0,
  "validation_aux-sec--experiments_F1": 0.0,
  "validation_aux-sec--method_P": 0.0,
  "validation_aux-sec--method_R": 0.0,
  "validation_aux-sec--method_F1": 0.0,
  "validation_aux-sec--related work_P": 0.0,
  "validation_aux-sec--related work_R": 0.0,
  "validation_aux-sec--related work_F1": 0.0,
  "validation_aux-sec--average_F1": 0.0,
  "validation_aux-worth--False_P": 0.0,
  "validation_aux-worth--False_R": 0.0,
  "validation_aux-worth--False_F1": 0.0,
  "validation_aux-worth--True_P": 0.0,
  "validation_aux-worth--True_R": 0.0,
  "validation_aux-worth--True_F1": 0.0,
  "validation_aux-worth--average_F1": 0.0,
  "validation_loss": 0.472572553260573,
  "best_epoch": 0,
  "best_validation_background_P": 0.8573913043478261,
  "best_validation_background_R": 0.9163568773234201,
  "best_validation_background_F1": 0.8858939802335529,
  "best_validation_method_P": 0.8305084745762712,
  "best_validation_method_R": 0.7686274509803922,
  "best_validation_method_F1": 0.7983706720977098,
  "best_validation_result_P": 0.8476190476190476,
  "best_validation_result_R": 0.7235772357723578,
  "best_validation_result_F1": 0.7807017543859152,
  "best_validation_average_F1": 0.8216554689057259,
  "best_validation_aux-sec--introduction_P": 0.0,
  "best_validation_aux-sec--introduction_R": 0.0,
  "best_validation_aux-sec--introduction_F1": 0.0,
  "best_validation_aux-sec--conclusion_P": 0.0,
  "best_validation_aux-sec--conclusion_R": 0.0,
  "best_validation_aux-sec--conclusion_F1": 0.0,
  "best_validation_aux-sec--experiments_P": 0.0,
  "best_validation_aux-sec--experiments_R": 0.0,
  "best_validation_aux-sec--experiments_F1": 0.0,
  "best_validation_aux-sec--method_P": 0.0,
  "best_validation_aux-sec--method_R": 0.0,
  "best_validation_aux-sec--method_F1": 0.0,
  "best_validation_aux-sec--related work_P": 0.0,
  "best_validation_aux-sec--related work_R": 0.0,
  "best_validation_aux-sec--related work_F1": 0.0,
  "best_validation_aux-sec--average_F1": 0.0,
  "best_validation_aux-worth--False_P": 0.0,
  "best_validation_aux-worth--False_R": 0.0,
  "best_validation_aux-worth--False_F1": 0.0,
  "best_validation_aux-worth--True_P": 0.0,
  "best_validation_aux-worth--True_R": 0.0,
  "best_validation_aux-worth--True_F1": 0.0,
  "best_validation_aux-worth--average_F1": 0.0,
  "best_validation_loss": 0.472572553260573
}