{
  "training_duration": "02:36:30",
  "training_start_epoch": 0,
  "training_epochs": 9,
  "epoch": 9,
  "training_background_P": 0.9972423701712512,
  "training_background_R": 0.9972654801631442,
  "training_background_F1": 0.9972539250332622,
  "training_method_P": 0.9948677843491862,
  "training_method_R": 0.9953542960535967,
  "training_method_F1": 0.9951109807372142,
  "training_result_P": 0.995742092457421,
  "training_result_R": 0.9946329113924051,
  "training_result_F1": 0.9951871928668632,
  "training_average_F1": 0.9958506995457798,
  "training_aux-sec--introduction_P": 0.5000721570136617,
  "training_aux-sec--introduction_R": 0.7319228332042527,
  "training_aux-sec--introduction_F1": 0.5941813609213316,
  "training_aux-sec--conclusion_P": 0.5124267848662339,
  "training_aux-sec--conclusion_R": 0.4259771022502961,
  "training_aux-sec--conclusion_F1": 0.46521989077316106,
  "training_aux-sec--experiments_P": 0.451985559566787,
  "training_aux-sec--experiments_R": 0.2597941567065073,
  "training_aux-sec--experiments_F1": 0.32994254993934113,
  "training_aux-sec--method_P": 0.4061605560855936,
  "training_aux-sec--method_R": 0.25181679905357446,
  "training_aux-sec--method_F1": 0.3108862344165194,
  "training_aux-sec--related work_P": 0.4682761372705507,
  "training_aux-sec--related work_R": 0.391297099033011,
  "training_aux-sec--related work_F1": 0.42633969118977777,
  "training_aux-sec--average_F1": 0.42531394544802625,
  "training_aux-worth--False_P": 0.9257342553349691,
  "training_aux-worth--False_R": 0.9888645317066972,
  "training_aux-worth--False_F1": 0.956258592747863,
  "training_aux-worth--True_P": 0.8876422503606347,
  "training_aux-worth--True_R": 0.5258260539308773,
  "training_aux-worth--True_F1": 0.6604257348994823,
  "training_aux-worth--average_F1": 0.8083421638236726,
  "training_loss": 0.08332885492689568,
  "validation_background_P": 0.8778195488721805,
  "validation_background_R": 0.8680297397769516,
  "validation_background_F1": 0.8728971962616323,
  "validation_method_P": 0.7686567164179104,
  "validation_method_R": 0.807843137254902,
  "validation_method_F1": 0.7877629063097015,
  "validation_result_P": 0.8017241379310345,
  "validation_result_R": 0.7560975609756098,
  "validation_result_F1": 0.778242677824218,
  "validation_average_F1": 0.8129675934651838,
  "validation_aux-sec--introduction_P": 0.0,
  "validation_aux-sec--introduction_R": 0.0,
  "validation_aux-sec--introduction_F1": 0.0,
  "validation_aux-sec--conclusion_P": 0.0,
  "validation_aux-sec--conclusion_R": 0.0,
  "validation_aux-sec--conclusion_F1": 0.0,
  "validation_aux-sec--experiments_P": 0.0,
  "validation_aux-sec--experiments_R": 0.0,
  "validation_aux-sec--experiments_F1": 0.0,
  "validation_aux-sec--method_P": 0.0,
  "validation_aux-sec--method_R": 0.0,
  "validation_aux-sec--method_F1": 0.0,
  "validation_aux-sec--related work_P": 0.0,
  "validation_aux-sec--related work_R": 0.0,
  "validation_aux-sec--related work_F1": 0.0,
  "validation_aux-sec--average_F1": 0.0,
  "validation_aux-worth--False_P": 0.0,
  "validation_aux-worth--False_R": 0.0,
  "validation_aux-worth--False_F1": 0.0,
  "validation_aux-worth--True_P": 0.0,
  "validation_aux-worth--True_R": 0.0,
  "validation_aux-worth--True_F1": 0.0,
  "validation_aux-worth--average_F1": 0.0,
  "validation_loss": 1.624488863735239,
  "best_epoch": 7,
  "best_validation_background_P": 0.8727272727272727,
  "best_validation_background_R": 0.8921933085501859,
  "best_validation_background_F1": 0.8823529411764205,
  "best_validation_method_P": 0.8099173553719008,
  "best_validation_method_R": 0.7686274509803922,
  "best_validation_method_F1": 0.7887323943661473,
  "best_validation_result_P": 0.7741935483870968,
  "best_validation_result_R": 0.7804878048780488,
  "best_validation_result_F1": 0.7773279352226221,
  "best_validation_average_F1": 0.81613775692173,
  "best_validation_aux-sec--introduction_P": 0.0,
  "best_validation_aux-sec--introduction_R": 0.0,
  "best_validation_aux-sec--introduction_F1": 0.0,
  "best_validation_aux-sec--conclusion_P": 0.0,
  "best_validation_aux-sec--conclusion_R": 0.0,
  "best_validation_aux-sec--conclusion_F1": 0.0,
  "best_validation_aux-sec--experiments_P": 0.0,
  "best_validation_aux-sec--experiments_R": 0.0,
  "best_validation_aux-sec--experiments_F1": 0.0,
  "best_validation_aux-sec--method_P": 0.0,
  "best_validation_aux-sec--method_R": 0.0,
  "best_validation_aux-sec--method_F1": 0.0,
  "best_validation_aux-sec--related work_P": 0.0,
  "best_validation_aux-sec--related work_R": 0.0,
  "best_validation_aux-sec--related work_F1": 0.0,
  "best_validation_aux-sec--average_F1": 0.0,
  "best_validation_aux-worth--False_P": 0.0,
  "best_validation_aux-worth--False_R": 0.0,
  "best_validation_aux-worth--False_F1": 0.0,
  "best_validation_aux-worth--True_P": 0.0,
  "best_validation_aux-worth--True_R": 0.0,
  "best_validation_aux-worth--True_F1": 0.0,
  "best_validation_aux-worth--average_F1": 0.0,
  "best_validation_loss": 1.448833808961228
}