{
  "training_duration": "01:20:23",
  "training_start_epoch": 0,
  "training_epochs": 4,
  "epoch": 4,
  "training_background_P": 0.9928154572298821,
  "training_background_R": 0.9936009307737056,
  "training_background_F1": 0.9932080387048253,
  "training_method_P": 0.9895615866388309,
  "training_method_R": 0.9880265645450579,
  "training_method_F1": 0.9887934798427677,
  "training_result_P": 0.9876393110435664,
  "training_result_R": 0.9874392220421394,
  "training_result_F1": 0.9875392564076089,
  "training_average_F1": 0.9898469249850672,
  "training_aux-sec--introduction_P": 0.4760169186465083,
  "training_aux-sec--introduction_R": 0.7448426388791101,
  "training_aux-sec--introduction_F1": 0.5808328986740129,
  "training_aux-sec--conclusion_P": 0.4912189635781642,
  "training_aux-sec--conclusion_R": 0.37360178970917224,
  "training_aux-sec--conclusion_F1": 0.4244123033224459,
  "training_aux-sec--experiments_P": 0.42779639380883994,
  "training_aux-sec--experiments_R": 0.2225265604249668,
  "training_aux-sec--experiments_F1": 0.2927654927654477,
  "training_aux-sec--method_P": 0.3747805734347572,
  "training_aux-sec--method_R": 0.21649484536082475,
  "training_aux-sec--method_F1": 0.2744509908944367,
  "training_aux-sec--related work_P": 0.41335162322816643,
  "training_aux-sec--related work_R": 0.30143381127042346,
  "training_aux-sec--related work_F1": 0.3486309294253272,
  "training_aux-sec--average_F1": 0.3842185230163341,
  "training_aux-worth--False_P": 0.9193872722971375,
  "training_aux-worth--False_R": 0.9877366882704283,
  "training_aux-worth--False_F1": 0.9523371929179185,
  "training_aux-worth--True_P": 0.8680792891319207,
  "training_aux-worth--True_R": 0.4823395366502089,
  "training_aux-worth--True_F1": 0.620117187499954,
  "training_aux-worth--average_F1": 0.7862271902089363,
  "training_loss": 0.10205700511431968,
  "validation_background_P": 0.8558718861209964,
  "validation_background_R": 0.8940520446096655,
  "validation_background_F1": 0.8745454545454047,
  "validation_method_P": 0.7925311203319502,
  "validation_method_R": 0.7490196078431373,
  "validation_method_F1": 0.7701612903225308,
  "validation_result_P": 0.8141592920353983,
  "validation_result_R": 0.7479674796747967,
  "validation_result_F1": 0.7796610169491026,
  "validation_average_F1": 0.808122587272346,
  "validation_aux-sec--introduction_P": 0.0,
  "validation_aux-sec--introduction_R": 0.0,
  "validation_aux-sec--introduction_F1": 0.0,
  "validation_aux-sec--conclusion_P": 0.0,
  "validation_aux-sec--conclusion_R": 0.0,
  "validation_aux-sec--conclusion_F1": 0.0,
  "validation_aux-sec--experiments_P": 0.0,
  "validation_aux-sec--experiments_R": 0.0,
  "validation_aux-sec--experiments_F1": 0.0,
  "validation_aux-sec--method_P": 0.0,
  "validation_aux-sec--method_R": 0.0,
  "validation_aux-sec--method_F1": 0.0,
  "validation_aux-sec--related work_P": 0.0,
  "validation_aux-sec--related work_R": 0.0,
  "validation_aux-sec--related work_F1": 0.0,
  "validation_aux-sec--average_F1": 0.0,
  "validation_aux-worth--False_P": 0.0,
  "validation_aux-worth--False_R": 0.0,
  "validation_aux-worth--False_F1": 0.0,
  "validation_aux-worth--True_P": 0.0,
  "validation_aux-worth--True_R": 0.0,
  "validation_aux-worth--True_F1": 0.0,
  "validation_aux-worth--average_F1": 0.0,
  "validation_loss": 1.2790268635826891,
  "best_epoch": 2,
  "best_validation_background_P": 0.8623188405797102,
  "best_validation_background_R": 0.8847583643122676,
  "best_validation_background_F1": 0.8733944954127941,
  "best_validation_method_P": 0.7894736842105263,
  "best_validation_method_R": 0.7647058823529411,
  "best_validation_method_F1": 0.7768924302788345,
  "best_validation_result_P": 0.8034188034188035,
  "best_validation_result_R": 0.7642276422764228,
  "best_validation_result_F1": 0.7833333333332835,
  "best_validation_average_F1": 0.811206753008304,
  "best_validation_aux-sec--introduction_P": 0.0,
  "best_validation_aux-sec--introduction_R": 0.0,
  "best_validation_aux-sec--introduction_F1": 0.0,
  "best_validation_aux-sec--conclusion_P": 0.0,
  "best_validation_aux-sec--conclusion_R": 0.0,
  "best_validation_aux-sec--conclusion_F1": 0.0,
  "best_validation_aux-sec--experiments_P": 0.0,
  "best_validation_aux-sec--experiments_R": 0.0,
  "best_validation_aux-sec--experiments_F1": 0.0,
  "best_validation_aux-sec--method_P": 0.0,
  "best_validation_aux-sec--method_R": 0.0,
  "best_validation_aux-sec--method_F1": 0.0,
  "best_validation_aux-sec--related work_P": 0.0,
  "best_validation_aux-sec--related work_R": 0.0,
  "best_validation_aux-sec--related work_F1": 0.0,
  "best_validation_aux-sec--average_F1": 0.0,
  "best_validation_aux-worth--False_P": 0.0,
  "best_validation_aux-worth--False_R": 0.0,
  "best_validation_aux-worth--False_F1": 0.0,
  "best_validation_aux-worth--True_P": 0.0,
  "best_validation_aux-worth--True_R": 0.0,
  "best_validation_aux-worth--True_F1": 0.0,
  "best_validation_aux-worth--average_F1": 0.0,
  "best_validation_loss": 0.961922045451878
}