{
  "training_duration": "00:16:15",
  "training_start_epoch": 0,
  "training_epochs": 0,
  "epoch": 0,
  "training_background_P": 0.8876379244477404,
  "training_background_R": 0.9177916676348259,
  "training_background_F1": 0.9024629866568684,
  "training_method_P": 0.8499436648571136,
  "training_method_R": 0.8099956073990922,
  "training_method_F1": 0.8294889416468325,
  "training_result_P": 0.861178711247487,
  "training_result_R": 0.8179899497487437,
  "training_result_F1": 0.8390289160352059,
  "training_average_F1": 0.8569936147796356,
  "training_aux-sec--introduction_P": 0.43608808093101087,
  "training_aux-sec--introduction_R": 0.8073294374427937,
  "training_aux-sec--introduction_F1": 0.5662888609032313,
  "training_aux-sec--conclusion_P": 0.4606094182825485,
  "training_aux-sec--conclusion_R": 0.27352283195157256,
  "training_aux-sec--conclusion_F1": 0.34322751104317667,
  "training_aux-sec--experiments_P": 0.35894283958205286,
  "training_aux-sec--experiments_R": 0.1454183266932271,
  "training_aux-sec--experiments_F1": 0.2069821017189028,
  "training_aux-sec--method_P": 0.30462800234329235,
  "training_aux-sec--method_R": 0.13182355923609937,
  "training_aux-sec--method_F1": 0.18401651430252347,
  "training_aux-sec--related work_P": 0.30551096843231673,
  "training_aux-sec--related work_R": 0.09519839946648882,
  "training_aux-sec--related work_F1": 0.14516334053638172,
  "training_aux-sec--average_F1": 0.28913566570084315,
  "training_aux-worth--False_P": 0.8927785528340693,
  "training_aux-worth--False_R": 0.9860528656754353,
  "training_aux-worth--False_F1": 0.937100414398996,
  "training_aux-worth--True_P": 0.7780025284450063,
  "training_aux-worth--True_R": 0.29215723509304975,
  "training_aux-worth--True_F1": 0.42479464347341933,
  "training_aux-worth--average_F1": 0.6809475289362077,
  "training_loss": 0.4166511802447665,
  "validation_background_P": 0.8576576576576577,
  "validation_background_R": 0.8847583643122676,
  "validation_background_F1": 0.8709972552607002,
  "validation_method_P": 0.8326180257510729,
  "validation_method_R": 0.7607843137254902,
  "validation_method_F1": 0.7950819672130648,
  "validation_result_P": 0.734375,
  "validation_result_R": 0.7642276422764228,
  "validation_result_F1": 0.7490039840636952,
  "validation_average_F1": 0.8050277355124867,
  "validation_aux-sec--introduction_P": 0.0,
  "validation_aux-sec--introduction_R": 0.0,
  "validation_aux-sec--introduction_F1": 0.0,
  "validation_aux-sec--conclusion_P": 0.0,
  "validation_aux-sec--conclusion_R": 0.0,
  "validation_aux-sec--conclusion_F1": 0.0,
  "validation_aux-sec--experiments_P": 0.0,
  "validation_aux-sec--experiments_R": 0.0,
  "validation_aux-sec--experiments_F1": 0.0,
  "validation_aux-sec--method_P": 0.0,
  "validation_aux-sec--method_R": 0.0,
  "validation_aux-sec--method_F1": 0.0,
  "validation_aux-sec--related work_P": 0.0,
  "validation_aux-sec--related work_R": 0.0,
  "validation_aux-sec--related work_F1": 0.0,
  "validation_aux-sec--average_F1": 0.0,
  "validation_aux-worth--False_P": 0.0,
  "validation_aux-worth--False_R": 0.0,
  "validation_aux-worth--False_F1": 0.0,
  "validation_aux-worth--True_P": 0.0,
  "validation_aux-worth--True_R": 0.0,
  "validation_aux-worth--True_F1": 0.0,
  "validation_aux-worth--average_F1": 0.0,
  "validation_loss": 0.5310606928863402,
  "best_epoch": 0,
  "best_validation_background_P": 0.8576576576576577,
  "best_validation_background_R": 0.8847583643122676,
  "best_validation_background_F1": 0.8709972552607002,
  "best_validation_method_P": 0.8326180257510729,
  "best_validation_method_R": 0.7607843137254902,
  "best_validation_method_F1": 0.7950819672130648,
  "best_validation_result_P": 0.734375,
  "best_validation_result_R": 0.7642276422764228,
  "best_validation_result_F1": 0.7490039840636952,
  "best_validation_average_F1": 0.8050277355124867,
  "best_validation_aux-sec--introduction_P": 0.0,
  "best_validation_aux-sec--introduction_R": 0.0,
  "best_validation_aux-sec--introduction_F1": 0.0,
  "best_validation_aux-sec--conclusion_P": 0.0,
  "best_validation_aux-sec--conclusion_R": 0.0,
  "best_validation_aux-sec--conclusion_F1": 0.0,
  "best_validation_aux-sec--experiments_P": 0.0,
  "best_validation_aux-sec--experiments_R": 0.0,
  "best_validation_aux-sec--experiments_F1": 0.0,
  "best_validation_aux-sec--method_P": 0.0,
  "best_validation_aux-sec--method_R": 0.0,
  "best_validation_aux-sec--method_F1": 0.0,
  "best_validation_aux-sec--related work_P": 0.0,
  "best_validation_aux-sec--related work_R": 0.0,
  "best_validation_aux-sec--related work_F1": 0.0,
  "best_validation_aux-sec--average_F1": 0.0,
  "best_validation_aux-worth--False_P": 0.0,
  "best_validation_aux-worth--False_R": 0.0,
  "best_validation_aux-worth--False_F1": 0.0,
  "best_validation_aux-worth--True_P": 0.0,
  "best_validation_aux-worth--True_R": 0.0,
  "best_validation_aux-worth--True_F1": 0.0,
  "best_validation_aux-worth--average_F1": 0.0,
  "best_validation_loss": 0.5310606928863402
}