{
  "training_duration": "01:50:56",
  "training_start_epoch": 0,
  "training_epochs": 6,
  "epoch": 6,
  "training_background_P": 0.9959526412504943,
  "training_background_R": 0.9961843605313976,
  "training_background_F1": 0.9960684874144571,
  "training_method_P": 0.9935197817189632,
  "training_method_R": 0.9933261886204209,
  "training_method_F1": 0.9934229757380383,
  "training_result_P": 0.9940768999096476,
  "training_result_R": 0.9934784789806361,
  "training_result_F1": 0.9937775993576378,
  "training_average_F1": 0.994423020836711,
  "training_aux-sec--introduction_P": 0.48777928075003496,
  "training_aux-sec--introduction_R": 0.7362881081461663,
  "training_aux-sec--introduction_F1": 0.5868076987822876,
  "training_aux-sec--conclusion_P": 0.49775345151539907,
  "training_aux-sec--conclusion_R": 0.40090801421239636,
  "training_aux-sec--conclusion_F1": 0.4441123947665237,
  "training_aux-sec--experiments_P": 0.4413731609451627,
  "training_aux-sec--experiments_R": 0.24651394422310757,
  "training_aux-sec--experiments_F1": 0.3163444639718345,
  "training_aux-sec--method_P": 0.3890242155036538,
  "training_aux-sec--method_R": 0.2294236944397499,
  "training_aux-sec--method_F1": 0.2886302025194877,
  "training_aux-sec--related work_P": 0.4395533605325317,
  "training_aux-sec--related work_R": 0.34128042680893633,
  "training_aux-sec--related work_F1": 0.38423275457526757,
  "training_aux-sec--average_F1": 0.4040255029230802,
  "training_aux-worth--False_P": 0.9225577738882791,
  "training_aux-worth--False_R": 0.98800673529038,
  "training_aux-worth--False_F1": 0.9541612334125449,
  "training_aux-worth--True_P": 0.8755357731618859,
  "training_aux-worth--True_R": 0.5042726927459172,
  "training_aux-worth--True_F1": 0.6399566212796259,
  "training_aux-worth--average_F1": 0.7970589273460854,
  "training_loss": 0.08915271943051027,
  "validation_background_P": 0.8614564831261101,
  "validation_background_R": 0.9014869888475836,
  "validation_background_F1": 0.8810172570390055,
  "validation_method_P": 0.7966804979253111,
  "validation_method_R": 0.7529411764705882,
  "validation_method_F1": 0.7741935483870469,
  "validation_result_P": 0.8303571428571429,
  "validation_result_R": 0.7560975609756098,
  "validation_result_F1": 0.7914893617020778,
  "validation_average_F1": 0.8155667223760434,
  "validation_aux-sec--introduction_P": 0.0,
  "validation_aux-sec--introduction_R": 0.0,
  "validation_aux-sec--introduction_F1": 0.0,
  "validation_aux-sec--conclusion_P": 0.0,
  "validation_aux-sec--conclusion_R": 0.0,
  "validation_aux-sec--conclusion_F1": 0.0,
  "validation_aux-sec--experiments_P": 0.0,
  "validation_aux-sec--experiments_R": 0.0,
  "validation_aux-sec--experiments_F1": 0.0,
  "validation_aux-sec--method_P": 0.0,
  "validation_aux-sec--method_R": 0.0,
  "validation_aux-sec--method_F1": 0.0,
  "validation_aux-sec--related work_P": 0.0,
  "validation_aux-sec--related work_R": 0.0,
  "validation_aux-sec--related work_F1": 0.0,
  "validation_aux-sec--average_F1": 0.0,
  "validation_aux-worth--False_P": 0.0,
  "validation_aux-worth--False_R": 0.0,
  "validation_aux-worth--False_F1": 0.0,
  "validation_aux-worth--True_P": 0.0,
  "validation_aux-worth--True_R": 0.0,
  "validation_aux-worth--True_F1": 0.0,
  "validation_aux-worth--average_F1": 0.0,
  "validation_loss": 1.4787055982260269,
  "best_epoch": 6,
  "best_validation_background_P": 0.8614564831261101,
  "best_validation_background_R": 0.9014869888475836,
  "best_validation_background_F1": 0.8810172570390055,
  "best_validation_method_P": 0.7966804979253111,
  "best_validation_method_R": 0.7529411764705882,
  "best_validation_method_F1": 0.7741935483870469,
  "best_validation_result_P": 0.8303571428571429,
  "best_validation_result_R": 0.7560975609756098,
  "best_validation_result_F1": 0.7914893617020778,
  "best_validation_average_F1": 0.8155667223760434,
  "best_validation_aux-sec--introduction_P": 0.0,
  "best_validation_aux-sec--introduction_R": 0.0,
  "best_validation_aux-sec--introduction_F1": 0.0,
  "best_validation_aux-sec--conclusion_P": 0.0,
  "best_validation_aux-sec--conclusion_R": 0.0,
  "best_validation_aux-sec--conclusion_F1": 0.0,
  "best_validation_aux-sec--experiments_P": 0.0,
  "best_validation_aux-sec--experiments_R": 0.0,
  "best_validation_aux-sec--experiments_F1": 0.0,
  "best_validation_aux-sec--method_P": 0.0,
  "best_validation_aux-sec--method_R": 0.0,
  "best_validation_aux-sec--method_F1": 0.0,
  "best_validation_aux-sec--related work_P": 0.0,
  "best_validation_aux-sec--related work_R": 0.0,
  "best_validation_aux-sec--related work_F1": 0.0,
  "best_validation_aux-sec--average_F1": 0.0,
  "best_validation_aux-worth--False_P": 0.0,
  "best_validation_aux-worth--False_R": 0.0,
  "best_validation_aux-worth--False_F1": 0.0,
  "best_validation_aux-worth--True_P": 0.0,
  "best_validation_aux-worth--True_R": 0.0,
  "best_validation_aux-worth--True_F1": 0.0,
  "best_validation_aux-worth--average_F1": 0.0,
  "best_validation_loss": 1.4787055982260269
}