{
  "training_duration": "02:06:06",
  "training_start_epoch": 0,
  "training_epochs": 7,
  "epoch": 7,
  "training_background_P": 0.9964935095093236,
  "training_background_R": 0.9966786668215074,
  "training_background_F1": 0.9965860795651977,
  "training_method_P": 0.994553323931333,
  "training_method_R": 0.9946500656582851,
  "training_method_F1": 0.9946016924423194,
  "training_result_P": 0.9937055837563452,
  "training_result_R": 0.9926977687626775,
  "training_result_F1": 0.993201420598631,
  "training_average_F1": 0.9947963975353827,
  "training_aux-sec--introduction_P": 0.49260806307786176,
  "training_aux-sec--introduction_R": 0.738998803069774,
  "training_aux-sec--introduction_F1": 0.5911574204448972,
  "training_aux-sec--conclusion_P": 0.50476738451422,
  "training_aux-sec--conclusion_R": 0.40406632451638375,
  "training_aux-sec--conclusion_F1": 0.44883788919743633,
  "training_aux-sec--experiments_P": 0.44132995377963324,
  "training_aux-sec--experiments_R": 0.2456839309428951,
  "training_aux-sec--experiments_F1": 0.31564916022389433,
  "training_aux-sec--method_P": 0.3959851505568541,
  "training_aux-sec--method_R": 0.24336657089741423,
  "training_aux-sec--method_F1": 0.30146019783320765,
  "training_aux-sec--related work_P": 0.46083827265029637,
  "training_aux-sec--related work_R": 0.36295431810603535,
  "training_aux-sec--related work_F1": 0.4060809550456511,
  "training_aux-sec--average_F1": 0.41263712454901735,
  "training_aux-worth--False_P": 0.9233997745743608,
  "training_aux-worth--False_R": 0.9890551531325454,
  "training_aux-worth--False_F1": 0.9551004755330074,
  "training_aux-worth--True_P": 0.8862285336856011,
  "training_aux-worth--True_R": 0.509589821496392,
  "training_aux-worth--True_F1": 0.6470942850252732,
  "training_aux-worth--average_F1": 0.8010973802791403,
  "training_loss": 0.0866031798879007,
  "validation_background_P": 0.8727272727272727,
  "validation_background_R": 0.8921933085501859,
  "validation_background_F1": 0.8823529411764205,
  "validation_method_P": 0.8099173553719008,
  "validation_method_R": 0.7686274509803922,
  "validation_method_F1": 0.7887323943661473,
  "validation_result_P": 0.7741935483870968,
  "validation_result_R": 0.7804878048780488,
  "validation_result_F1": 0.7773279352226221,
  "validation_average_F1": 0.81613775692173,
  "validation_aux-sec--introduction_P": 0.0,
  "validation_aux-sec--introduction_R": 0.0,
  "validation_aux-sec--introduction_F1": 0.0,
  "validation_aux-sec--conclusion_P": 0.0,
  "validation_aux-sec--conclusion_R": 0.0,
  "validation_aux-sec--conclusion_F1": 0.0,
  "validation_aux-sec--experiments_P": 0.0,
  "validation_aux-sec--experiments_R": 0.0,
  "validation_aux-sec--experiments_F1": 0.0,
  "validation_aux-sec--method_P": 0.0,
  "validation_aux-sec--method_R": 0.0,
  "validation_aux-sec--method_F1": 0.0,
  "validation_aux-sec--related work_P": 0.0,
  "validation_aux-sec--related work_R": 0.0,
  "validation_aux-sec--related work_F1": 0.0,
  "validation_aux-sec--average_F1": 0.0,
  "validation_aux-worth--False_P": 0.0,
  "validation_aux-worth--False_R": 0.0,
  "validation_aux-worth--False_F1": 0.0,
  "validation_aux-worth--True_P": 0.0,
  "validation_aux-worth--True_R": 0.0,
  "validation_aux-worth--True_F1": 0.0,
  "validation_aux-worth--average_F1": 0.0,
  "validation_loss": 1.448833808961228,
  "best_epoch": 7,
  "best_validation_background_P": 0.8727272727272727,
  "best_validation_background_R": 0.8921933085501859,
  "best_validation_background_F1": 0.8823529411764205,
  "best_validation_method_P": 0.8099173553719008,
  "best_validation_method_R": 0.7686274509803922,
  "best_validation_method_F1": 0.7887323943661473,
  "best_validation_result_P": 0.7741935483870968,
  "best_validation_result_R": 0.7804878048780488,
  "best_validation_result_F1": 0.7773279352226221,
  "best_validation_average_F1": 0.81613775692173,
  "best_validation_aux-sec--introduction_P": 0.0,
  "best_validation_aux-sec--introduction_R": 0.0,
  "best_validation_aux-sec--introduction_F1": 0.0,
  "best_validation_aux-sec--conclusion_P": 0.0,
  "best_validation_aux-sec--conclusion_R": 0.0,
  "best_validation_aux-sec--conclusion_F1": 0.0,
  "best_validation_aux-sec--experiments_P": 0.0,
  "best_validation_aux-sec--experiments_R": 0.0,
  "best_validation_aux-sec--experiments_F1": 0.0,
  "best_validation_aux-sec--method_P": 0.0,
  "best_validation_aux-sec--method_R": 0.0,
  "best_validation_aux-sec--method_F1": 0.0,
  "best_validation_aux-sec--related work_P": 0.0,
  "best_validation_aux-sec--related work_R": 0.0,
  "best_validation_aux-sec--related work_F1": 0.0,
  "best_validation_aux-sec--average_F1": 0.0,
  "best_validation_aux-worth--False_P": 0.0,
  "best_validation_aux-worth--False_R": 0.0,
  "best_validation_aux-worth--False_F1": 0.0,
  "best_validation_aux-worth--True_P": 0.0,
  "best_validation_aux-worth--True_R": 0.0,
  "best_validation_aux-worth--True_F1": 0.0,
  "best_validation_aux-worth--average_F1": 0.0,
  "best_validation_loss": 1.448833808961228
}