{
  "training_duration": "02:21:22",
  "training_start_epoch": 0,
  "training_epochs": 8,
  "epoch": 8,
  "training_background_P": 0.9969345811755417,
  "training_background_R": 0.9973514857235788,
  "training_background_F1": 0.9971429898726621,
  "training_method_P": 0.9956703638840241,
  "training_method_R": 0.995186229699504,
  "training_method_F1": 0.9954282379261209,
  "training_result_P": 0.994934657076284,
  "training_result_R": 0.9941289604210952,
  "training_result_F1": 0.9945316455695703,
  "training_average_F1": 0.9957009577894511,
  "training_aux-sec--introduction_P": 0.49636515314026936,
  "training_aux-sec--introduction_R": 0.7331197634302612,
  "training_aux-sec--introduction_F1": 0.5919472435013234,
  "training_aux-sec--conclusion_P": 0.5087308003233629,
  "training_aux-sec--conclusion_R": 0.4140676404790104,
  "training_aux-sec--conclusion_F1": 0.45654381892043805,
  "training_aux-sec--experiments_P": 0.44526191877575044,
  "training_aux-sec--experiments_R": 0.2511620185922975,
  "training_aux-sec--experiments_F1": 0.321163234981911,
  "training_aux-sec--method_P": 0.39946308724832214,
  "training_aux-sec--method_R": 0.25147878992732803,
  "training_aux-sec--method_F1": 0.3086496577473079,
  "training_aux-sec--related work_P": 0.4526765723590474,
  "training_aux-sec--related work_R": 0.37079026342114035,
  "training_aux-sec--related work_F1": 0.40766199248459895,
  "training_aux-sec--average_F1": 0.4171931895271158,
  "training_aux-worth--False_P": 0.9249884814886375,
  "training_aux-worth--False_R": 0.9886262549243868,
  "training_aux-worth--False_F1": 0.95574922255917,
  "training_aux-worth--True_P": 0.8845347524592808,
  "training_aux-worth--True_R": 0.5207937713634637,
  "training_aux-worth--True_F1": 0.655590748819651,
  "training_aux-worth--average_F1": 0.8056699856894105,
  "training_loss": 0.0838368861323059,
  "validation_background_P": 0.8516579406631762,
  "validation_background_R": 0.9070631970260223,
  "validation_background_F1": 0.8784878487848286,
  "validation_method_P": 0.8253275109170306,
  "validation_method_R": 0.7411764705882353,
  "validation_method_F1": 0.7809917355371404,
  "validation_result_P": 0.8157894736842105,
  "validation_result_R": 0.7560975609756098,
  "validation_result_F1": 0.7848101265822287,
  "validation_average_F1": 0.8147632369680659,
  "validation_aux-sec--introduction_P": 0.0,
  "validation_aux-sec--introduction_R": 0.0,
  "validation_aux-sec--introduction_F1": 0.0,
  "validation_aux-sec--conclusion_P": 0.0,
  "validation_aux-sec--conclusion_R": 0.0,
  "validation_aux-sec--conclusion_F1": 0.0,
  "validation_aux-sec--experiments_P": 0.0,
  "validation_aux-sec--experiments_R": 0.0,
  "validation_aux-sec--experiments_F1": 0.0,
  "validation_aux-sec--method_P": 0.0,
  "validation_aux-sec--method_R": 0.0,
  "validation_aux-sec--method_F1": 0.0,
  "validation_aux-sec--related work_P": 0.0,
  "validation_aux-sec--related work_R": 0.0,
  "validation_aux-sec--related work_F1": 0.0,
  "validation_aux-sec--average_F1": 0.0,
  "validation_aux-worth--False_P": 0.0,
  "validation_aux-worth--False_R": 0.0,
  "validation_aux-worth--False_F1": 0.0,
  "validation_aux-worth--True_P": 0.0,
  "validation_aux-worth--True_R": 0.0,
  "validation_aux-worth--True_F1": 0.0,
  "validation_aux-worth--average_F1": 0.0,
  "validation_loss": 1.5854873395492803,
  "best_epoch": 7,
  "best_validation_background_P": 0.8727272727272727,
  "best_validation_background_R": 0.8921933085501859,
  "best_validation_background_F1": 0.8823529411764205,
  "best_validation_method_P": 0.8099173553719008,
  "best_validation_method_R": 0.7686274509803922,
  "best_validation_method_F1": 0.7887323943661473,
  "best_validation_result_P": 0.7741935483870968,
  "best_validation_result_R": 0.7804878048780488,
  "best_validation_result_F1": 0.7773279352226221,
  "best_validation_average_F1": 0.81613775692173,
  "best_validation_aux-sec--introduction_P": 0.0,
  "best_validation_aux-sec--introduction_R": 0.0,
  "best_validation_aux-sec--introduction_F1": 0.0,
  "best_validation_aux-sec--conclusion_P": 0.0,
  "best_validation_aux-sec--conclusion_R": 0.0,
  "best_validation_aux-sec--conclusion_F1": 0.0,
  "best_validation_aux-sec--experiments_P": 0.0,
  "best_validation_aux-sec--experiments_R": 0.0,
  "best_validation_aux-sec--experiments_F1": 0.0,
  "best_validation_aux-sec--method_P": 0.0,
  "best_validation_aux-sec--method_R": 0.0,
  "best_validation_aux-sec--method_F1": 0.0,
  "best_validation_aux-sec--related work_P": 0.0,
  "best_validation_aux-sec--related work_R": 0.0,
  "best_validation_aux-sec--related work_F1": 0.0,
  "best_validation_aux-sec--average_F1": 0.0,
  "best_validation_aux-worth--False_P": 0.0,
  "best_validation_aux-worth--False_R": 0.0,
  "best_validation_aux-worth--False_F1": 0.0,
  "best_validation_aux-worth--True_P": 0.0,
  "best_validation_aux-worth--True_R": 0.0,
  "best_validation_aux-worth--True_F1": 0.0,
  "best_validation_aux-worth--average_F1": 0.0,
  "best_validation_loss": 1.448833808961228
}