{
  "training_duration": "01:04:16",
  "training_start_epoch": 0,
  "training_epochs": 3,
  "epoch": 3,
  "training_background_P": 0.9892273832966524,
  "training_background_R": 0.9905353994618168,
  "training_background_F1": 0.9898809592803739,
  "training_method_P": 0.9838338313819625,
  "training_method_R": 0.9813819390148554,
  "training_method_F1": 0.9826063556522728,
  "training_result_P": 0.9828248130935543,
  "training_result_R": 0.9822294022617124,
  "training_result_F1": 0.9825270174729326,
  "training_average_F1": 0.9850047774685264,
  "training_aux-sec--introduction_P": 0.4696853583236627,
  "training_aux-sec--introduction_R": 0.7551573611208899,
  "training_aux-sec--introduction_F1": 0.579154123412078,
  "training_aux-sec--conclusion_P": 0.48641229755695853,
  "training_aux-sec--conclusion_R": 0.34978286616660087,
  "training_aux-sec--conclusion_F1": 0.4069353542312063,
  "training_aux-sec--experiments_P": 0.42236336286144077,
  "training_aux-sec--experiments_R": 0.20974435590969456,
  "training_aux-sec--experiments_F1": 0.28029504741829075,
  "training_aux-sec--method_P": 0.3657090743274054,
  "training_aux-sec--method_R": 0.2033124894372148,
  "training_aux-sec--method_F1": 0.2613370987888532,
  "training_aux-sec--related work_P": 0.4118463674224896,
  "training_aux-sec--related work_R": 0.29676558852950985,
  "training_aux-sec--related work_F1": 0.34496124031002884,
  "training_aux-sec--average_F1": 0.3745365728320914,
  "training_aux-worth--False_P": 0.9180388392527505,
  "training_aux-worth--False_R": 0.9874984114881179,
  "training_aux-worth--False_F1": 0.9515026747380249,
  "training_aux-worth--True_P": 0.8635812099150633,
  "training_aux-worth--True_R": 0.4730345613368781,
  "training_aux-worth--True_F1": 0.6112508435064877,
  "training_aux-worth--average_F1": 0.7813767591222562,
  "training_loss": 0.11540649244397548,
  "validation_background_P": 0.8472222222222222,
  "validation_background_R": 0.9070631970260223,
  "validation_background_F1": 0.8761220825852285,
  "validation_method_P": 0.8401826484018264,
  "validation_method_R": 0.7215686274509804,
  "validation_method_F1": 0.7763713080168279,
  "validation_result_P": 0.768595041322314,
  "validation_result_R": 0.7560975609756098,
  "validation_result_F1": 0.762295081967163,
  "validation_average_F1": 0.8049294908564063,
  "validation_aux-sec--introduction_P": 0.0,
  "validation_aux-sec--introduction_R": 0.0,
  "validation_aux-sec--introduction_F1": 0.0,
  "validation_aux-sec--conclusion_P": 0.0,
  "validation_aux-sec--conclusion_R": 0.0,
  "validation_aux-sec--conclusion_F1": 0.0,
  "validation_aux-sec--experiments_P": 0.0,
  "validation_aux-sec--experiments_R": 0.0,
  "validation_aux-sec--experiments_F1": 0.0,
  "validation_aux-sec--method_P": 0.0,
  "validation_aux-sec--method_R": 0.0,
  "validation_aux-sec--method_F1": 0.0,
  "validation_aux-sec--related work_P": 0.0,
  "validation_aux-sec--related work_R": 0.0,
  "validation_aux-sec--related work_F1": 0.0,
  "validation_aux-sec--average_F1": 0.0,
  "validation_aux-worth--False_P": 0.0,
  "validation_aux-worth--False_R": 0.0,
  "validation_aux-worth--False_F1": 0.0,
  "validation_aux-worth--True_P": 0.0,
  "validation_aux-worth--True_R": 0.0,
  "validation_aux-worth--True_F1": 0.0,
  "validation_aux-worth--average_F1": 0.0,
  "validation_loss": 1.1130508285593883,
  "best_epoch": 2,
  "best_validation_background_P": 0.8623188405797102,
  "best_validation_background_R": 0.8847583643122676,
  "best_validation_background_F1": 0.8733944954127941,
  "best_validation_method_P": 0.7894736842105263,
  "best_validation_method_R": 0.7647058823529411,
  "best_validation_method_F1": 0.7768924302788345,
  "best_validation_result_P": 0.8034188034188035,
  "best_validation_result_R": 0.7642276422764228,
  "best_validation_result_F1": 0.7833333333332835,
  "best_validation_average_F1": 0.811206753008304,
  "best_validation_aux-sec--introduction_P": 0.0,
  "best_validation_aux-sec--introduction_R": 0.0,
  "best_validation_aux-sec--introduction_F1": 0.0,
  "best_validation_aux-sec--conclusion_P": 0.0,
  "best_validation_aux-sec--conclusion_R": 0.0,
  "best_validation_aux-sec--conclusion_F1": 0.0,
  "best_validation_aux-sec--experiments_P": 0.0,
  "best_validation_aux-sec--experiments_R": 0.0,
  "best_validation_aux-sec--experiments_F1": 0.0,
  "best_validation_aux-sec--method_P": 0.0,
  "best_validation_aux-sec--method_R": 0.0,
  "best_validation_aux-sec--method_F1": 0.0,
  "best_validation_aux-sec--related work_P": 0.0,
  "best_validation_aux-sec--related work_R": 0.0,
  "best_validation_aux-sec--related work_F1": 0.0,
  "best_validation_aux-sec--average_F1": 0.0,
  "best_validation_aux-worth--False_P": 0.0,
  "best_validation_aux-worth--False_R": 0.0,
  "best_validation_aux-worth--False_F1": 0.0,
  "best_validation_aux-worth--True_P": 0.0,
  "best_validation_aux-worth--True_R": 0.0,
  "best_validation_aux-worth--True_F1": 0.0,
  "best_validation_aux-worth--average_F1": 0.0,
  "best_validation_loss": 0.961922045451878
}