{
  "training_duration": "00:48:09",
  "training_start_epoch": 0,
  "training_epochs": 2,
  "epoch": 2,
  "training_background_P": 0.9783828725836624,
  "training_background_R": 0.982398775566996,
  "training_background_F1": 0.9803867115631117,
  "training_method_P": 0.9682017004963877,
  "training_method_R": 0.961726225346612,
  "training_method_F1": 0.9649530993607298,
  "training_result_P": 0.9726681568786832,
  "training_result_R": 0.9687310261080753,
  "training_result_F1": 0.970695599269875,
  "training_average_F1": 0.9720118033979056,
  "training_aux-sec--introduction_P": 0.4614659641005869,
  "training_aux-sec--introduction_R": 0.7584313173273252,
  "training_aux-sec--introduction_F1": 0.5738028018962934,
  "training_aux-sec--conclusion_P": 0.48212118382970776,
  "training_aux-sec--conclusion_R": 0.3397815502039742,
  "training_aux-sec--conclusion_F1": 0.3986259600910395,
  "training_aux-sec--experiments_P": 0.41352228103124467,
  "training_aux-sec--experiments_R": 0.20102921646746347,
  "training_aux-sec--experiments_F1": 0.27053895559895064,
  "training_aux-sec--method_P": 0.3584786053882726,
  "training_aux-sec--method_R": 0.1911441608923441,
  "training_aux-sec--method_F1": 0.24933862433857895,
  "training_aux-sec--related work_P": 0.3933673469387755,
  "training_aux-sec--related work_R": 0.2570856952317439,
  "training_aux-sec--related work_F1": 0.310949788263715,
  "training_aux-sec--average_F1": 0.3606512260377155,
  "training_aux-worth--False_P": 0.9151680424528302,
  "training_aux-worth--False_R": 0.9862276019824628,
  "training_aux-worth--False_F1": 0.9493699920483935,
  "training_aux-worth--True_P": 0.8463855421686747,
  "training_aux-worth--True_R": 0.45357007216103307,
  "training_aux-worth--True_F1": 0.5906280909989655,
  "training_aux-worth--average_F1": 0.7699990415236795,
  "training_loss": 0.1467959043972767,
  "validation_background_P": 0.8623188405797102,
  "validation_background_R": 0.8847583643122676,
  "validation_background_F1": 0.8733944954127941,
  "validation_method_P": 0.7894736842105263,
  "validation_method_R": 0.7647058823529411,
  "validation_method_F1": 0.7768924302788345,
  "validation_result_P": 0.8034188034188035,
  "validation_result_R": 0.7642276422764228,
  "validation_result_F1": 0.7833333333332835,
  "validation_average_F1": 0.811206753008304,
  "validation_aux-sec--introduction_P": 0.0,
  "validation_aux-sec--introduction_R": 0.0,
  "validation_aux-sec--introduction_F1": 0.0,
  "validation_aux-sec--conclusion_P": 0.0,
  "validation_aux-sec--conclusion_R": 0.0,
  "validation_aux-sec--conclusion_F1": 0.0,
  "validation_aux-sec--experiments_P": 0.0,
  "validation_aux-sec--experiments_R": 0.0,
  "validation_aux-sec--experiments_F1": 0.0,
  "validation_aux-sec--method_P": 0.0,
  "validation_aux-sec--method_R": 0.0,
  "validation_aux-sec--method_F1": 0.0,
  "validation_aux-sec--related work_P": 0.0,
  "validation_aux-sec--related work_R": 0.0,
  "validation_aux-sec--related work_F1": 0.0,
  "validation_aux-sec--average_F1": 0.0,
  "validation_aux-worth--False_P": 0.0,
  "validation_aux-worth--False_R": 0.0,
  "validation_aux-worth--False_F1": 0.0,
  "validation_aux-worth--True_P": 0.0,
  "validation_aux-worth--True_R": 0.0,
  "validation_aux-worth--True_F1": 0.0,
  "validation_aux-worth--average_F1": 0.0,
  "validation_loss": 0.961922045451878,
  "best_epoch": 2,
  "best_validation_background_P": 0.8623188405797102,
  "best_validation_background_R": 0.8847583643122676,
  "best_validation_background_F1": 0.8733944954127941,
  "best_validation_method_P": 0.7894736842105263,
  "best_validation_method_R": 0.7647058823529411,
  "best_validation_method_F1": 0.7768924302788345,
  "best_validation_result_P": 0.8034188034188035,
  "best_validation_result_R": 0.7642276422764228,
  "best_validation_result_F1": 0.7833333333332835,
  "best_validation_average_F1": 0.811206753008304,
  "best_validation_aux-sec--introduction_P": 0.0,
  "best_validation_aux-sec--introduction_R": 0.0,
  "best_validation_aux-sec--introduction_F1": 0.0,
  "best_validation_aux-sec--conclusion_P": 0.0,
  "best_validation_aux-sec--conclusion_R": 0.0,
  "best_validation_aux-sec--conclusion_F1": 0.0,
  "best_validation_aux-sec--experiments_P": 0.0,
  "best_validation_aux-sec--experiments_R": 0.0,
  "best_validation_aux-sec--experiments_F1": 0.0,
  "best_validation_aux-sec--method_P": 0.0,
  "best_validation_aux-sec--method_R": 0.0,
  "best_validation_aux-sec--method_F1": 0.0,
  "best_validation_aux-sec--related work_P": 0.0,
  "best_validation_aux-sec--related work_R": 0.0,
  "best_validation_aux-sec--related work_F1": 0.0,
  "best_validation_aux-sec--average_F1": 0.0,
  "best_validation_aux-worth--False_P": 0.0,
  "best_validation_aux-worth--False_R": 0.0,
  "best_validation_aux-worth--False_F1": 0.0,
  "best_validation_aux-worth--True_P": 0.0,
  "best_validation_aux-worth--True_R": 0.0,
  "best_validation_aux-worth--True_F1": 0.0,
  "best_validation_aux-worth--average_F1": 0.0,
  "best_validation_loss": 0.961922045451878
}