{
  "training_duration": "01:35:49",
  "training_start_epoch": 0,
  "training_epochs": 5,
  "epoch": 5,
  "training_background_P": 0.9947092402654661,
  "training_background_R": 0.9950094008959867,
  "training_background_F1": 0.9948592979401879,
  "training_method_P": 0.9914405213500632,
  "training_method_R": 0.9912958910770727,
  "training_method_F1": 0.9913682009385062,
  "training_result_P": 0.9912423625254583,
  "training_result_R": 0.990233977619532,
  "training_result_F1": 0.9907379134859552,
  "training_average_F1": 0.9923218041215498,
  "training_aux-sec--introduction_P": 0.4832730872838625,
  "training_aux-sec--introduction_R": 0.7389283954094206,
  "training_aux-sec--introduction_F1": 0.5843622544856772,
  "training_aux-sec--conclusion_P": 0.49323195187165775,
  "training_aux-sec--conclusion_R": 0.38840636925911304,
  "training_aux-sec--conclusion_F1": 0.4345873518368056,
  "training_aux-sec--experiments_P": 0.4288372093023256,
  "training_aux-sec--experiments_R": 0.2295816733067729,
  "training_aux-sec--experiments_F1": 0.29905935776836196,
  "training_aux-sec--method_P": 0.3722010984368399,
  "training_aux-sec--method_R": 0.2233395301673145,
  "training_aux-sec--method_F1": 0.27916556641136053,
  "training_aux-sec--related work_P": 0.4379964695498676,
  "training_aux-sec--related work_R": 0.33094364788262753,
  "training_aux-sec--related work_F1": 0.37701804368466135,
  "training_aux-sec--average_F1": 0.3948385148373733,
  "training_aux-worth--False_P": 0.9207035413952387,
  "training_aux-worth--False_R": 0.9878637692209937,
  "training_aux-worth--False_F1": 0.9531020107895529,
  "training_aux-worth--True_P": 0.8713804713804714,
  "training_aux-worth--True_R": 0.4914546145081656,
  "training_aux-worth--True_F1": 0.6284604176784386,
  "training_aux-worth--average_F1": 0.7907812142339958,
  "training_loss": 0.09453427240223296,
  "validation_background_P": 0.8581687612208259,
  "validation_background_R": 0.8884758364312267,
  "validation_background_F1": 0.8730593607305437,
  "validation_method_P": 0.8042553191489362,
  "validation_method_R": 0.7411764705882353,
  "validation_method_F1": 0.7714285714285216,
  "validation_result_P": 0.7661290322580645,
  "validation_result_R": 0.7723577235772358,
  "validation_result_F1": 0.7692307692307192,
  "validation_average_F1": 0.8045729004632616,
  "validation_aux-sec--introduction_P": 0.0,
  "validation_aux-sec--introduction_R": 0.0,
  "validation_aux-sec--introduction_F1": 0.0,
  "validation_aux-sec--conclusion_P": 0.0,
  "validation_aux-sec--conclusion_R": 0.0,
  "validation_aux-sec--conclusion_F1": 0.0,
  "validation_aux-sec--experiments_P": 0.0,
  "validation_aux-sec--experiments_R": 0.0,
  "validation_aux-sec--experiments_F1": 0.0,
  "validation_aux-sec--method_P": 0.0,
  "validation_aux-sec--method_R": 0.0,
  "validation_aux-sec--method_F1": 0.0,
  "validation_aux-sec--related work_P": 0.0,
  "validation_aux-sec--related work_R": 0.0,
  "validation_aux-sec--related work_F1": 0.0,
  "validation_aux-sec--average_F1": 0.0,
  "validation_aux-worth--False_P": 0.0,
  "validation_aux-worth--False_R": 0.0,
  "validation_aux-worth--False_F1": 0.0,
  "validation_aux-worth--True_P": 0.0,
  "validation_aux-worth--True_R": 0.0,
  "validation_aux-worth--True_F1": 0.0,
  "validation_aux-worth--average_F1": 0.0,
  "validation_loss": 1.409648606007726,
  "best_epoch": 2,
  "best_validation_background_P": 0.8623188405797102,
  "best_validation_background_R": 0.8847583643122676,
  "best_validation_background_F1": 0.8733944954127941,
  "best_validation_method_P": 0.7894736842105263,
  "best_validation_method_R": 0.7647058823529411,
  "best_validation_method_F1": 0.7768924302788345,
  "best_validation_result_P": 0.8034188034188035,
  "best_validation_result_R": 0.7642276422764228,
  "best_validation_result_F1": 0.7833333333332835,
  "best_validation_average_F1": 0.811206753008304,
  "best_validation_aux-sec--introduction_P": 0.0,
  "best_validation_aux-sec--introduction_R": 0.0,
  "best_validation_aux-sec--introduction_F1": 0.0,
  "best_validation_aux-sec--conclusion_P": 0.0,
  "best_validation_aux-sec--conclusion_R": 0.0,
  "best_validation_aux-sec--conclusion_F1": 0.0,
  "best_validation_aux-sec--experiments_P": 0.0,
  "best_validation_aux-sec--experiments_R": 0.0,
  "best_validation_aux-sec--experiments_F1": 0.0,
  "best_validation_aux-sec--method_P": 0.0,
  "best_validation_aux-sec--method_R": 0.0,
  "best_validation_aux-sec--method_F1": 0.0,
  "best_validation_aux-sec--related work_P": 0.0,
  "best_validation_aux-sec--related work_R": 0.0,
  "best_validation_aux-sec--related work_F1": 0.0,
  "best_validation_aux-sec--average_F1": 0.0,
  "best_validation_aux-worth--False_P": 0.0,
  "best_validation_aux-worth--False_R": 0.0,
  "best_validation_aux-worth--False_F1": 0.0,
  "best_validation_aux-worth--True_P": 0.0,
  "best_validation_aux-worth--True_R": 0.0,
  "best_validation_aux-worth--True_F1": 0.0,
  "best_validation_aux-worth--average_F1": 0.0,
  "best_validation_loss": 0.961922045451878
}