{
  "training_duration": "00:32:13",
  "training_start_epoch": 0,
  "training_epochs": 1,
  "epoch": 1,
  "training_background_P": 0.9546562428144401,
  "training_background_R": 0.9645927233864597,
  "training_background_F1": 0.9595987611518939,
  "training_method_P": 0.9379409718771738,
  "training_method_R": 0.9192150370081807,
  "training_method_F1": 0.9284835964782345,
  "training_result_P": 0.9404376012965965,
  "training_result_R": 0.9368314833501513,
  "training_result_F1": 0.9386310787584173,
  "training_average_F1": 0.9422378121295152,
  "training_aux-sec--introduction_P": 0.4518812941491443,
  "training_aux-sec--introduction_R": 0.7724424417376611,
  "training_aux-sec--introduction_F1": 0.5701960682405366,
  "training_aux-sec--conclusion_P": 0.4678610099419234,
  "training_aux-sec--conclusion_R": 0.3127385182260824,
  "training_aux-sec--conclusion_F1": 0.37488661907949605,
  "training_aux-sec--experiments_P": 0.3965211217607384,
  "training_aux-sec--experiments_R": 0.1854249667994688,
  "training_aux-sec--experiments_F1": 0.2526863476981807,
  "training_aux-sec--method_P": 0.33499377334993774,
  "training_aux-sec--method_R": 0.15911779618049687,
  "training_aux-sec--method_F1": 0.21575479805209039,
  "training_aux-sec--related work_P": 0.36464560204953034,
  "training_aux-sec--related work_R": 0.21357119039679892,
  "training_aux-sec--related work_F1": 0.2693723057511888,
  "training_aux-sec--average_F1": 0.3365792277642985,
  "training_aux-worth--False_P": 0.9106582152184758,
  "training_aux-worth--False_R": 0.985909899606049,
  "training_aux-worth--False_F1": 0.9467911460954759,
  "training_aux-worth--True_P": 0.8335834896810507,
  "training_aux-worth--True_R": 0.4218571971135587,
  "training_aux-worth--True_F1": 0.5602067835077098,
  "training_aux-worth--average_F1": 0.7534989648015928,
  "training_loss": 0.2264813858932162,
  "validation_background_P": 0.85431654676259,
  "validation_background_R": 0.8828996282527881,
  "validation_background_F1": 0.8683729433271896,
  "validation_method_P": 0.7689243027888446,
  "validation_method_R": 0.7568627450980392,
  "validation_method_F1": 0.7628458498023216,
  "validation_result_P": 0.8440366972477065,
  "validation_result_R": 0.7479674796747967,
  "validation_result_F1": 0.7931034482758124,
  "validation_average_F1": 0.8081074138017744,
  "validation_aux-sec--introduction_P": 0.0,
  "validation_aux-sec--introduction_R": 0.0,
  "validation_aux-sec--introduction_F1": 0.0,
  "validation_aux-sec--conclusion_P": 0.0,
  "validation_aux-sec--conclusion_R": 0.0,
  "validation_aux-sec--conclusion_F1": 0.0,
  "validation_aux-sec--experiments_P": 0.0,
  "validation_aux-sec--experiments_R": 0.0,
  "validation_aux-sec--experiments_F1": 0.0,
  "validation_aux-sec--method_P": 0.0,
  "validation_aux-sec--method_R": 0.0,
  "validation_aux-sec--method_F1": 0.0,
  "validation_aux-sec--related work_P": 0.0,
  "validation_aux-sec--related work_R": 0.0,
  "validation_aux-sec--related work_F1": 0.0,
  "validation_aux-sec--average_F1": 0.0,
  "validation_aux-worth--False_P": 0.0,
  "validation_aux-worth--False_R": 0.0,
  "validation_aux-worth--False_F1": 0.0,
  "validation_aux-worth--True_P": 0.0,
  "validation_aux-worth--True_R": 0.0,
  "validation_aux-worth--True_F1": 0.0,
  "validation_aux-worth--average_F1": 0.0,
  "validation_loss": 0.7269903432481505,
  "best_epoch": 1,
  "best_validation_background_P": 0.85431654676259,
  "best_validation_background_R": 0.8828996282527881,
  "best_validation_background_F1": 0.8683729433271896,
  "best_validation_method_P": 0.7689243027888446,
  "best_validation_method_R": 0.7568627450980392,
  "best_validation_method_F1": 0.7628458498023216,
  "best_validation_result_P": 0.8440366972477065,
  "best_validation_result_R": 0.7479674796747967,
  "best_validation_result_F1": 0.7931034482758124,
  "best_validation_average_F1": 0.8081074138017744,
  "best_validation_aux-sec--introduction_P": 0.0,
  "best_validation_aux-sec--introduction_R": 0.0,
  "best_validation_aux-sec--introduction_F1": 0.0,
  "best_validation_aux-sec--conclusion_P": 0.0,
  "best_validation_aux-sec--conclusion_R": 0.0,
  "best_validation_aux-sec--conclusion_F1": 0.0,
  "best_validation_aux-sec--experiments_P": 0.0,
  "best_validation_aux-sec--experiments_R": 0.0,
  "best_validation_aux-sec--experiments_F1": 0.0,
  "best_validation_aux-sec--method_P": 0.0,
  "best_validation_aux-sec--method_R": 0.0,
  "best_validation_aux-sec--method_F1": 0.0,
  "best_validation_aux-sec--related work_P": 0.0,
  "best_validation_aux-sec--related work_R": 0.0,
  "best_validation_aux-sec--related work_F1": 0.0,
  "best_validation_aux-sec--average_F1": 0.0,
  "best_validation_aux-worth--False_P": 0.0,
  "best_validation_aux-worth--False_R": 0.0,
  "best_validation_aux-worth--False_F1": 0.0,
  "best_validation_aux-worth--True_P": 0.0,
  "best_validation_aux-worth--True_R": 0.0,
  "best_validation_aux-worth--True_F1": 0.0,
  "best_validation_aux-worth--average_F1": 0.0,
  "best_validation_loss": 0.7269903432481505
}