{
  "training_duration": "00:04:15",
  "training_start_epoch": 0,
  "training_epochs": 3,
  "epoch": 3,
  "training_background_P": 0.996162344458658,
  "training_background_R": 0.9962318570896911,
  "training_background_F1": 0.9961970995615117,
  "training_method_P": 0.9942218985190581,
  "training_method_R": 0.9939805825242718,
  "training_method_F1": 0.9941012258768769,
  "training_result_P": 0.9930317107655019,
  "training_result_R": 0.9932323232323232,
  "training_result_F1": 0.9931320068679431,
  "training_average_F1": 0.9944767774354438,
  "training_aux-sec--introduction_P": 0.4472416537510996,
  "training_aux-sec--introduction_R": 0.7517425895937478,
  "training_aux-sec--introduction_F1": 0.5608257169870318,
  "training_aux-sec--conclusion_P": 0.47899322362052277,
  "training_aux-sec--conclusion_R": 0.3255691538360311,
  "training_aux-sec--conclusion_F1": 0.3876527734252104,
  "training_aux-sec--experiments_P": 0.403434980722047,
  "training_aux-sec--experiments_R": 0.19106905710491368,
  "training_aux-sec--experiments_F1": 0.259321842964922,
  "training_aux-sec--method_P": 0.3686200378071834,
  "training_aux-sec--method_R": 0.18125739394963664,
  "training_aux-sec--method_F1": 0.2430181838780502,
  "training_aux-sec--related work_P": 0.4063868143188257,
  "training_aux-sec--related work_R": 0.2630876958986329,
  "training_aux-sec--related work_F1": 0.3194008703572036,
  "training_aux-sec--average_F1": 0.35404387752248356,
  "training_aux-worth--False_P": 0.9081535509761706,
  "training_aux-worth--False_R": 0.9849726775956285,
  "training_aux-worth--False_F1": 0.9450045340587329,
  "training_aux-worth--True_P": 0.8183214903015172,
  "training_aux-worth--True_R": 0.40457652867451577,
  "training_aux-worth--True_F1": 0.5414575258910543,
  "training_aux-worth--average_F1": 0.7432310299748937,
  "training_loss": 0.0987745791196849,
  "validation_background_P": 0.8416206261510129,
  "validation_background_R": 0.8494423791821561,
  "validation_background_F1": 0.845513413505963,
  "validation_method_P": 0.757201646090535,
  "validation_method_R": 0.7215686274509804,
  "validation_method_F1": 0.7389558232931227,
  "validation_result_P": 0.7307692307692307,
  "validation_result_R": 0.7723577235772358,
  "validation_result_F1": 0.7509881422924402,
  "validation_average_F1": 0.7784857930305086,
  "validation_aux-sec--introduction_P": 0.0,
  "validation_aux-sec--introduction_R": 0.0,
  "validation_aux-sec--introduction_F1": 0.0,
  "validation_aux-sec--conclusion_P": 0.0,
  "validation_aux-sec--conclusion_R": 0.0,
  "validation_aux-sec--conclusion_F1": 0.0,
  "validation_aux-sec--experiments_P": 0.0,
  "validation_aux-sec--experiments_R": 0.0,
  "validation_aux-sec--experiments_F1": 0.0,
  "validation_aux-sec--method_P": 0.0,
  "validation_aux-sec--method_R": 0.0,
  "validation_aux-sec--method_F1": 0.0,
  "validation_aux-sec--related work_P": 0.0,
  "validation_aux-sec--related work_R": 0.0,
  "validation_aux-sec--related work_F1": 0.0,
  "validation_aux-sec--average_F1": 0.0,
  "validation_aux-worth--False_P": 0.0,
  "validation_aux-worth--False_R": 0.0,
  "validation_aux-worth--False_F1": 0.0,
  "validation_aux-worth--True_P": 0.0,
  "validation_aux-worth--True_R": 0.0,
  "validation_aux-worth--True_F1": 0.0,
  "validation_aux-worth--average_F1": 0.0,
  "validation_loss": 1.5899932754450832,
  "best_epoch": 2,
  "best_validation_background_P": 0.8286713286713286,
  "best_validation_background_R": 0.8810408921933085,
  "best_validation_background_F1": 0.854054054054004,
  "best_validation_method_P": 0.774468085106383,
  "best_validation_method_R": 0.7137254901960784,
  "best_validation_method_F1": 0.7428571428570929,
  "best_validation_result_P": 0.8256880733944955,
  "best_validation_result_R": 0.7317073170731707,
  "best_validation_result_F1": 0.7758620689654675,
  "best_validation_average_F1": 0.7909244219588548,
  "best_validation_aux-sec--introduction_P": 0.0,
  "best_validation_aux-sec--introduction_R": 0.0,
  "best_validation_aux-sec--introduction_F1": 0.0,
  "best_validation_aux-sec--conclusion_P": 0.0,
  "best_validation_aux-sec--conclusion_R": 0.0,
  "best_validation_aux-sec--conclusion_F1": 0.0,
  "best_validation_aux-sec--experiments_P": 0.0,
  "best_validation_aux-sec--experiments_R": 0.0,
  "best_validation_aux-sec--experiments_F1": 0.0,
  "best_validation_aux-sec--method_P": 0.0,
  "best_validation_aux-sec--method_R": 0.0,
  "best_validation_aux-sec--method_F1": 0.0,
  "best_validation_aux-sec--related work_P": 0.0,
  "best_validation_aux-sec--related work_R": 0.0,
  "best_validation_aux-sec--related work_F1": 0.0,
  "best_validation_aux-sec--average_F1": 0.0,
  "best_validation_aux-worth--False_P": 0.0,
  "best_validation_aux-worth--False_R": 0.0,
  "best_validation_aux-worth--False_F1": 0.0,
  "best_validation_aux-worth--True_P": 0.0,
  "best_validation_aux-worth--True_R": 0.0,
  "best_validation_aux-worth--True_F1": 0.0,
  "best_validation_aux-worth--average_F1": 0.0,
  "best_validation_loss": 1.3644560657698532
}