{
  "training_duration": "00:06:20",
  "training_start_epoch": 0,
  "training_epochs": 5,
  "epoch": 5,
  "training_background_P": 0.9976820731537712,
  "training_background_R": 0.997497103128621,
  "training_background_F1": 0.9975895795670013,
  "training_method_P": 0.9962001266624446,
  "training_method_R": 0.996637099132469,
  "training_method_F1": 0.9964185649895956,
  "training_result_P": 0.9960297261529064,
  "training_result_R": 0.995928338762215,
  "training_result_F1": 0.995979029877285,
  "training_average_F1": 0.9966623914779605,
  "training_aux-sec--introduction_P": 0.4642587073528758,
  "training_aux-sec--introduction_R": 0.7348447511089207,
  "training_aux-sec--introduction_F1": 0.5690219169119577,
  "training_aux-sec--conclusion_P": 0.48522495341201527,
  "training_aux-sec--conclusion_R": 0.3597841821292275,
  "training_aux-sec--conclusion_F1": 0.4131937884912799,
  "training_aux-sec--experiments_P": 0.4224919093851133,
  "training_aux-sec--experiments_R": 0.21671646746347942,
  "training_aux-sec--experiments_F1": 0.28648233486938685,
  "training_aux-sec--method_P": 0.39363133502765735,
  "training_aux-sec--method_R": 0.22249450735169848,
  "training_aux-sec--method_F1": 0.28429520056141794,
  "training_aux-sec--related work_P": 0.43772810218978103,
  "training_aux-sec--related work_R": 0.3199399799933311,
  "training_aux-sec--related work_F1": 0.36967828934689784,
  "training_aux-sec--average_F1": 0.38453430603618804,
  "training_aux-worth--False_P": 0.9203082931447676,
  "training_aux-worth--False_R": 0.9882291269538697,
  "training_aux-worth--False_F1": 0.9530601302182573,
  "training_aux-worth--True_P": 0.8741080530071356,
  "training_aux-worth--True_R": 0.4885112039498671,
  "training_aux-worth--True_F1": 0.6267511268119896,
  "training_aux-worth--average_F1": 0.7899056285151235,
  "training_loss": 0.08782124357491823,
  "validation_background_P": 0.8473282442748091,
  "validation_background_R": 0.8252788104089219,
  "validation_background_F1": 0.8361581920903456,
  "validation_method_P": 0.7269372693726938,
  "validation_method_R": 0.7725490196078432,
  "validation_method_F1": 0.7490494296577448,
  "validation_result_P": 0.743801652892562,
  "validation_result_R": 0.7317073170731707,
  "validation_result_F1": 0.7377049180327369,
  "validation_average_F1": 0.7743041799269424,
  "validation_aux-sec--introduction_P": 0.0,
  "validation_aux-sec--introduction_R": 0.0,
  "validation_aux-sec--introduction_F1": 0.0,
  "validation_aux-sec--conclusion_P": 0.0,
  "validation_aux-sec--conclusion_R": 0.0,
  "validation_aux-sec--conclusion_F1": 0.0,
  "validation_aux-sec--experiments_P": 0.0,
  "validation_aux-sec--experiments_R": 0.0,
  "validation_aux-sec--experiments_F1": 0.0,
  "validation_aux-sec--method_P": 0.0,
  "validation_aux-sec--method_R": 0.0,
  "validation_aux-sec--method_F1": 0.0,
  "validation_aux-sec--related work_P": 0.0,
  "validation_aux-sec--related work_R": 0.0,
  "validation_aux-sec--related work_F1": 0.0,
  "validation_aux-sec--average_F1": 0.0,
  "validation_aux-worth--False_P": 0.0,
  "validation_aux-worth--False_R": 0.0,
  "validation_aux-worth--False_F1": 0.0,
  "validation_aux-worth--True_P": 0.0,
  "validation_aux-worth--True_R": 0.0,
  "validation_aux-worth--True_F1": 0.0,
  "validation_aux-worth--average_F1": 0.0,
  "validation_loss": 1.9142694987099746,
  "best_epoch": 2,
  "best_validation_background_P": 0.8286713286713286,
  "best_validation_background_R": 0.8810408921933085,
  "best_validation_background_F1": 0.854054054054004,
  "best_validation_method_P": 0.774468085106383,
  "best_validation_method_R": 0.7137254901960784,
  "best_validation_method_F1": 0.7428571428570929,
  "best_validation_result_P": 0.8256880733944955,
  "best_validation_result_R": 0.7317073170731707,
  "best_validation_result_F1": 0.7758620689654675,
  "best_validation_average_F1": 0.7909244219588548,
  "best_validation_aux-sec--introduction_P": 0.0,
  "best_validation_aux-sec--introduction_R": 0.0,
  "best_validation_aux-sec--introduction_F1": 0.0,
  "best_validation_aux-sec--conclusion_P": 0.0,
  "best_validation_aux-sec--conclusion_R": 0.0,
  "best_validation_aux-sec--conclusion_F1": 0.0,
  "best_validation_aux-sec--experiments_P": 0.0,
  "best_validation_aux-sec--experiments_R": 0.0,
  "best_validation_aux-sec--experiments_F1": 0.0,
  "best_validation_aux-sec--method_P": 0.0,
  "best_validation_aux-sec--method_R": 0.0,
  "best_validation_aux-sec--method_F1": 0.0,
  "best_validation_aux-sec--related work_P": 0.0,
  "best_validation_aux-sec--related work_R": 0.0,
  "best_validation_aux-sec--related work_F1": 0.0,
  "best_validation_aux-sec--average_F1": 0.0,
  "best_validation_aux-worth--False_P": 0.0,
  "best_validation_aux-worth--False_R": 0.0,
  "best_validation_aux-worth--False_F1": 0.0,
  "best_validation_aux-worth--True_P": 0.0,
  "best_validation_aux-worth--True_R": 0.0,
  "best_validation_aux-worth--True_F1": 0.0,
  "best_validation_aux-worth--average_F1": 0.0,
  "best_validation_loss": 1.3644560657698532
}