{
  "training_duration": "00:02:09",
  "training_start_epoch": 0,
  "training_epochs": 1,
  "epoch": 1,
  "training_background_P": 0.9546748060770184,
  "training_background_R": 0.964882981931204,
  "training_background_F1": 0.9597517505507823,
  "training_method_P": 0.9406767029363542,
  "training_method_R": 0.921807293441745,
  "training_method_F1": 0.9311464122362162,
  "training_result_P": 0.9344295781840466,
  "training_result_R": 0.9297764227642277,
  "training_result_F1": 0.9320971932147635,
  "training_average_F1": 0.9409984520005873,
  "training_aux-sec--introduction_P": 0.4313482536978239,
  "training_aux-sec--introduction_R": 0.7843413363373936,
  "training_aux-sec--introduction_F1": 0.5565964675609726,
  "training_aux-sec--conclusion_P": 0.45924580707189405,
  "training_aux-sec--conclusion_R": 0.28286616660086855,
  "training_aux-sec--conclusion_F1": 0.35009568793512935,
  "training_aux-sec--experiments_P": 0.3843192868719611,
  "training_aux-sec--experiments_R": 0.1574535192563081,
  "training_aux-sec--experiments_F1": 0.22338671690999176,
  "training_aux-sec--method_P": 0.34071515644047135,
  "training_aux-sec--method_R": 0.14171032617880683,
  "training_aux-sec--method_F1": 0.2001671043207988,
  "training_aux-sec--related work_P": 0.3252965939533104,
  "training_aux-sec--related work_R": 0.1417139046348783,
  "training_aux-sec--related work_F1": 0.1974219022180509,
  "training_aux-sec--average_F1": 0.3055335757889887,
  "training_aux-worth--False_P": 0.8777718067654712,
  "training_aux-worth--False_R": 0.9859734400813318,
  "training_aux-worth--False_F1": 0.9287317452716763,
  "training_aux-worth--True_P": 0.6814574314574314,
  "training_aux-worth--True_R": 0.17935814660083554,
  "training_aux-worth--True_F1": 0.28397474443773013,
  "training_aux-worth--average_F1": 0.6063532448547032,
  "training_loss": 0.2346140681808546,
  "validation_background_P": 0.8306595365418895,
  "validation_background_R": 0.8661710037174721,
  "validation_background_F1": 0.8480436760691039,
  "validation_method_P": 0.7708333333333334,
  "validation_method_R": 0.7254901960784313,
  "validation_method_F1": 0.7474747474746976,
  "validation_result_P": 0.7739130434782608,
  "validation_result_R": 0.7235772357723578,
  "validation_result_F1": 0.7478991596638156,
  "validation_average_F1": 0.781139194402539,
  "validation_aux-sec--introduction_P": 0.0,
  "validation_aux-sec--introduction_R": 0.0,
  "validation_aux-sec--introduction_F1": 0.0,
  "validation_aux-sec--conclusion_P": 0.0,
  "validation_aux-sec--conclusion_R": 0.0,
  "validation_aux-sec--conclusion_F1": 0.0,
  "validation_aux-sec--experiments_P": 0.0,
  "validation_aux-sec--experiments_R": 0.0,
  "validation_aux-sec--experiments_F1": 0.0,
  "validation_aux-sec--method_P": 0.0,
  "validation_aux-sec--method_R": 0.0,
  "validation_aux-sec--method_F1": 0.0,
  "validation_aux-sec--related work_P": 0.0,
  "validation_aux-sec--related work_R": 0.0,
  "validation_aux-sec--related work_F1": 0.0,
  "validation_aux-sec--average_F1": 0.0,
  "validation_aux-worth--False_P": 0.0,
  "validation_aux-worth--False_R": 0.0,
  "validation_aux-worth--False_F1": 0.0,
  "validation_aux-worth--True_P": 0.0,
  "validation_aux-worth--True_R": 0.0,
  "validation_aux-worth--True_F1": 0.0,
  "validation_aux-worth--average_F1": 0.0,
  "validation_loss": 1.0269573197282593,
  "best_epoch": 1,
  "best_validation_background_P": 0.8306595365418895,
  "best_validation_background_R": 0.8661710037174721,
  "best_validation_background_F1": 0.8480436760691039,
  "best_validation_method_P": 0.7708333333333334,
  "best_validation_method_R": 0.7254901960784313,
  "best_validation_method_F1": 0.7474747474746976,
  "best_validation_result_P": 0.7739130434782608,
  "best_validation_result_R": 0.7235772357723578,
  "best_validation_result_F1": 0.7478991596638156,
  "best_validation_average_F1": 0.781139194402539,
  "best_validation_aux-sec--introduction_P": 0.0,
  "best_validation_aux-sec--introduction_R": 0.0,
  "best_validation_aux-sec--introduction_F1": 0.0,
  "best_validation_aux-sec--conclusion_P": 0.0,
  "best_validation_aux-sec--conclusion_R": 0.0,
  "best_validation_aux-sec--conclusion_F1": 0.0,
  "best_validation_aux-sec--experiments_P": 0.0,
  "best_validation_aux-sec--experiments_R": 0.0,
  "best_validation_aux-sec--experiments_F1": 0.0,
  "best_validation_aux-sec--method_P": 0.0,
  "best_validation_aux-sec--method_R": 0.0,
  "best_validation_aux-sec--method_F1": 0.0,
  "best_validation_aux-sec--related work_P": 0.0,
  "best_validation_aux-sec--related work_R": 0.0,
  "best_validation_aux-sec--related work_F1": 0.0,
  "best_validation_aux-sec--average_F1": 0.0,
  "best_validation_aux-worth--False_P": 0.0,
  "best_validation_aux-worth--False_R": 0.0,
  "best_validation_aux-worth--False_F1": 0.0,
  "best_validation_aux-worth--True_P": 0.0,
  "best_validation_aux-worth--True_R": 0.0,
  "best_validation_aux-worth--True_F1": 0.0,
  "best_validation_aux-worth--average_F1": 0.0,
  "best_validation_loss": 1.0269573197282593
}