{
  "training_duration": "00:01:07",
  "training_start_epoch": 0,
  "training_epochs": 0,
  "epoch": 0,
  "training_background_P": 0.8400640956237414,
  "training_background_R": 0.9004920848614271,
  "training_background_F1": 0.8692291318911033,
  "training_method_P": 0.805363738557893,
  "training_method_R": 0.7316539415454943,
  "training_method_F1": 0.7667414126999806,
  "training_result_P": 0.8224797219003476,
  "training_result_R": 0.7208286787854169,
  "training_result_F1": 0.7683065432699616,
  "training_average_F1": 0.8014256959536818,
  "training_aux-sec--introduction_P": 0.413080953185736,
  "training_aux-sec--introduction_R": 0.8604520171794692,
  "training_aux-sec--introduction_F1": 0.5581894582990335,
  "training_aux-sec--conclusion_P": 0.45336500395882817,
  "training_aux-sec--conclusion_R": 0.1883800500065798,
  "training_aux-sec--conclusion_F1": 0.266164644633436,
  "training_aux-sec--experiments_P": 0.34801925212884116,
  "training_aux-sec--experiments_R": 0.07802124833997344,
  "training_aux-sec--experiments_F1": 0.1274662688995565,
  "training_aux-sec--method_P": 0.2972567509644235,
  "training_aux-sec--method_R": 0.1172046645259422,
  "training_aux-sec--method_F1": 0.16812121212117156,
  "training_aux-sec--related work_P": 0.3037974683544304,
  "training_aux-sec--related work_R": 0.032010670223407804,
  "training_aux-sec--related work_F1": 0.057918552036181854,
  "training_aux-sec--average_F1": 0.23557202719787584,
  "training_aux-worth--False_P": 0.8630411360057463,
  "training_aux-worth--False_R": 0.9924863387978142,
  "training_aux-worth--False_F1": 0.923248562942335,
  "training_aux-worth--True_P": 0.5660550458715596,
  "training_aux-worth--True_R": 0.05858336498290923,
  "training_aux-worth--True_F1": 0.1061779383926865,
  "training_aux-worth--average_F1": 0.5147132506675107,
  "training_loss": 0.5282950945195293,
  "validation_background_P": 0.8367346938775511,
  "validation_background_R": 0.8382899628252788,
  "validation_background_F1": 0.8375116063137846,
  "validation_method_P": 0.7692307692307693,
  "validation_method_R": 0.7450980392156863,
  "validation_method_F1": 0.756972111553735,
  "validation_result_P": 0.7076923076923077,
  "validation_result_R": 0.7479674796747967,
  "validation_result_F1": 0.7272727272726773,
  "validation_average_F1": 0.7739188150467323,
  "validation_aux-sec--introduction_P": 0.0,
  "validation_aux-sec--introduction_R": 0.0,
  "validation_aux-sec--introduction_F1": 0.0,
  "validation_aux-sec--conclusion_P": 0.0,
  "validation_aux-sec--conclusion_R": 0.0,
  "validation_aux-sec--conclusion_F1": 0.0,
  "validation_aux-sec--experiments_P": 0.0,
  "validation_aux-sec--experiments_R": 0.0,
  "validation_aux-sec--experiments_F1": 0.0,
  "validation_aux-sec--method_P": 0.0,
  "validation_aux-sec--method_R": 0.0,
  "validation_aux-sec--method_F1": 0.0,
  "validation_aux-sec--related work_P": 0.0,
  "validation_aux-sec--related work_R": 0.0,
  "validation_aux-sec--related work_F1": 0.0,
  "validation_aux-sec--average_F1": 0.0,
  "validation_aux-worth--False_P": 0.0,
  "validation_aux-worth--False_R": 0.0,
  "validation_aux-worth--False_F1": 0.0,
  "validation_aux-worth--True_P": 0.0,
  "validation_aux-worth--True_R": 0.0,
  "validation_aux-worth--True_F1": 0.0,
  "validation_aux-worth--average_F1": 0.0,
  "validation_loss": 0.5913502173177128,
  "best_epoch": 0,
  "best_validation_background_P": 0.8367346938775511,
  "best_validation_background_R": 0.8382899628252788,
  "best_validation_background_F1": 0.8375116063137846,
  "best_validation_method_P": 0.7692307692307693,
  "best_validation_method_R": 0.7450980392156863,
  "best_validation_method_F1": 0.756972111553735,
  "best_validation_result_P": 0.7076923076923077,
  "best_validation_result_R": 0.7479674796747967,
  "best_validation_result_F1": 0.7272727272726773,
  "best_validation_average_F1": 0.7739188150467323,
  "best_validation_aux-sec--introduction_P": 0.0,
  "best_validation_aux-sec--introduction_R": 0.0,
  "best_validation_aux-sec--introduction_F1": 0.0,
  "best_validation_aux-sec--conclusion_P": 0.0,
  "best_validation_aux-sec--conclusion_R": 0.0,
  "best_validation_aux-sec--conclusion_F1": 0.0,
  "best_validation_aux-sec--experiments_P": 0.0,
  "best_validation_aux-sec--experiments_R": 0.0,
  "best_validation_aux-sec--experiments_F1": 0.0,
  "best_validation_aux-sec--method_P": 0.0,
  "best_validation_aux-sec--method_R": 0.0,
  "best_validation_aux-sec--method_F1": 0.0,
  "best_validation_aux-sec--related work_P": 0.0,
  "best_validation_aux-sec--related work_R": 0.0,
  "best_validation_aux-sec--related work_F1": 0.0,
  "best_validation_aux-sec--average_F1": 0.0,
  "best_validation_aux-worth--False_P": 0.0,
  "best_validation_aux-worth--False_R": 0.0,
  "best_validation_aux-worth--False_F1": 0.0,
  "best_validation_aux-worth--True_P": 0.0,
  "best_validation_aux-worth--True_R": 0.0,
  "best_validation_aux-worth--True_F1": 0.0,
  "best_validation_aux-worth--average_F1": 0.0,
  "best_validation_loss": 0.5913502173177128
}