{
  "training_duration": "00:05:18",
  "training_start_epoch": 0,
  "training_epochs": 4,
  "epoch": 4,
  "training_background_P": 0.9973032663024526,
  "training_background_R": 0.9975583666635662,
  "training_background_F1": 0.997430800172005,
  "training_method_P": 0.9965057024993933,
  "training_method_R": 0.9962156130221727,
  "training_method_F1": 0.9963606366459128,
  "training_result_P": 0.9950364667747164,
  "training_result_R": 0.9945327528601802,
  "training_result_F1": 0.9947845460529148,
  "training_average_F1": 0.9961919942902776,
  "training_aux-sec--introduction_P": 0.4558918918918919,
  "training_aux-sec--introduction_R": 0.7422727592762093,
  "training_aux-sec--introduction_F1": 0.5648574796399014,
  "training_aux-sec--conclusion_P": 0.48246575342465753,
  "training_aux-sec--conclusion_R": 0.34761152783260957,
  "training_aux-sec--conclusion_F1": 0.4040844424047242,
  "training_aux-sec--experiments_P": 0.418745785569791,
  "training_aux-sec--experiments_R": 0.2061752988047809,
  "training_aux-sec--experiments_F1": 0.2763070077863852,
  "training_aux-sec--method_P": 0.38259890640077193,
  "training_aux-sec--method_R": 0.20103092783505155,
  "training_aux-sec--method_F1": 0.2635719033901609,
  "training_aux-sec--related work_P": 0.4240445089501693,
  "training_aux-sec--related work_R": 0.2922640880293431,
  "training_aux-sec--related work_F1": 0.3460323726805675,
  "training_aux-sec--average_F1": 0.37097064118034784,
  "training_aux-worth--False_P": 0.9152087724211115,
  "training_aux-worth--False_R": 0.9864023382894904,
  "training_aux-worth--False_F1": 0.9494728633572639,
  "training_aux-worth--True_P": 0.8480922803904171,
  "training_aux-worth--True_R": 0.45375996961640713,
  "training_aux-worth--True_F1": 0.5912043050658295,
  "training_aux-worth--average_F1": 0.7703385842115467,
  "training_loss": 0.08983063149806413,
  "validation_background_P": 0.8336252189141856,
  "validation_background_R": 0.8847583643122676,
  "validation_background_F1": 0.8584310189359284,
  "validation_method_P": 0.8054298642533937,
  "validation_method_R": 0.6980392156862745,
  "validation_method_F1": 0.7478991596638158,
  "validation_result_P": 0.7580645161290323,
  "validation_result_R": 0.7642276422764228,
  "validation_result_F1": 0.7611336032388164,
  "validation_average_F1": 0.7891545939461868,
  "validation_aux-sec--introduction_P": 0.0,
  "validation_aux-sec--introduction_R": 0.0,
  "validation_aux-sec--introduction_F1": 0.0,
  "validation_aux-sec--conclusion_P": 0.0,
  "validation_aux-sec--conclusion_R": 0.0,
  "validation_aux-sec--conclusion_F1": 0.0,
  "validation_aux-sec--experiments_P": 0.0,
  "validation_aux-sec--experiments_R": 0.0,
  "validation_aux-sec--experiments_F1": 0.0,
  "validation_aux-sec--method_P": 0.0,
  "validation_aux-sec--method_R": 0.0,
  "validation_aux-sec--method_F1": 0.0,
  "validation_aux-sec--related work_P": 0.0,
  "validation_aux-sec--related work_R": 0.0,
  "validation_aux-sec--related work_F1": 0.0,
  "validation_aux-sec--average_F1": 0.0,
  "validation_aux-worth--False_P": 0.0,
  "validation_aux-worth--False_R": 0.0,
  "validation_aux-worth--False_F1": 0.0,
  "validation_aux-worth--True_P": 0.0,
  "validation_aux-worth--True_R": 0.0,
  "validation_aux-worth--True_F1": 0.0,
  "validation_aux-worth--average_F1": 0.0,
  "validation_loss": 1.756932745719778,
  "best_epoch": 2,
  "best_validation_background_P": 0.8286713286713286,
  "best_validation_background_R": 0.8810408921933085,
  "best_validation_background_F1": 0.854054054054004,
  "best_validation_method_P": 0.774468085106383,
  "best_validation_method_R": 0.7137254901960784,
  "best_validation_method_F1": 0.7428571428570929,
  "best_validation_result_P": 0.8256880733944955,
  "best_validation_result_R": 0.7317073170731707,
  "best_validation_result_F1": 0.7758620689654675,
  "best_validation_average_F1": 0.7909244219588548,
  "best_validation_aux-sec--introduction_P": 0.0,
  "best_validation_aux-sec--introduction_R": 0.0,
  "best_validation_aux-sec--introduction_F1": 0.0,
  "best_validation_aux-sec--conclusion_P": 0.0,
  "best_validation_aux-sec--conclusion_R": 0.0,
  "best_validation_aux-sec--conclusion_F1": 0.0,
  "best_validation_aux-sec--experiments_P": 0.0,
  "best_validation_aux-sec--experiments_R": 0.0,
  "best_validation_aux-sec--experiments_F1": 0.0,
  "best_validation_aux-sec--method_P": 0.0,
  "best_validation_aux-sec--method_R": 0.0,
  "best_validation_aux-sec--method_F1": 0.0,
  "best_validation_aux-sec--related work_P": 0.0,
  "best_validation_aux-sec--related work_R": 0.0,
  "best_validation_aux-sec--related work_F1": 0.0,
  "best_validation_aux-sec--average_F1": 0.0,
  "best_validation_aux-worth--False_P": 0.0,
  "best_validation_aux-worth--False_R": 0.0,
  "best_validation_aux-worth--False_F1": 0.0,
  "best_validation_aux-worth--True_P": 0.0,
  "best_validation_aux-worth--True_R": 0.0,
  "best_validation_aux-worth--True_F1": 0.0,
  "best_validation_aux-worth--average_F1": 0.0,
  "best_validation_loss": 1.3644560657698532
}