{
  "training_duration": "00:03:13",
  "training_start_epoch": 0,
  "training_epochs": 2,
  "epoch": 2,
  "training_background_P": 0.9913807123109448,
  "training_background_R": 0.9916110891641299,
  "training_background_F1": 0.9914958873553104,
  "training_method_P": 0.9866062731346191,
  "training_method_R": 0.9869427527405603,
  "training_method_F1": 0.9867744842535486,
  "training_result_P": 0.9844711102147827,
  "training_result_R": 0.982786390175156,
  "training_result_F1": 0.9836280288146193,
  "training_average_F1": 0.987299466807826,
  "training_aux-sec--introduction_P": 0.44000731246572283,
  "training_aux-sec--introduction_R": 0.7625853692881785,
  "training_aux-sec--introduction_F1": 0.5580328966858121,
  "training_aux-sec--conclusion_P": 0.466128218071681,
  "training_aux-sec--conclusion_R": 0.30378997236478483,
  "training_aux-sec--conclusion_F1": 0.36784448073930603,
  "training_aux-sec--experiments_P": 0.3925719591457753,
  "training_aux-sec--experiments_R": 0.175464807436919,
  "training_aux-sec--experiments_F1": 0.24252853783050857,
  "training_aux-sec--method_P": 0.3556515478761699,
  "training_aux-sec--method_R": 0.16697650836572586,
  "training_aux-sec--method_F1": 0.22725704427827736,
  "training_aux-sec--related work_P": 0.37158790724977986,
  "training_aux-sec--related work_R": 0.2110703567855952,
  "training_aux-sec--related work_F1": 0.26921850079740195,
  "training_aux-sec--average_F1": 0.3329762920662612,
  "training_aux-worth--False_P": 0.8961162942069864,
  "training_aux-worth--False_R": 0.9841307662981319,
  "training_aux-worth--False_F1": 0.9380635490244568,
  "training_aux-worth--True_P": 0.7702920211542883,
  "training_aux-worth--True_R": 0.31807823775161415,
  "training_aux-worth--True_F1": 0.45023855923656914,
  "training_aux-worth--average_F1": 0.6941510541305129,
  "training_loss": 0.11873718693813501,
  "validation_background_P": 0.8286713286713286,
  "validation_background_R": 0.8810408921933085,
  "validation_background_F1": 0.854054054054004,
  "validation_method_P": 0.774468085106383,
  "validation_method_R": 0.7137254901960784,
  "validation_method_F1": 0.7428571428570929,
  "validation_result_P": 0.8256880733944955,
  "validation_result_R": 0.7317073170731707,
  "validation_result_F1": 0.7758620689654675,
  "validation_average_F1": 0.7909244219588548,
  "validation_aux-sec--introduction_P": 0.0,
  "validation_aux-sec--introduction_R": 0.0,
  "validation_aux-sec--introduction_F1": 0.0,
  "validation_aux-sec--conclusion_P": 0.0,
  "validation_aux-sec--conclusion_R": 0.0,
  "validation_aux-sec--conclusion_F1": 0.0,
  "validation_aux-sec--experiments_P": 0.0,
  "validation_aux-sec--experiments_R": 0.0,
  "validation_aux-sec--experiments_F1": 0.0,
  "validation_aux-sec--method_P": 0.0,
  "validation_aux-sec--method_R": 0.0,
  "validation_aux-sec--method_F1": 0.0,
  "validation_aux-sec--related work_P": 0.0,
  "validation_aux-sec--related work_R": 0.0,
  "validation_aux-sec--related work_F1": 0.0,
  "validation_aux-sec--average_F1": 0.0,
  "validation_aux-worth--False_P": 0.0,
  "validation_aux-worth--False_R": 0.0,
  "validation_aux-worth--False_F1": 0.0,
  "validation_aux-worth--True_P": 0.0,
  "validation_aux-worth--True_R": 0.0,
  "validation_aux-worth--True_F1": 0.0,
  "validation_aux-worth--average_F1": 0.0,
  "validation_loss": 1.3644560657698532,
  "best_epoch": 2,
  "best_validation_background_P": 0.8286713286713286,
  "best_validation_background_R": 0.8810408921933085,
  "best_validation_background_F1": 0.854054054054004,
  "best_validation_method_P": 0.774468085106383,
  "best_validation_method_R": 0.7137254901960784,
  "best_validation_method_F1": 0.7428571428570929,
  "best_validation_result_P": 0.8256880733944955,
  "best_validation_result_R": 0.7317073170731707,
  "best_validation_result_F1": 0.7758620689654675,
  "best_validation_average_F1": 0.7909244219588548,
  "best_validation_aux-sec--introduction_P": 0.0,
  "best_validation_aux-sec--introduction_R": 0.0,
  "best_validation_aux-sec--introduction_F1": 0.0,
  "best_validation_aux-sec--conclusion_P": 0.0,
  "best_validation_aux-sec--conclusion_R": 0.0,
  "best_validation_aux-sec--conclusion_F1": 0.0,
  "best_validation_aux-sec--experiments_P": 0.0,
  "best_validation_aux-sec--experiments_R": 0.0,
  "best_validation_aux-sec--experiments_F1": 0.0,
  "best_validation_aux-sec--method_P": 0.0,
  "best_validation_aux-sec--method_R": 0.0,
  "best_validation_aux-sec--method_F1": 0.0,
  "best_validation_aux-sec--related work_P": 0.0,
  "best_validation_aux-sec--related work_R": 0.0,
  "best_validation_aux-sec--related work_F1": 0.0,
  "best_validation_aux-sec--average_F1": 0.0,
  "best_validation_aux-worth--False_P": 0.0,
  "best_validation_aux-worth--False_R": 0.0,
  "best_validation_aux-worth--False_F1": 0.0,
  "best_validation_aux-worth--True_P": 0.0,
  "best_validation_aux-worth--True_R": 0.0,
  "best_validation_aux-worth--True_F1": 0.0,
  "best_validation_aux-worth--average_F1": 0.0,
  "best_validation_loss": 1.3644560657698532
}