{
  "training_duration": "00:11:22",
  "training_start_epoch": 7,
  "training_epochs": 0,
  "epoch": 7,
  "training_background_P": 0.9970569150908417,
  "training_background_R": 0.996779723843944,
  "training_background_F1": 0.9969183001992178,
  "training_method_P": 0.9950712473160258,
  "training_method_R": 0.9952655212807497,
  "training_method_F1": 0.995168374816934,
  "training_result_P": 0.9951259138911455,
  "training_result_R": 0.9959349593495935,
  "training_result_F1": 0.9955302722470042,
  "training_average_F1": 0.9958723157543853,
  "training_aux-sec--introduction_P": 0.5067435972343948,
  "training_aux-sec--introduction_R": 0.732767725128494,
  "training_aux-sec--introduction_F1": 0.5991479807719503,
  "training_aux-sec--conclusion_P": 0.5130865727117857,
  "training_aux-sec--conclusion_R": 0.43597841821292277,
  "training_aux-sec--conclusion_F1": 0.4714001138303431,
  "training_aux-sec--experiments_P": 0.4474635062870357,
  "training_aux-sec--experiments_R": 0.25697211155378485,
  "training_aux-sec--experiments_F1": 0.32646174935409505,
  "training_aux-sec--method_P": 0.40843231954052994,
  "training_aux-sec--method_R": 0.2644076390062532,
  "training_aux-sec--method_F1": 0.32100538599636164,
  "training_aux-sec--related work_P": 0.48412698412698413,
  "training_aux-sec--related work_R": 0.3966322107369123,
  "training_aux-sec--related work_F1": 0.43603372434012644,
  "training_aux-sec--average_F1": 0.43080979085857524,
  "training_aux-worth--False_P": 0.9299246099873106,
  "training_aux-worth--False_R": 0.9894999364595247,
  "training_aux-worth--False_F1": 0.9587877202028177,
  "training_aux-worth--True_P": 0.8982920449299893,
  "training_aux-worth--True_R": 0.554310672236992,
  "training_aux-worth--True_F1": 0.6855733662145028,
  "training_aux-worth--average_F1": 0.8221805432086602,
  "training_loss": 0.08256749605900264,
  "validation_background_P": 0.8716094032549728,
  "validation_background_R": 0.895910780669145,
  "validation_background_F1": 0.8835930339137905,
  "validation_method_P": 0.8244897959183674,
  "validation_method_R": 0.792156862745098,
  "validation_method_F1": 0.80799999999995,
  "validation_result_P": 0.8135593220338984,
  "validation_result_R": 0.7804878048780488,
  "validation_result_F1": 0.7966804979252614,
  "validation_average_F1": 0.8294245106130006,
  "validation_aux-sec--introduction_P": 0.0,
  "validation_aux-sec--introduction_R": 0.0,
  "validation_aux-sec--introduction_F1": 0.0,
  "validation_aux-sec--conclusion_P": 0.0,
  "validation_aux-sec--conclusion_R": 0.0,
  "validation_aux-sec--conclusion_F1": 0.0,
  "validation_aux-sec--experiments_P": 0.0,
  "validation_aux-sec--experiments_R": 0.0,
  "validation_aux-sec--experiments_F1": 0.0,
  "validation_aux-sec--method_P": 0.0,
  "validation_aux-sec--method_R": 0.0,
  "validation_aux-sec--method_F1": 0.0,
  "validation_aux-sec--related work_P": 0.0,
  "validation_aux-sec--related work_R": 0.0,
  "validation_aux-sec--related work_F1": 0.0,
  "validation_aux-sec--average_F1": 0.0,
  "validation_aux-worth--False_P": 0.0,
  "validation_aux-worth--False_R": 0.0,
  "validation_aux-worth--False_F1": 0.0,
  "validation_aux-worth--True_P": 0.0,
  "validation_aux-worth--True_R": 0.0,
  "validation_aux-worth--True_F1": 0.0,
  "validation_aux-worth--average_F1": 0.0,
  "validation_loss": 1.4188410526719586,
  "best_epoch": 7,
  "best_validation_background_P": 0.8716094032549728,
  "best_validation_background_R": 0.895910780669145,
  "best_validation_background_F1": 0.8835930339137905,
  "best_validation_method_P": 0.8244897959183674,
  "best_validation_method_R": 0.792156862745098,
  "best_validation_method_F1": 0.80799999999995,
  "best_validation_result_P": 0.8135593220338984,
  "best_validation_result_R": 0.7804878048780488,
  "best_validation_result_F1": 0.7966804979252614,
  "best_validation_average_F1": 0.8294245106130006,
  "best_validation_aux-sec--introduction_P": 0.0,
  "best_validation_aux-sec--introduction_R": 0.0,
  "best_validation_aux-sec--introduction_F1": 0.0,
  "best_validation_aux-sec--conclusion_P": 0.0,
  "best_validation_aux-sec--conclusion_R": 0.0,
  "best_validation_aux-sec--conclusion_F1": 0.0,
  "best_validation_aux-sec--experiments_P": 0.0,
  "best_validation_aux-sec--experiments_R": 0.0,
  "best_validation_aux-sec--experiments_F1": 0.0,
  "best_validation_aux-sec--method_P": 0.0,
  "best_validation_aux-sec--method_R": 0.0,
  "best_validation_aux-sec--method_F1": 0.0,
  "best_validation_aux-sec--related work_P": 0.0,
  "best_validation_aux-sec--related work_R": 0.0,
  "best_validation_aux-sec--related work_F1": 0.0,
  "best_validation_aux-sec--average_F1": 0.0,
  "best_validation_aux-worth--False_P": 0.0,
  "best_validation_aux-worth--False_R": 0.0,
  "best_validation_aux-worth--False_F1": 0.0,
  "best_validation_aux-worth--True_P": 0.0,
  "best_validation_aux-worth--True_R": 0.0,
  "best_validation_aux-worth--True_F1": 0.0,
  "best_validation_aux-worth--average_F1": 0.0,
  "best_validation_loss": 1.4188410526719586
}