{
  "training_duration": "00:20:38",
  "training_start_epoch": 0,
  "training_epochs": 1,
  "epoch": 1,
  "training_background_P": 0.9453840328613718,
  "training_background_R": 0.9574018126888217,
  "training_background_F1": 0.9513549713071192,
  "training_method_P": 0.923360574048236,
  "training_method_R": 0.9027134992936133,
  "training_method_F1": 0.9129203103830023,
  "training_result_P": 0.9344978165938864,
  "training_result_R": 0.9262204328132864,
  "training_result_F1": 0.9303407137801543,
  "training_average_F1": 0.9315386651567586,
  "training_aux-sec--introduction_P": 0.46073966889390133,
  "training_aux-sec--introduction_R": 0.7622333309864113,
  "training_aux-sec--introduction_F1": 0.5743236074270087,
  "training_aux-sec--conclusion_P": 0.48373435996150144,
  "training_aux-sec--conclusion_R": 0.33070140808001053,
  "training_aux-sec--conclusion_F1": 0.3928403939346086,
  "training_aux-sec--experiments_P": 0.4029142108709889,
  "training_aux-sec--experiments_R": 0.20426626826029218,
  "training_aux-sec--experiments_F1": 0.2710949548358223,
  "training_aux-sec--method_P": 0.3498233215547703,
  "training_aux-sec--method_R": 0.1840459692411695,
  "training_aux-sec--method_F1": 0.24119601328899137,
  "training_aux-sec--related work_P": 0.371481678173128,
  "training_aux-sec--related work_R": 0.233244414804935,
  "training_aux-sec--related work_F1": 0.2865628840638608,
  "training_aux-sec--average_F1": 0.35320357071005837,
  "training_aux-worth--False_P": 0.9112025269962536,
  "training_aux-worth--False_R": 0.9852109543779387,
  "training_aux-worth--False_F1": 0.9467626338566252,
  "training_aux-worth--True_P": 0.8281970843329027,
  "training_aux-worth--True_R": 0.42612988985947586,
  "training_aux-worth--True_F1": 0.5627233402294078,
  "training_aux-worth--average_F1": 0.7547429870430165,
  "training_loss": 0.25053065290295873,
  "validation_background_P": 0.8695652173913043,
  "validation_background_R": 0.8550185873605948,
  "validation_background_F1": 0.8622305529521525,
  "validation_method_P": 0.8451327433628318,
  "validation_method_R": 0.7490196078431373,
  "validation_method_F1": 0.7941787941787445,
  "validation_result_P": 0.6583850931677019,
  "validation_result_R": 0.8617886178861789,
  "validation_result_F1": 0.7464788732393876,
  "validation_average_F1": 0.8009627401234282,
  "validation_aux-sec--introduction_P": 0.0,
  "validation_aux-sec--introduction_R": 0.0,
  "validation_aux-sec--introduction_F1": 0.0,
  "validation_aux-sec--conclusion_P": 0.0,
  "validation_aux-sec--conclusion_R": 0.0,
  "validation_aux-sec--conclusion_F1": 0.0,
  "validation_aux-sec--experiments_P": 0.0,
  "validation_aux-sec--experiments_R": 0.0,
  "validation_aux-sec--experiments_F1": 0.0,
  "validation_aux-sec--method_P": 0.0,
  "validation_aux-sec--method_R": 0.0,
  "validation_aux-sec--method_F1": 0.0,
  "validation_aux-sec--related work_P": 0.0,
  "validation_aux-sec--related work_R": 0.0,
  "validation_aux-sec--related work_F1": 0.0,
  "validation_aux-sec--average_F1": 0.0,
  "validation_aux-worth--False_P": 0.0,
  "validation_aux-worth--False_R": 0.0,
  "validation_aux-worth--False_F1": 0.0,
  "validation_aux-worth--True_P": 0.0,
  "validation_aux-worth--True_R": 0.0,
  "validation_aux-worth--True_F1": 0.0,
  "validation_aux-worth--average_F1": 0.0,
  "validation_loss": 0.6969029682463613,
  "best_epoch": 0,
  "best_validation_background_P": 0.8766355140186916,
  "best_validation_background_R": 0.8717472118959108,
  "best_validation_background_F1": 0.8741845293568931,
  "best_validation_method_P": 0.8178137651821862,
  "best_validation_method_R": 0.792156862745098,
  "best_validation_method_F1": 0.804780876493974,
  "best_validation_result_P": 0.746268656716418,
  "best_validation_result_R": 0.8130081300813008,
  "best_validation_result_F1": 0.7782101167314677,
  "best_validation_average_F1": 0.8190585075274449,
  "best_validation_aux-sec--introduction_P": 0.0,
  "best_validation_aux-sec--introduction_R": 0.0,
  "best_validation_aux-sec--introduction_F1": 0.0,
  "best_validation_aux-sec--conclusion_P": 0.0,
  "best_validation_aux-sec--conclusion_R": 0.0,
  "best_validation_aux-sec--conclusion_F1": 0.0,
  "best_validation_aux-sec--experiments_P": 0.0,
  "best_validation_aux-sec--experiments_R": 0.0,
  "best_validation_aux-sec--experiments_F1": 0.0,
  "best_validation_aux-sec--method_P": 0.0,
  "best_validation_aux-sec--method_R": 0.0,
  "best_validation_aux-sec--method_F1": 0.0,
  "best_validation_aux-sec--related work_P": 0.0,
  "best_validation_aux-sec--related work_R": 0.0,
  "best_validation_aux-sec--related work_F1": 0.0,
  "best_validation_aux-sec--average_F1": 0.0,
  "best_validation_aux-worth--False_P": 0.0,
  "best_validation_aux-worth--False_R": 0.0,
  "best_validation_aux-worth--False_F1": 0.0,
  "best_validation_aux-worth--True_P": 0.0,
  "best_validation_aux-worth--True_R": 0.0,
  "best_validation_aux-worth--True_F1": 0.0,
  "best_validation_aux-worth--average_F1": 0.0,
  "best_validation_loss": 0.4643541194241622
}