{
  "training_duration": "00:22:27",
  "training_start_epoch": 7,
  "training_epochs": 1,
  "epoch": 8,
  "training_background_P": 0.9982338724670013,
  "training_background_R": 0.9982802695793632,
  "training_background_F1": 0.9982570704840197,
  "training_method_P": 0.9970284489477786,
  "training_method_R": 0.9970770205095728,
  "training_method_F1": 0.9970527341370832,
  "training_result_P": 0.9979863068868304,
  "training_result_R": 0.99768495218923,
  "training_result_F1": 0.9978356067850712,
  "training_average_F1": 0.9977151371353914,
  "training_aux-sec--introduction_P": 0.5138796193301199,
  "training_aux-sec--introduction_R": 0.7318524255438992,
  "training_aux-sec--introduction_F1": 0.6037960529181492,
  "training_aux-sec--conclusion_P": 0.5219028588994774,
  "training_aux-sec--conclusion_R": 0.44683510988287933,
  "training_aux-sec--conclusion_F1": 0.4814604750088124,
  "training_aux-sec--experiments_P": 0.45364973633083544,
  "training_aux-sec--experiments_R": 0.2713313413014608,
  "training_aux-sec--experiments_F1": 0.3395658045081073,
  "training_aux-sec--method_P": 0.41302948371314535,
  "training_aux-sec--method_R": 0.27108331924961976,
  "training_aux-sec--method_F1": 0.3273302382531025,
  "training_aux-sec--related work_P": 0.48909595559080093,
  "training_aux-sec--related work_R": 0.4113037679226409,
  "training_aux-sec--related work_F1": 0.4468393406990991,
  "training_aux-sec--average_F1": 0.4397983822774541,
  "training_aux-worth--False_P": 0.9304995067706933,
  "training_aux-worth--False_R": 0.9889439573008006,
  "training_aux-worth--False_F1": 0.9588319549045382,
  "training_aux-worth--True_P": 0.8941927637579812,
  "training_aux-worth--True_R": 0.5584884162552222,
  "training_aux-worth--True_F1": 0.6875511396843478,
  "training_aux-worth--average_F1": 0.823191547294443,
  "training_loss": 0.07800582582256718,
  "validation_background_P": 0.8653500897666068,
  "validation_background_R": 0.895910780669145,
  "validation_background_F1": 0.880365296803603,
  "validation_method_P": 0.8106995884773662,
  "validation_method_R": 0.7725490196078432,
  "validation_method_F1": 0.7911646586344881,
  "validation_result_P": 0.8017241379310345,
  "validation_result_R": 0.7560975609756098,
  "validation_result_F1": 0.778242677824218,
  "validation_average_F1": 0.816590877754103,
  "validation_aux-sec--introduction_P": 0.0,
  "validation_aux-sec--introduction_R": 0.0,
  "validation_aux-sec--introduction_F1": 0.0,
  "validation_aux-sec--conclusion_P": 0.0,
  "validation_aux-sec--conclusion_R": 0.0,
  "validation_aux-sec--conclusion_F1": 0.0,
  "validation_aux-sec--experiments_P": 0.0,
  "validation_aux-sec--experiments_R": 0.0,
  "validation_aux-sec--experiments_F1": 0.0,
  "validation_aux-sec--method_P": 0.0,
  "validation_aux-sec--method_R": 0.0,
  "validation_aux-sec--method_F1": 0.0,
  "validation_aux-sec--related work_P": 0.0,
  "validation_aux-sec--related work_R": 0.0,
  "validation_aux-sec--related work_F1": 0.0,
  "validation_aux-sec--average_F1": 0.0,
  "validation_aux-worth--False_P": 0.0,
  "validation_aux-worth--False_R": 0.0,
  "validation_aux-worth--False_F1": 0.0,
  "validation_aux-worth--True_P": 0.0,
  "validation_aux-worth--True_R": 0.0,
  "validation_aux-worth--True_F1": 0.0,
  "validation_aux-worth--average_F1": 0.0,
  "validation_loss": 1.749006616658178,
  "best_epoch": 7,
  "best_validation_background_P": 0.8716094032549728,
  "best_validation_background_R": 0.895910780669145,
  "best_validation_background_F1": 0.8835930339137905,
  "best_validation_method_P": 0.8244897959183674,
  "best_validation_method_R": 0.792156862745098,
  "best_validation_method_F1": 0.80799999999995,
  "best_validation_result_P": 0.8135593220338984,
  "best_validation_result_R": 0.7804878048780488,
  "best_validation_result_F1": 0.7966804979252614,
  "best_validation_average_F1": 0.8294245106130006,
  "best_validation_aux-sec--introduction_P": 0.0,
  "best_validation_aux-sec--introduction_R": 0.0,
  "best_validation_aux-sec--introduction_F1": 0.0,
  "best_validation_aux-sec--conclusion_P": 0.0,
  "best_validation_aux-sec--conclusion_R": 0.0,
  "best_validation_aux-sec--conclusion_F1": 0.0,
  "best_validation_aux-sec--experiments_P": 0.0,
  "best_validation_aux-sec--experiments_R": 0.0,
  "best_validation_aux-sec--experiments_F1": 0.0,
  "best_validation_aux-sec--method_P": 0.0,
  "best_validation_aux-sec--method_R": 0.0,
  "best_validation_aux-sec--method_F1": 0.0,
  "best_validation_aux-sec--related work_P": 0.0,
  "best_validation_aux-sec--related work_R": 0.0,
  "best_validation_aux-sec--related work_F1": 0.0,
  "best_validation_aux-sec--average_F1": 0.0,
  "best_validation_aux-worth--False_P": 0.0,
  "best_validation_aux-worth--False_R": 0.0,
  "best_validation_aux-worth--False_F1": 0.0,
  "best_validation_aux-worth--True_P": 0.0,
  "best_validation_aux-worth--True_R": 0.0,
  "best_validation_aux-worth--True_F1": 0.0,
  "best_validation_aux-worth--average_F1": 0.0,
  "best_validation_loss": 1.4188410526719586
}