{
  "training_duration": "00:30:35",
  "training_start_epoch": 0,
  "training_epochs": 2,
  "epoch": 2,
  "training_background_P": 0.9740854716675537,
  "training_background_R": 0.9779548411076008,
  "training_background_F1": 0.9760163214206555,
  "training_method_P": 0.9618451303624712,
  "training_method_R": 0.9547926580557444,
  "training_method_F1": 0.9583059190486134,
  "training_result_P": 0.9643947100712106,
  "training_result_R": 0.9624365482233502,
  "training_result_F1": 0.9634146341462915,
  "training_average_F1": 0.9659122915385202,
  "training_aux-sec--introduction_P": 0.47031329232533015,
  "training_aux-sec--introduction_R": 0.7509681053298599,
  "training_aux-sec--introduction_F1": 0.5783929612406832,
  "training_aux-sec--conclusion_P": 0.482942238267148,
  "training_aux-sec--conclusion_R": 0.35208580076325835,
  "training_aux-sec--conclusion_F1": 0.4072608265468726,
  "training_aux-sec--experiments_P": 0.4147746526601152,
  "training_aux-sec--experiments_R": 0.20318725099601595,
  "training_aux-sec--experiments_F1": 0.27275766016708675,
  "training_aux-sec--method_P": 0.36277056277056274,
  "training_aux-sec--method_R": 0.21243873584586784,
  "training_aux-sec--method_F1": 0.2679599232572546,
  "training_aux-sec--related work_P": 0.40640569395017795,
  "training_aux-sec--related work_R": 0.2855951983994665,
  "training_aux-sec--related work_F1": 0.33545481249383186,
  "training_aux-sec--average_F1": 0.37236523674114574,
  "training_aux-worth--False_P": 0.9156393771381385,
  "training_aux-worth--False_R": 0.9863864531706698,
  "training_aux-worth--False_F1": 0.9496971736204077,
  "training_aux-worth--True_P": 0.8488002822865208,
  "training_aux-worth--True_R": 0.4567983289023927,
  "training_aux-worth--True_F1": 0.5939506172839052,
  "training_aux-worth--average_F1": 0.7718238954521565,
  "training_loss": 0.16165967771850775,
  "validation_background_P": 0.8899803536345776,
  "validation_background_R": 0.8420074349442379,
  "validation_background_F1": 0.8653295128939329,
  "validation_method_P": 0.7491166077738516,
  "validation_method_R": 0.8313725490196079,
  "validation_method_F1": 0.788104089219281,
  "validation_result_P": 0.7741935483870968,
  "validation_result_R": 0.7804878048780488,
  "validation_result_F1": 0.7773279352226221,
  "validation_average_F1": 0.8102538457786119,
  "validation_aux-sec--introduction_P": 0.0,
  "validation_aux-sec--introduction_R": 0.0,
  "validation_aux-sec--introduction_F1": 0.0,
  "validation_aux-sec--conclusion_P": 0.0,
  "validation_aux-sec--conclusion_R": 0.0,
  "validation_aux-sec--conclusion_F1": 0.0,
  "validation_aux-sec--experiments_P": 0.0,
  "validation_aux-sec--experiments_R": 0.0,
  "validation_aux-sec--experiments_F1": 0.0,
  "validation_aux-sec--method_P": 0.0,
  "validation_aux-sec--method_R": 0.0,
  "validation_aux-sec--method_F1": 0.0,
  "validation_aux-sec--related work_P": 0.0,
  "validation_aux-sec--related work_R": 0.0,
  "validation_aux-sec--related work_F1": 0.0,
  "validation_aux-sec--average_F1": 0.0,
  "validation_aux-worth--False_P": 0.0,
  "validation_aux-worth--False_R": 0.0,
  "validation_aux-worth--False_F1": 0.0,
  "validation_aux-worth--True_P": 0.0,
  "validation_aux-worth--True_R": 0.0,
  "validation_aux-worth--True_F1": 0.0,
  "validation_aux-worth--average_F1": 0.0,
  "validation_loss": 0.8682860380102848,
  "best_epoch": 0,
  "best_validation_background_P": 0.8766355140186916,
  "best_validation_background_R": 0.8717472118959108,
  "best_validation_background_F1": 0.8741845293568931,
  "best_validation_method_P": 0.8178137651821862,
  "best_validation_method_R": 0.792156862745098,
  "best_validation_method_F1": 0.804780876493974,
  "best_validation_result_P": 0.746268656716418,
  "best_validation_result_R": 0.8130081300813008,
  "best_validation_result_F1": 0.7782101167314677,
  "best_validation_average_F1": 0.8190585075274449,
  "best_validation_aux-sec--introduction_P": 0.0,
  "best_validation_aux-sec--introduction_R": 0.0,
  "best_validation_aux-sec--introduction_F1": 0.0,
  "best_validation_aux-sec--conclusion_P": 0.0,
  "best_validation_aux-sec--conclusion_R": 0.0,
  "best_validation_aux-sec--conclusion_F1": 0.0,
  "best_validation_aux-sec--experiments_P": 0.0,
  "best_validation_aux-sec--experiments_R": 0.0,
  "best_validation_aux-sec--experiments_F1": 0.0,
  "best_validation_aux-sec--method_P": 0.0,
  "best_validation_aux-sec--method_R": 0.0,
  "best_validation_aux-sec--method_F1": 0.0,
  "best_validation_aux-sec--related work_P": 0.0,
  "best_validation_aux-sec--related work_R": 0.0,
  "best_validation_aux-sec--related work_F1": 0.0,
  "best_validation_aux-sec--average_F1": 0.0,
  "best_validation_aux-worth--False_P": 0.0,
  "best_validation_aux-worth--False_R": 0.0,
  "best_validation_aux-worth--False_F1": 0.0,
  "best_validation_aux-worth--True_P": 0.0,
  "best_validation_aux-worth--True_R": 0.0,
  "best_validation_aux-worth--True_F1": 0.0,
  "best_validation_aux-worth--average_F1": 0.0,
  "best_validation_loss": 0.4643541194241622
}