{
  "training_duration": "01:12:04",
  "training_start_epoch": 0,
  "training_epochs": 6,
  "epoch": 6,
  "training_background_P": 0.9951973272081854,
  "training_background_R": 0.9957286782116161,
  "training_background_F1": 0.9954629318046821,
  "training_method_P": 0.9925482174167154,
  "training_method_R": 0.9917753552657192,
  "training_method_F1": 0.9921616358324719,
  "training_result_P": 0.9935084694188051,
  "training_result_R": 0.9928035678086358,
  "training_result_F1": 0.9931558935360717,
  "training_average_F1": 0.9935934870577419,
  "training_aux-sec--introduction_P": 0.49928325688073394,
  "training_aux-sec--introduction_R": 0.735689643033162,
  "training_aux-sec--introduction_F1": 0.5948592411260228,
  "training_aux-sec--conclusion_P": 0.5115079365079365,
  "training_aux-sec--conclusion_R": 0.42406895644163706,
  "training_aux-sec--conclusion_F1": 0.46370242463481615,
  "training_aux-sec--experiments_P": 0.4402133649429545,
  "training_aux-sec--experiments_R": 0.24659694555112882,
  "training_aux-sec--experiments_F1": 0.31611427355424454,
  "training_aux-sec--method_P": 0.39604360113039966,
  "training_aux-sec--method_R": 0.24869021463579516,
  "training_aux-sec--method_F1": 0.3055281598753743,
  "training_aux-sec--related work_P": 0.46245874587458746,
  "training_aux-sec--related work_R": 0.3737912637545849,
  "training_aux-sec--related work_F1": 0.41342430389078594,
  "training_aux-sec--average_F1": 0.41872568061624876,
  "training_aux-worth--False_P": 0.9275820423742712,
  "training_aux-worth--False_R": 0.9882450120726903,
  "training_aux-worth--False_F1": 0.9569531075748803,
  "training_aux-worth--True_P": 0.8846453624318005,
  "training_aux-worth--True_R": 0.5388340296240031,
  "training_aux-worth--True_F1": 0.6697350563521097,
  "training_aux-worth--average_F1": 0.813344081963495,
  "training_loss": 0.09029947762800446,
  "validation_background_P": 0.8611599297012302,
  "validation_background_R": 0.9107806691449815,
  "validation_background_F1": 0.885275519421811,
  "validation_method_P": 0.8648648648648649,
  "validation_method_R": 0.7529411764705882,
  "validation_method_F1": 0.8050314465408308,
  "validation_result_P": 0.784,
  "validation_result_R": 0.7967479674796748,
  "validation_result_F1": 0.7903225806451115,
  "validation_average_F1": 0.8268765155359178,
  "validation_aux-sec--introduction_P": 0.0,
  "validation_aux-sec--introduction_R": 0.0,
  "validation_aux-sec--introduction_F1": 0.0,
  "validation_aux-sec--conclusion_P": 0.0,
  "validation_aux-sec--conclusion_R": 0.0,
  "validation_aux-sec--conclusion_F1": 0.0,
  "validation_aux-sec--experiments_P": 0.0,
  "validation_aux-sec--experiments_R": 0.0,
  "validation_aux-sec--experiments_F1": 0.0,
  "validation_aux-sec--method_P": 0.0,
  "validation_aux-sec--method_R": 0.0,
  "validation_aux-sec--method_F1": 0.0,
  "validation_aux-sec--related work_P": 0.0,
  "validation_aux-sec--related work_R": 0.0,
  "validation_aux-sec--related work_F1": 0.0,
  "validation_aux-sec--average_F1": 0.0,
  "validation_aux-worth--False_P": 0.0,
  "validation_aux-worth--False_R": 0.0,
  "validation_aux-worth--False_F1": 0.0,
  "validation_aux-worth--True_P": 0.0,
  "validation_aux-worth--True_R": 0.0,
  "validation_aux-worth--True_F1": 0.0,
  "validation_aux-worth--average_F1": 0.0,
  "validation_loss": 1.270006903800471,
  "best_epoch": 6,
  "best_validation_background_P": 0.8611599297012302,
  "best_validation_background_R": 0.9107806691449815,
  "best_validation_background_F1": 0.885275519421811,
  "best_validation_method_P": 0.8648648648648649,
  "best_validation_method_R": 0.7529411764705882,
  "best_validation_method_F1": 0.8050314465408308,
  "best_validation_result_P": 0.784,
  "best_validation_result_R": 0.7967479674796748,
  "best_validation_result_F1": 0.7903225806451115,
  "best_validation_average_F1": 0.8268765155359178,
  "best_validation_aux-sec--introduction_P": 0.0,
  "best_validation_aux-sec--introduction_R": 0.0,
  "best_validation_aux-sec--introduction_F1": 0.0,
  "best_validation_aux-sec--conclusion_P": 0.0,
  "best_validation_aux-sec--conclusion_R": 0.0,
  "best_validation_aux-sec--conclusion_F1": 0.0,
  "best_validation_aux-sec--experiments_P": 0.0,
  "best_validation_aux-sec--experiments_R": 0.0,
  "best_validation_aux-sec--experiments_F1": 0.0,
  "best_validation_aux-sec--method_P": 0.0,
  "best_validation_aux-sec--method_R": 0.0,
  "best_validation_aux-sec--method_F1": 0.0,
  "best_validation_aux-sec--related work_P": 0.0,
  "best_validation_aux-sec--related work_R": 0.0,
  "best_validation_aux-sec--related work_F1": 0.0,
  "best_validation_aux-sec--average_F1": 0.0,
  "best_validation_aux-worth--False_P": 0.0,
  "best_validation_aux-worth--False_R": 0.0,
  "best_validation_aux-worth--False_F1": 0.0,
  "best_validation_aux-worth--True_P": 0.0,
  "best_validation_aux-worth--True_R": 0.0,
  "best_validation_aux-worth--True_F1": 0.0,
  "best_validation_aux-worth--average_F1": 0.0,
  "best_validation_loss": 1.270006903800471
}