{
  "training_duration": "00:40:25",
  "training_start_epoch": 0,
  "training_epochs": 3,
  "epoch": 3,
  "training_background_P": 0.9861111111111112,
  "training_background_R": 0.9881239562070885,
  "training_background_F1": 0.9871165075539402,
  "training_method_P": 0.9802883200941453,
  "training_method_R": 0.9766964678294006,
  "training_method_F1": 0.978489097716711,
  "training_result_P": 0.980400080824409,
  "training_result_R": 0.979114115629099,
  "training_result_F1": 0.9797566762582164,
  "training_average_F1": 0.9817874271762892,
  "training_aux-sec--introduction_P": 0.4802624137541002,
  "training_aux-sec--introduction_R": 0.7473773146518341,
  "training_aux-sec--introduction_F1": 0.5847598848658818,
  "training_aux-sec--conclusion_P": 0.4906896551724138,
  "training_aux-sec--conclusion_R": 0.37452296354783526,
  "training_aux-sec--conclusion_F1": 0.42480782147916574,
  "training_aux-sec--experiments_P": 0.4195205479452055,
  "training_aux-sec--experiments_R": 0.22368857901726427,
  "training_aux-sec--experiments_F1": 0.2917929839757017,
  "training_aux-sec--method_P": 0.37241178186060075,
  "training_aux-sec--method_R": 0.21581882710833192,
  "training_aux-sec--method_F1": 0.2732719880162172,
  "training_aux-sec--related work_P": 0.42733682055947236,
  "training_aux-sec--related work_R": 0.31327109036345446,
  "training_aux-sec--related work_F1": 0.3615199615199126,
  "training_aux-sec--average_F1": 0.3872305279713758,
  "training_aux-worth--False_P": 0.9204117908458006,
  "training_aux-worth--False_R": 0.9870536281611386,
  "training_aux-worth--False_F1": 0.9525685640262567,
  "training_aux-worth--True_P": 0.8635754938064948,
  "training_aux-worth--True_R": 0.48984048613748576,
  "training_aux-worth--True_F1": 0.6251060220525407,
  "training_aux-worth--average_F1": 0.7888372930393988,
  "training_loss": 0.12323622470401295,
  "validation_background_P": 0.8477157360406091,
  "validation_background_R": 0.9312267657992565,
  "validation_background_F1": 0.8875110717448572,
  "validation_method_P": 0.8714285714285714,
  "validation_method_R": 0.7176470588235294,
  "validation_method_F1": 0.7870967741934989,
  "validation_result_P": 0.8260869565217391,
  "validation_result_R": 0.7723577235772358,
  "validation_result_F1": 0.7983193277310426,
  "validation_average_F1": 0.8243090578897996,
  "validation_aux-sec--introduction_P": 0.0,
  "validation_aux-sec--introduction_R": 0.0,
  "validation_aux-sec--introduction_F1": 0.0,
  "validation_aux-sec--conclusion_P": 0.0,
  "validation_aux-sec--conclusion_R": 0.0,
  "validation_aux-sec--conclusion_F1": 0.0,
  "validation_aux-sec--experiments_P": 0.0,
  "validation_aux-sec--experiments_R": 0.0,
  "validation_aux-sec--experiments_F1": 0.0,
  "validation_aux-sec--method_P": 0.0,
  "validation_aux-sec--method_R": 0.0,
  "validation_aux-sec--method_F1": 0.0,
  "validation_aux-sec--related work_P": 0.0,
  "validation_aux-sec--related work_R": 0.0,
  "validation_aux-sec--related work_F1": 0.0,
  "validation_aux-sec--average_F1": 0.0,
  "validation_aux-worth--False_P": 0.0,
  "validation_aux-worth--False_R": 0.0,
  "validation_aux-worth--False_F1": 0.0,
  "validation_aux-worth--True_P": 0.0,
  "validation_aux-worth--True_R": 0.0,
  "validation_aux-worth--True_F1": 0.0,
  "validation_aux-worth--average_F1": 0.0,
  "validation_loss": 1.058739368129393,
  "best_epoch": 3,
  "best_validation_background_P": 0.8477157360406091,
  "best_validation_background_R": 0.9312267657992565,
  "best_validation_background_F1": 0.8875110717448572,
  "best_validation_method_P": 0.8714285714285714,
  "best_validation_method_R": 0.7176470588235294,
  "best_validation_method_F1": 0.7870967741934989,
  "best_validation_result_P": 0.8260869565217391,
  "best_validation_result_R": 0.7723577235772358,
  "best_validation_result_F1": 0.7983193277310426,
  "best_validation_average_F1": 0.8243090578897996,
  "best_validation_aux-sec--introduction_P": 0.0,
  "best_validation_aux-sec--introduction_R": 0.0,
  "best_validation_aux-sec--introduction_F1": 0.0,
  "best_validation_aux-sec--conclusion_P": 0.0,
  "best_validation_aux-sec--conclusion_R": 0.0,
  "best_validation_aux-sec--conclusion_F1": 0.0,
  "best_validation_aux-sec--experiments_P": 0.0,
  "best_validation_aux-sec--experiments_R": 0.0,
  "best_validation_aux-sec--experiments_F1": 0.0,
  "best_validation_aux-sec--method_P": 0.0,
  "best_validation_aux-sec--method_R": 0.0,
  "best_validation_aux-sec--method_F1": 0.0,
  "best_validation_aux-sec--related work_P": 0.0,
  "best_validation_aux-sec--related work_R": 0.0,
  "best_validation_aux-sec--related work_F1": 0.0,
  "best_validation_aux-sec--average_F1": 0.0,
  "best_validation_aux-worth--False_P": 0.0,
  "best_validation_aux-worth--False_R": 0.0,
  "best_validation_aux-worth--False_F1": 0.0,
  "best_validation_aux-worth--True_P": 0.0,
  "best_validation_aux-worth--True_R": 0.0,
  "best_validation_aux-worth--True_F1": 0.0,
  "best_validation_aux-worth--average_F1": 0.0,
  "best_validation_loss": 1.058739368129393
}