{
  "training_duration": "00:33:39",
  "training_start_epoch": 7,
  "training_epochs": 2,
  "epoch": 9,
  "training_background_P": 0.9978861297591117,
  "training_background_R": 0.9979093105370749,
  "training_background_F1": 0.9978977200134233,
  "training_method_P": 0.9962615914939069,
  "training_method_R": 0.9964067204040011,
  "training_method_F1": 0.99633415066393,
  "training_result_P": 0.9969530773918343,
  "training_result_R": 0.9965482233502538,
  "training_result_F1": 0.9967506092607136,
  "training_average_F1": 0.9969941599793556,
  "training_aux-sec--introduction_P": 0.5212261797864911,
  "training_aux-sec--introduction_R": 0.7356544392029852,
  "training_aux-sec--introduction_F1": 0.6101492014364898,
  "training_aux-sec--conclusion_P": 0.5251375305623472,
  "training_aux-sec--conclusion_R": 0.4522305566521911,
  "training_aux-sec--conclusion_F1": 0.4859647882344126,
  "training_aux-sec--experiments_P": 0.45483250961010435,
  "training_aux-sec--experiments_R": 0.27498339973439573,
  "training_aux-sec--experiments_F1": 0.34274777570862264,
  "training_aux-sec--method_P": 0.4092703425442506,
  "training_aux-sec--method_R": 0.2715903329389894,
  "training_aux-sec--method_F1": 0.32650987961594224,
  "training_aux-sec--related work_P": 0.5070640603832011,
  "training_aux-sec--related work_R": 0.436812270756919,
  "training_aux-sec--related work_F1": 0.46932377966855754,
  "training_aux-sec--average_F1": 0.44693908493280493,
  "training_aux-worth--False_P": 0.9314136125654451,
  "training_aux-worth--False_R": 0.9890869233701868,
  "training_aux-worth--False_F1": 0.9593842930000579,
  "training_aux-worth--True_P": 0.8964425685860717,
  "training_aux-worth--True_R": 0.5646600835548804,
  "training_aux-worth--True_F1": 0.6928812769427464,
  "training_aux-worth--average_F1": 0.8261327849714022,
  "training_loss": 0.07996715592608848,
  "validation_background_P": 0.863063063063063,
  "validation_background_R": 0.8903345724907064,
  "validation_background_F1": 0.8764867337602428,
  "validation_method_P": 0.8140495867768595,
  "validation_method_R": 0.7725490196078432,
  "validation_method_F1": 0.7927565392353625,
  "validation_result_P": 0.7899159663865546,
  "validation_result_R": 0.7642276422764228,
  "validation_result_F1": 0.7768595041321814,
  "validation_average_F1": 0.8153675923759289,
  "validation_aux-sec--introduction_P": 0.0,
  "validation_aux-sec--introduction_R": 0.0,
  "validation_aux-sec--introduction_F1": 0.0,
  "validation_aux-sec--conclusion_P": 0.0,
  "validation_aux-sec--conclusion_R": 0.0,
  "validation_aux-sec--conclusion_F1": 0.0,
  "validation_aux-sec--experiments_P": 0.0,
  "validation_aux-sec--experiments_R": 0.0,
  "validation_aux-sec--experiments_F1": 0.0,
  "validation_aux-sec--method_P": 0.0,
  "validation_aux-sec--method_R": 0.0,
  "validation_aux-sec--method_F1": 0.0,
  "validation_aux-sec--related work_P": 0.0,
  "validation_aux-sec--related work_R": 0.0,
  "validation_aux-sec--related work_F1": 0.0,
  "validation_aux-sec--average_F1": 0.0,
  "validation_aux-worth--False_P": 0.0,
  "validation_aux-worth--False_R": 0.0,
  "validation_aux-worth--False_F1": 0.0,
  "validation_aux-worth--True_P": 0.0,
  "validation_aux-worth--True_R": 0.0,
  "validation_aux-worth--True_F1": 0.0,
  "validation_aux-worth--average_F1": 0.0,
  "validation_loss": 1.4652462940791557,
  "best_epoch": 7,
  "best_validation_background_P": 0.8716094032549728,
  "best_validation_background_R": 0.895910780669145,
  "best_validation_background_F1": 0.8835930339137905,
  "best_validation_method_P": 0.8244897959183674,
  "best_validation_method_R": 0.792156862745098,
  "best_validation_method_F1": 0.80799999999995,
  "best_validation_result_P": 0.8135593220338984,
  "best_validation_result_R": 0.7804878048780488,
  "best_validation_result_F1": 0.7966804979252614,
  "best_validation_average_F1": 0.8294245106130006,
  "best_validation_aux-sec--introduction_P": 0.0,
  "best_validation_aux-sec--introduction_R": 0.0,
  "best_validation_aux-sec--introduction_F1": 0.0,
  "best_validation_aux-sec--conclusion_P": 0.0,
  "best_validation_aux-sec--conclusion_R": 0.0,
  "best_validation_aux-sec--conclusion_F1": 0.0,
  "best_validation_aux-sec--experiments_P": 0.0,
  "best_validation_aux-sec--experiments_R": 0.0,
  "best_validation_aux-sec--experiments_F1": 0.0,
  "best_validation_aux-sec--method_P": 0.0,
  "best_validation_aux-sec--method_R": 0.0,
  "best_validation_aux-sec--method_F1": 0.0,
  "best_validation_aux-sec--related work_P": 0.0,
  "best_validation_aux-sec--related work_R": 0.0,
  "best_validation_aux-sec--related work_F1": 0.0,
  "best_validation_aux-sec--average_F1": 0.0,
  "best_validation_aux-worth--False_P": 0.0,
  "best_validation_aux-worth--False_R": 0.0,
  "best_validation_aux-worth--False_F1": 0.0,
  "best_validation_aux-worth--True_P": 0.0,
  "best_validation_aux-worth--True_R": 0.0,
  "best_validation_aux-worth--True_F1": 0.0,
  "best_validation_aux-worth--average_F1": 0.0,
  "best_validation_loss": 1.4188410526719586
}