{
  "training_duration": "00:50:15",
  "training_start_epoch": 0,
  "training_epochs": 4,
  "epoch": 4,
  "training_background_P": 0.9916832692396794,
  "training_background_R": 0.9923959661527761,
  "training_background_F1": 0.992039489693001,
  "training_method_P": 0.9872346669275164,
  "training_method_R": 0.9860290166577109,
  "training_method_F1": 0.9866314734706345,
  "training_result_P": 0.9883603238866396,
  "training_result_R": 0.9877604693505968,
  "training_result_F1": 0.9880603055751802,
  "training_average_F1": 0.9889104229129386,
  "training_aux-sec--introduction_P": 0.48849454882857807,
  "training_aux-sec--introduction_R": 0.7413574596916145,
  "training_aux-sec--introduction_F1": 0.5889311482744641,
  "training_aux-sec--conclusion_P": 0.5005788951372808,
  "training_aux-sec--conclusion_R": 0.39827608895907357,
  "training_aux-sec--conclusion_F1": 0.44360571637957685,
  "training_aux-sec--experiments_P": 0.4332420924574209,
  "training_aux-sec--experiments_R": 0.23647078353253653,
  "training_aux-sec--experiments_F1": 0.30594931271473097,
  "training_aux-sec--method_P": 0.3804974005901363,
  "training_aux-sec--method_R": 0.22883217846881865,
  "training_aux-sec--method_F1": 0.28578966809134665,
  "training_aux-sec--related work_P": 0.44170843320984965,
  "training_aux-sec--related work_R": 0.337945981993998,
  "training_aux-sec--related work_F1": 0.3829224520638028,
  "training_aux-sec--average_F1": 0.40143965950478433,
  "training_aux-worth--False_P": 0.9242728259092463,
  "training_aux-worth--False_R": 0.9878319989833524,
  "training_aux-worth--False_F1": 0.9549960455490812,
  "training_aux-worth--True_P": 0.8765113654683218,
  "training_aux-worth--True_R": 0.5162362324344854,
  "training_aux-worth--True_F1": 0.6497759187331472,
  "training_aux-worth--average_F1": 0.8023859821411142,
  "training_loss": 0.10433439452900127,
  "validation_background_P": 0.8711433756805808,
  "validation_background_R": 0.8921933085501859,
  "validation_background_F1": 0.881542699724468,
  "validation_method_P": 0.8223140495867769,
  "validation_method_R": 0.7803921568627451,
  "validation_method_F1": 0.8008048289737932,
  "validation_result_P": 0.7886178861788617,
  "validation_result_R": 0.7886178861788617,
  "validation_result_F1": 0.7886178861788118,
  "validation_average_F1": 0.8236551382923576,
  "validation_aux-sec--introduction_P": 0.0,
  "validation_aux-sec--introduction_R": 0.0,
  "validation_aux-sec--introduction_F1": 0.0,
  "validation_aux-sec--conclusion_P": 0.0,
  "validation_aux-sec--conclusion_R": 0.0,
  "validation_aux-sec--conclusion_F1": 0.0,
  "validation_aux-sec--experiments_P": 0.0,
  "validation_aux-sec--experiments_R": 0.0,
  "validation_aux-sec--experiments_F1": 0.0,
  "validation_aux-sec--method_P": 0.0,
  "validation_aux-sec--method_R": 0.0,
  "validation_aux-sec--method_F1": 0.0,
  "validation_aux-sec--related work_P": 0.0,
  "validation_aux-sec--related work_R": 0.0,
  "validation_aux-sec--related work_F1": 0.0,
  "validation_aux-sec--average_F1": 0.0,
  "validation_aux-worth--False_P": 0.0,
  "validation_aux-worth--False_R": 0.0,
  "validation_aux-worth--False_F1": 0.0,
  "validation_aux-worth--True_P": 0.0,
  "validation_aux-worth--True_R": 0.0,
  "validation_aux-worth--True_F1": 0.0,
  "validation_aux-worth--average_F1": 0.0,
  "validation_loss": 1.1265299380275196,
  "best_epoch": 3,
  "best_validation_background_P": 0.8477157360406091,
  "best_validation_background_R": 0.9312267657992565,
  "best_validation_background_F1": 0.8875110717448572,
  "best_validation_method_P": 0.8714285714285714,
  "best_validation_method_R": 0.7176470588235294,
  "best_validation_method_F1": 0.7870967741934989,
  "best_validation_result_P": 0.8260869565217391,
  "best_validation_result_R": 0.7723577235772358,
  "best_validation_result_F1": 0.7983193277310426,
  "best_validation_average_F1": 0.8243090578897996,
  "best_validation_aux-sec--introduction_P": 0.0,
  "best_validation_aux-sec--introduction_R": 0.0,
  "best_validation_aux-sec--introduction_F1": 0.0,
  "best_validation_aux-sec--conclusion_P": 0.0,
  "best_validation_aux-sec--conclusion_R": 0.0,
  "best_validation_aux-sec--conclusion_F1": 0.0,
  "best_validation_aux-sec--experiments_P": 0.0,
  "best_validation_aux-sec--experiments_R": 0.0,
  "best_validation_aux-sec--experiments_F1": 0.0,
  "best_validation_aux-sec--method_P": 0.0,
  "best_validation_aux-sec--method_R": 0.0,
  "best_validation_aux-sec--method_F1": 0.0,
  "best_validation_aux-sec--related work_P": 0.0,
  "best_validation_aux-sec--related work_R": 0.0,
  "best_validation_aux-sec--related work_F1": 0.0,
  "best_validation_aux-sec--average_F1": 0.0,
  "best_validation_aux-worth--False_P": 0.0,
  "best_validation_aux-worth--False_R": 0.0,
  "best_validation_aux-worth--False_F1": 0.0,
  "best_validation_aux-worth--True_P": 0.0,
  "best_validation_aux-worth--True_R": 0.0,
  "best_validation_aux-worth--True_F1": 0.0,
  "best_validation_aux-worth--average_F1": 0.0,
  "best_validation_loss": 1.058739368129393
}