{
  "training_duration": "00:10:32",
  "training_start_epoch": 0,
  "training_epochs": 0,
  "epoch": 0,
  "training_background_P": 0.8825170766552078,
  "training_background_R": 0.915925308127143,
  "training_background_F1": 0.8989108933402561,
  "training_method_P": 0.8411716171617162,
  "training_method_R": 0.7961733697774307,
  "training_method_F1": 0.8180541624874125,
  "training_result_P": 0.8584175446140615,
  "training_result_R": 0.8114837398373984,
  "training_result_F1": 0.8342910876605916,
  "training_average_F1": 0.8504187144960866,
  "training_aux-sec--introduction_P": 0.441361550525684,
  "training_aux-sec--introduction_R": 0.802471308878406,
  "training_aux-sec--introduction_F1": 0.5694977077685576,
  "training_aux-sec--conclusion_P": 0.47554676338059126,
  "training_aux-sec--conclusion_R": 0.2847085142781945,
  "training_aux-sec--conclusion_F1": 0.3561756595463992,
  "training_aux-sec--experiments_P": 0.35894960417068933,
  "training_aux-sec--experiments_R": 0.15429946879150067,
  "training_aux-sec--experiments_F1": 0.21582399721363413,
  "training_aux-sec--method_P": 0.3101277894335304,
  "training_aux-sec--method_R": 0.1374007098191651,
  "training_aux-sec--method_F1": 0.19043157463250412,
  "training_aux-sec--related work_P": 0.3143350604490501,
  "training_aux-sec--related work_R": 0.12137379126375458,
  "training_aux-sec--related work_F1": 0.17512629299971927,
  "training_aux-sec--average_F1": 0.3014110464321628,
  "training_aux-worth--False_P": 0.8922240128928284,
  "training_aux-worth--False_R": 0.9849726775956285,
  "training_aux-worth--False_F1": 0.9363070790045407,
  "training_aux-worth--True_P": 0.7627883650952858,
  "training_aux-worth--True_R": 0.28883402962400306,
  "training_aux-worth--True_F1": 0.4190082644627701,
  "training_aux-worth--average_F1": 0.6776576717336554,
  "training_loss": 0.43159739988092555,
  "validation_background_P": 0.8766355140186916,
  "validation_background_R": 0.8717472118959108,
  "validation_background_F1": 0.8741845293568931,
  "validation_method_P": 0.8178137651821862,
  "validation_method_R": 0.792156862745098,
  "validation_method_F1": 0.804780876493974,
  "validation_result_P": 0.746268656716418,
  "validation_result_R": 0.8130081300813008,
  "validation_result_F1": 0.7782101167314677,
  "validation_average_F1": 0.8190585075274449,
  "validation_aux-sec--introduction_P": 0.0,
  "validation_aux-sec--introduction_R": 0.0,
  "validation_aux-sec--introduction_F1": 0.0,
  "validation_aux-sec--conclusion_P": 0.0,
  "validation_aux-sec--conclusion_R": 0.0,
  "validation_aux-sec--conclusion_F1": 0.0,
  "validation_aux-sec--experiments_P": 0.0,
  "validation_aux-sec--experiments_R": 0.0,
  "validation_aux-sec--experiments_F1": 0.0,
  "validation_aux-sec--method_P": 0.0,
  "validation_aux-sec--method_R": 0.0,
  "validation_aux-sec--method_F1": 0.0,
  "validation_aux-sec--related work_P": 0.0,
  "validation_aux-sec--related work_R": 0.0,
  "validation_aux-sec--related work_F1": 0.0,
  "validation_aux-sec--average_F1": 0.0,
  "validation_aux-worth--False_P": 0.0,
  "validation_aux-worth--False_R": 0.0,
  "validation_aux-worth--False_F1": 0.0,
  "validation_aux-worth--True_P": 0.0,
  "validation_aux-worth--True_R": 0.0,
  "validation_aux-worth--True_F1": 0.0,
  "validation_aux-worth--average_F1": 0.0,
  "validation_loss": 0.4643541194241622,
  "best_epoch": 0,
  "best_validation_background_P": 0.8766355140186916,
  "best_validation_background_R": 0.8717472118959108,
  "best_validation_background_F1": 0.8741845293568931,
  "best_validation_method_P": 0.8178137651821862,
  "best_validation_method_R": 0.792156862745098,
  "best_validation_method_F1": 0.804780876493974,
  "best_validation_result_P": 0.746268656716418,
  "best_validation_result_R": 0.8130081300813008,
  "best_validation_result_F1": 0.7782101167314677,
  "best_validation_average_F1": 0.8190585075274449,
  "best_validation_aux-sec--introduction_P": 0.0,
  "best_validation_aux-sec--introduction_R": 0.0,
  "best_validation_aux-sec--introduction_F1": 0.0,
  "best_validation_aux-sec--conclusion_P": 0.0,
  "best_validation_aux-sec--conclusion_R": 0.0,
  "best_validation_aux-sec--conclusion_F1": 0.0,
  "best_validation_aux-sec--experiments_P": 0.0,
  "best_validation_aux-sec--experiments_R": 0.0,
  "best_validation_aux-sec--experiments_F1": 0.0,
  "best_validation_aux-sec--method_P": 0.0,
  "best_validation_aux-sec--method_R": 0.0,
  "best_validation_aux-sec--method_F1": 0.0,
  "best_validation_aux-sec--related work_P": 0.0,
  "best_validation_aux-sec--related work_R": 0.0,
  "best_validation_aux-sec--related work_F1": 0.0,
  "best_validation_aux-sec--average_F1": 0.0,
  "best_validation_aux-worth--False_P": 0.0,
  "best_validation_aux-worth--False_R": 0.0,
  "best_validation_aux-worth--False_F1": 0.0,
  "best_validation_aux-worth--True_P": 0.0,
  "best_validation_aux-worth--True_R": 0.0,
  "best_validation_aux-worth--True_F1": 0.0,
  "best_validation_aux-worth--average_F1": 0.0,
  "best_validation_loss": 0.4643541194241622
}