{
  "training_duration": "01:01:02",
  "training_start_epoch": 0,
  "training_epochs": 5,
  "epoch": 5,
  "training_background_P": 0.9944784706755754,
  "training_background_R": 0.9944092606769203,
  "training_background_F1": 0.9944438644720013,
  "training_method_P": 0.9912225093870386,
  "training_method_R": 0.990787677909924,
  "training_method_F1": 0.991005045949783,
  "training_result_P": 0.9897783625139156,
  "training_result_R": 0.990981862397406,
  "training_result_F1": 0.9903797468353931,
  "training_average_F1": 0.9919428857523925,
  "training_aux-sec--introduction_P": 0.4919869920220855,
  "training_aux-sec--introduction_R": 0.7403013447863127,
  "training_aux-sec--introduction_F1": 0.5911256658561131,
  "training_aux-sec--conclusion_P": 0.508214315198547,
  "training_aux-sec--conclusion_R": 0.4050532964863798,
  "training_aux-sec--conclusion_F1": 0.45080736699493434,
  "training_aux-sec--experiments_P": 0.4397664413030117,
  "training_aux-sec--experiments_R": 0.23754980079681276,
  "training_aux-sec--experiments_F1": 0.30847165337352633,
  "training_aux-sec--method_P": 0.3921754433464194,
  "training_aux-sec--method_R": 0.24480310968396146,
  "training_aux-sec--method_F1": 0.30144113209505696,
  "training_aux-sec--related work_P": 0.45066553982674834,
  "training_aux-sec--related work_R": 0.3556185395131711,
  "training_aux-sec--related work_F1": 0.3975398378529001,
  "training_aux-sec--average_F1": 0.4098771312345062,
  "training_aux-worth--False_P": 0.9261035324953834,
  "training_aux-worth--False_R": 0.9878319989833524,
  "training_aux-worth--False_F1": 0.9559723289776596,
  "training_aux-worth--True_P": 0.8791035353535354,
  "training_aux-worth--True_R": 0.5288644132168628,
  "training_aux-worth--True_F1": 0.6604221010196354,
  "training_aux-worth--average_F1": 0.8081972149986475,
  "training_loss": 0.0967195127362083,
  "validation_background_P": 0.8849056603773585,
  "validation_background_R": 0.8717472118959108,
  "validation_background_F1": 0.8782771535580025,
  "validation_method_P": 0.7781954887218046,
  "validation_method_R": 0.8117647058823529,
  "validation_method_F1": 0.7946257197696238,
  "validation_result_P": 0.7916666666666666,
  "validation_result_R": 0.7723577235772358,
  "validation_result_F1": 0.7818930041151764,
  "validation_average_F1": 0.8182652924809343,
  "validation_aux-sec--introduction_P": 0.0,
  "validation_aux-sec--introduction_R": 0.0,
  "validation_aux-sec--introduction_F1": 0.0,
  "validation_aux-sec--conclusion_P": 0.0,
  "validation_aux-sec--conclusion_R": 0.0,
  "validation_aux-sec--conclusion_F1": 0.0,
  "validation_aux-sec--experiments_P": 0.0,
  "validation_aux-sec--experiments_R": 0.0,
  "validation_aux-sec--experiments_F1": 0.0,
  "validation_aux-sec--method_P": 0.0,
  "validation_aux-sec--method_R": 0.0,
  "validation_aux-sec--method_F1": 0.0,
  "validation_aux-sec--related work_P": 0.0,
  "validation_aux-sec--related work_R": 0.0,
  "validation_aux-sec--related work_F1": 0.0,
  "validation_aux-sec--average_F1": 0.0,
  "validation_aux-worth--False_P": 0.0,
  "validation_aux-worth--False_R": 0.0,
  "validation_aux-worth--False_F1": 0.0,
  "validation_aux-worth--True_P": 0.0,
  "validation_aux-worth--True_R": 0.0,
  "validation_aux-worth--True_F1": 0.0,
  "validation_aux-worth--average_F1": 0.0,
  "validation_loss": 1.0761748603705703,
  "best_epoch": 3,
  "best_validation_background_P": 0.8477157360406091,
  "best_validation_background_R": 0.9312267657992565,
  "best_validation_background_F1": 0.8875110717448572,
  "best_validation_method_P": 0.8714285714285714,
  "best_validation_method_R": 0.7176470588235294,
  "best_validation_method_F1": 0.7870967741934989,
  "best_validation_result_P": 0.8260869565217391,
  "best_validation_result_R": 0.7723577235772358,
  "best_validation_result_F1": 0.7983193277310426,
  "best_validation_average_F1": 0.8243090578897996,
  "best_validation_aux-sec--introduction_P": 0.0,
  "best_validation_aux-sec--introduction_R": 0.0,
  "best_validation_aux-sec--introduction_F1": 0.0,
  "best_validation_aux-sec--conclusion_P": 0.0,
  "best_validation_aux-sec--conclusion_R": 0.0,
  "best_validation_aux-sec--conclusion_F1": 0.0,
  "best_validation_aux-sec--experiments_P": 0.0,
  "best_validation_aux-sec--experiments_R": 0.0,
  "best_validation_aux-sec--experiments_F1": 0.0,
  "best_validation_aux-sec--method_P": 0.0,
  "best_validation_aux-sec--method_R": 0.0,
  "best_validation_aux-sec--method_F1": 0.0,
  "best_validation_aux-sec--related work_P": 0.0,
  "best_validation_aux-sec--related work_R": 0.0,
  "best_validation_aux-sec--related work_F1": 0.0,
  "best_validation_aux-sec--average_F1": 0.0,
  "best_validation_aux-worth--False_P": 0.0,
  "best_validation_aux-worth--False_R": 0.0,
  "best_validation_aux-worth--False_F1": 0.0,
  "best_validation_aux-worth--True_P": 0.0,
  "best_validation_aux-worth--True_R": 0.0,
  "best_validation_aux-worth--True_F1": 0.0,
  "best_validation_aux-worth--average_F1": 0.0,
  "best_validation_loss": 1.058739368129393
}