{
  "training_duration": "01:21:39",
  "training_start_epoch": 0,
  "training_epochs": 4,
  "epoch": 4,
  "training_background_P": 0.9926788453493237,
  "training_background_R": 0.9938568935427574,
  "training_background_F1": 0.9932675201450646,
  "training_method_P": 0.9899907681842476,
  "training_method_R": 0.987687236414756,
  "training_method_F1": 0.9888376607619012,
  "training_result_P": 0.9884486776775763,
  "training_result_R": 0.9881482982171799,
  "training_result_F1": 0.9882984651232973,
  "training_average_F1": 0.9901345486767544,
  "training_aux-sec--introduction_P": 0.48381836139375706,
  "training_aux-sec--introduction_R": 0.7415334788424981,
  "training_aux-sec--introduction_F1": 0.5855746910748311,
  "training_aux-sec--conclusion_P": 0.5049215000406736,
  "training_aux-sec--conclusion_R": 0.40840900118436635,
  "training_aux-sec--conclusion_F1": 0.4515659670437103,
  "training_aux-sec--experiments_P": 0.4273922347905839,
  "training_aux-sec--experiments_R": 0.23207171314741035,
  "training_aux-sec--experiments_F1": 0.3008068854222244,
  "training_aux-sec--method_P": 0.3793103448275862,
  "training_aux-sec--method_R": 0.21564982254520873,
  "training_aux-sec--method_F1": 0.27497036957219817,
  "training_aux-sec--related work_P": 0.4393248175182482,
  "training_aux-sec--related work_R": 0.3211070356785595,
  "training_aux-sec--related work_F1": 0.37102677711418736,
  "training_aux-sec--average_F1": 0.39678893804543025,
  "training_aux-worth--False_P": 0.9233005532565004,
  "training_aux-worth--False_R": 0.9888168763502351,
  "training_aux-worth--False_F1": 0.9549362971826058,
  "training_aux-worth--True_P": 0.883924154987634,
  "training_aux-worth--True_R": 0.5090201291302696,
  "training_aux-worth--True_F1": 0.6460203651261812,
  "training_aux-worth--average_F1": 0.8004783311543935,
  "training_loss": 0.09991366347192991,
  "validation_background_P": 0.8589065255731922,
  "validation_background_R": 0.9052044609665427,
  "validation_background_F1": 0.8814479638008551,
  "validation_method_P": 0.8260869565217391,
  "validation_method_R": 0.7450980392156863,
  "validation_method_F1": 0.7835051546391253,
  "validation_result_P": 0.8067226890756303,
  "validation_result_R": 0.7804878048780488,
  "validation_result_F1": 0.7933884297520162,
  "validation_average_F1": 0.8194471827306655,
  "validation_aux-sec--introduction_P": 0.0,
  "validation_aux-sec--introduction_R": 0.0,
  "validation_aux-sec--introduction_F1": 0.0,
  "validation_aux-sec--conclusion_P": 0.0,
  "validation_aux-sec--conclusion_R": 0.0,
  "validation_aux-sec--conclusion_F1": 0.0,
  "validation_aux-sec--experiments_P": 0.0,
  "validation_aux-sec--experiments_R": 0.0,
  "validation_aux-sec--experiments_F1": 0.0,
  "validation_aux-sec--method_P": 0.0,
  "validation_aux-sec--method_R": 0.0,
  "validation_aux-sec--method_F1": 0.0,
  "validation_aux-sec--related work_P": 0.0,
  "validation_aux-sec--related work_R": 0.0,
  "validation_aux-sec--related work_F1": 0.0,
  "validation_aux-sec--average_F1": 0.0,
  "validation_aux-worth--False_P": 0.0,
  "validation_aux-worth--False_R": 0.0,
  "validation_aux-worth--False_F1": 0.0,
  "validation_aux-worth--True_P": 0.0,
  "validation_aux-worth--True_R": 0.0,
  "validation_aux-worth--True_F1": 0.0,
  "validation_aux-worth--average_F1": 0.0,
  "validation_loss": 1.2815316236271335,
  "best_epoch": 4,
  "best_validation_background_P": 0.8589065255731922,
  "best_validation_background_R": 0.9052044609665427,
  "best_validation_background_F1": 0.8814479638008551,
  "best_validation_method_P": 0.8260869565217391,
  "best_validation_method_R": 0.7450980392156863,
  "best_validation_method_F1": 0.7835051546391253,
  "best_validation_result_P": 0.8067226890756303,
  "best_validation_result_R": 0.7804878048780488,
  "best_validation_result_F1": 0.7933884297520162,
  "best_validation_average_F1": 0.8194471827306655,
  "best_validation_aux-sec--introduction_P": 0.0,
  "best_validation_aux-sec--introduction_R": 0.0,
  "best_validation_aux-sec--introduction_F1": 0.0,
  "best_validation_aux-sec--conclusion_P": 0.0,
  "best_validation_aux-sec--conclusion_R": 0.0,
  "best_validation_aux-sec--conclusion_F1": 0.0,
  "best_validation_aux-sec--experiments_P": 0.0,
  "best_validation_aux-sec--experiments_R": 0.0,
  "best_validation_aux-sec--experiments_F1": 0.0,
  "best_validation_aux-sec--method_P": 0.0,
  "best_validation_aux-sec--method_R": 0.0,
  "best_validation_aux-sec--method_F1": 0.0,
  "best_validation_aux-sec--related work_P": 0.0,
  "best_validation_aux-sec--related work_R": 0.0,
  "best_validation_aux-sec--related work_F1": 0.0,
  "best_validation_aux-sec--average_F1": 0.0,
  "best_validation_aux-worth--False_P": 0.0,
  "best_validation_aux-worth--False_R": 0.0,
  "best_validation_aux-worth--False_F1": 0.0,
  "best_validation_aux-worth--True_P": 0.0,
  "best_validation_aux-worth--True_R": 0.0,
  "best_validation_aux-worth--True_F1": 0.0,
  "best_validation_aux-worth--average_F1": 0.0,
  "best_validation_loss": 1.2815316236271335
}