{
  "training_duration": "01:54:24",
  "training_start_epoch": 0,
  "training_epochs": 6,
  "epoch": 6,
  "training_background_P": 0.9959075477840301,
  "training_background_R": 0.9964868197575673,
  "training_background_F1": 0.9961970995615117,
  "training_method_P": 0.9942467089224768,
  "training_method_R": 0.9933749025720966,
  "training_method_F1": 0.993810614552316,
  "training_result_P": 0.9930722891566265,
  "training_result_R": 0.9923748369619745,
  "training_result_F1": 0.9927234405579868,
  "training_average_F1": 0.9942437182239381,
  "training_aux-sec--introduction_P": 0.49985671983952623,
  "training_aux-sec--introduction_R": 0.7368865732591706,
  "training_aux-sec--introduction_F1": 0.5956574940951683,
  "training_aux-sec--conclusion_P": 0.5139263945683203,
  "training_aux-sec--conclusion_R": 0.4382813528095802,
  "training_aux-sec--conclusion_F1": 0.47309918676084384,
  "training_aux-sec--experiments_P": 0.4508233199821985,
  "training_aux-sec--experiments_R": 0.2522410358565737,
  "training_aux-sec--experiments_F1": 0.32348714673474566,
  "training_aux-sec--method_P": 0.39552964042759964,
  "training_aux-sec--method_R": 0.24074700016900458,
  "training_aux-sec--method_F1": 0.2993118663654517,
  "training_aux-sec--related work_P": 0.47246438443546673,
  "training_aux-sec--related work_R": 0.37045681893964655,
  "training_aux-sec--related work_F1": 0.41528829081389335,
  "training_aux-sec--average_F1": 0.4213687969540206,
  "training_aux-worth--False_P": 0.9286971043449737,
  "training_aux-worth--False_R": 0.9893887406277799,
  "training_aux-worth--False_F1": 0.9580827270069799,
  "training_aux-worth--True_P": 0.8959177313804924,
  "training_aux-worth--True_R": 0.5459551842005317,
  "training_aux-worth--True_F1": 0.6784660766961181,
  "training_aux-worth--average_F1": 0.8182744018515491,
  "training_loss": 0.08672189178509362,
  "validation_background_P": 0.8645640074211502,
  "validation_background_R": 0.8661710037174721,
  "validation_background_F1": 0.8653667595171274,
  "validation_method_P": 0.8,
  "validation_method_R": 0.7843137254901961,
  "validation_method_F1": 0.792079207920742,
  "validation_result_P": 0.7401574803149606,
  "validation_result_R": 0.7642276422764228,
  "validation_result_F1": 0.7519999999999502,
  "validation_average_F1": 0.8031486558126065,
  "validation_aux-sec--introduction_P": 0.0,
  "validation_aux-sec--introduction_R": 0.0,
  "validation_aux-sec--introduction_F1": 0.0,
  "validation_aux-sec--conclusion_P": 0.0,
  "validation_aux-sec--conclusion_R": 0.0,
  "validation_aux-sec--conclusion_F1": 0.0,
  "validation_aux-sec--experiments_P": 0.0,
  "validation_aux-sec--experiments_R": 0.0,
  "validation_aux-sec--experiments_F1": 0.0,
  "validation_aux-sec--method_P": 0.0,
  "validation_aux-sec--method_R": 0.0,
  "validation_aux-sec--method_F1": 0.0,
  "validation_aux-sec--related work_P": 0.0,
  "validation_aux-sec--related work_R": 0.0,
  "validation_aux-sec--related work_F1": 0.0,
  "validation_aux-sec--average_F1": 0.0,
  "validation_aux-worth--False_P": 0.0,
  "validation_aux-worth--False_R": 0.0,
  "validation_aux-worth--False_F1": 0.0,
  "validation_aux-worth--True_P": 0.0,
  "validation_aux-worth--True_R": 0.0,
  "validation_aux-worth--True_F1": 0.0,
  "validation_aux-worth--average_F1": 0.0,
  "validation_loss": 1.5902700959255713,
  "best_epoch": 4,
  "best_validation_background_P": 0.8589065255731922,
  "best_validation_background_R": 0.9052044609665427,
  "best_validation_background_F1": 0.8814479638008551,
  "best_validation_method_P": 0.8260869565217391,
  "best_validation_method_R": 0.7450980392156863,
  "best_validation_method_F1": 0.7835051546391253,
  "best_validation_result_P": 0.8067226890756303,
  "best_validation_result_R": 0.7804878048780488,
  "best_validation_result_F1": 0.7933884297520162,
  "best_validation_average_F1": 0.8194471827306655,
  "best_validation_aux-sec--introduction_P": 0.0,
  "best_validation_aux-sec--introduction_R": 0.0,
  "best_validation_aux-sec--introduction_F1": 0.0,
  "best_validation_aux-sec--conclusion_P": 0.0,
  "best_validation_aux-sec--conclusion_R": 0.0,
  "best_validation_aux-sec--conclusion_F1": 0.0,
  "best_validation_aux-sec--experiments_P": 0.0,
  "best_validation_aux-sec--experiments_R": 0.0,
  "best_validation_aux-sec--experiments_F1": 0.0,
  "best_validation_aux-sec--method_P": 0.0,
  "best_validation_aux-sec--method_R": 0.0,
  "best_validation_aux-sec--method_F1": 0.0,
  "best_validation_aux-sec--related work_P": 0.0,
  "best_validation_aux-sec--related work_R": 0.0,
  "best_validation_aux-sec--related work_F1": 0.0,
  "best_validation_aux-sec--average_F1": 0.0,
  "best_validation_aux-worth--False_P": 0.0,
  "best_validation_aux-worth--False_R": 0.0,
  "best_validation_aux-worth--False_F1": 0.0,
  "best_validation_aux-worth--True_P": 0.0,
  "best_validation_aux-worth--True_R": 0.0,
  "best_validation_aux-worth--True_F1": 0.0,
  "best_validation_aux-worth--average_F1": 0.0,
  "best_validation_loss": 1.2815316236271335
}