{
  "training_duration": "00:49:06",
  "training_start_epoch": 0,
  "training_epochs": 2,
  "epoch": 2,
  "training_background_P": 0.9811246650032345,
  "training_background_R": 0.9848105375446408,
  "training_background_F1": 0.982964146008329,
  "training_method_P": 0.9731879787860931,
  "training_method_R": 0.9674868189806678,
  "training_method_F1": 0.9703290246768008,
  "training_result_P": 0.9771341463414634,
  "training_result_R": 0.9729811778992107,
  "training_result_F1": 0.9750532400364575,
  "training_average_F1": 0.9761154702405292,
  "training_aux-sec--introduction_P": 0.463827254951968,
  "training_aux-sec--introduction_R": 0.7682883897768077,
  "training_aux-sec--introduction_F1": 0.5784409870391006,
  "training_aux-sec--conclusion_P": 0.49080199365654736,
  "training_aux-sec--conclusion_R": 0.3563626792999079,
  "training_aux-sec--conclusion_F1": 0.4129150306864911,
  "training_aux-sec--experiments_P": 0.40888961784484174,
  "training_aux-sec--experiments_R": 0.20692231075697212,
  "training_aux-sec--experiments_F1": 0.27478644254611134,
  "training_aux-sec--method_P": 0.352148121517167,
  "training_aux-sec--method_R": 0.16553996957917863,
  "training_aux-sec--method_F1": 0.22521124331776993,
  "training_aux-sec--related work_P": 0.4037998394434038,
  "training_aux-sec--related work_R": 0.2515838612870957,
  "training_aux-sec--related work_F1": 0.3100154083204458,
  "training_aux-sec--average_F1": 0.3602738223819838,
  "training_aux-worth--False_P": 0.9143735836840401,
  "training_aux-worth--False_R": 0.9870853983987801,
  "training_aux-worth--False_F1": 0.9493392406996674,
  "training_aux-worth--True_P": 0.8528773072747015,
  "training_aux-worth--True_R": 0.4474933535890619,
  "training_aux-worth--True_F1": 0.5869971353841871,
  "training_aux-worth--average_F1": 0.7681681880419272,
  "training_loss": 0.13860440752701175,
  "validation_background_P": 0.8589981447124304,
  "validation_background_R": 0.8605947955390335,
  "validation_background_F1": 0.8597957288764589,
  "validation_method_P": 0.7452471482889734,
  "validation_method_R": 0.7686274509803922,
  "validation_method_F1": 0.7567567567567068,
  "validation_result_P": 0.7807017543859649,
  "validation_result_R": 0.7235772357723578,
  "validation_result_F1": 0.7510548523206253,
  "validation_average_F1": 0.7892024459845969,
  "validation_aux-sec--introduction_P": 0.0,
  "validation_aux-sec--introduction_R": 0.0,
  "validation_aux-sec--introduction_F1": 0.0,
  "validation_aux-sec--conclusion_P": 0.0,
  "validation_aux-sec--conclusion_R": 0.0,
  "validation_aux-sec--conclusion_F1": 0.0,
  "validation_aux-sec--experiments_P": 0.0,
  "validation_aux-sec--experiments_R": 0.0,
  "validation_aux-sec--experiments_F1": 0.0,
  "validation_aux-sec--method_P": 0.0,
  "validation_aux-sec--method_R": 0.0,
  "validation_aux-sec--method_F1": 0.0,
  "validation_aux-sec--related work_P": 0.0,
  "validation_aux-sec--related work_R": 0.0,
  "validation_aux-sec--related work_F1": 0.0,
  "validation_aux-sec--average_F1": 0.0,
  "validation_aux-worth--False_P": 0.0,
  "validation_aux-worth--False_R": 0.0,
  "validation_aux-worth--False_F1": 0.0,
  "validation_aux-worth--True_P": 0.0,
  "validation_aux-worth--True_R": 0.0,
  "validation_aux-worth--True_F1": 0.0,
  "validation_aux-worth--average_F1": 0.0,
  "validation_loss": 0.9728613283348687,
  "best_epoch": 0,
  "best_validation_background_P": 0.8487972508591065,
  "best_validation_background_R": 0.9182156133828996,
  "best_validation_background_F1": 0.8821428571428072,
  "best_validation_method_P": 0.8709677419354839,
  "best_validation_method_R": 0.7411764705882353,
  "best_validation_method_F1": 0.800847457627069,
  "best_validation_result_P": 0.7863247863247863,
  "best_validation_result_R": 0.7479674796747967,
  "best_validation_result_F1": 0.7666666666666166,
  "best_validation_average_F1": 0.8165523271454976,
  "best_validation_aux-sec--introduction_P": 0.0,
  "best_validation_aux-sec--introduction_R": 0.0,
  "best_validation_aux-sec--introduction_F1": 0.0,
  "best_validation_aux-sec--conclusion_P": 0.0,
  "best_validation_aux-sec--conclusion_R": 0.0,
  "best_validation_aux-sec--conclusion_F1": 0.0,
  "best_validation_aux-sec--experiments_P": 0.0,
  "best_validation_aux-sec--experiments_R": 0.0,
  "best_validation_aux-sec--experiments_F1": 0.0,
  "best_validation_aux-sec--method_P": 0.0,
  "best_validation_aux-sec--method_R": 0.0,
  "best_validation_aux-sec--method_F1": 0.0,
  "best_validation_aux-sec--related work_P": 0.0,
  "best_validation_aux-sec--related work_R": 0.0,
  "best_validation_aux-sec--related work_F1": 0.0,
  "best_validation_aux-sec--average_F1": 0.0,
  "best_validation_aux-worth--False_P": 0.0,
  "best_validation_aux-worth--False_R": 0.0,
  "best_validation_aux-worth--False_F1": 0.0,
  "best_validation_aux-worth--True_P": 0.0,
  "best_validation_aux-worth--True_R": 0.0,
  "best_validation_aux-worth--True_F1": 0.0,
  "best_validation_aux-worth--average_F1": 0.0,
  "best_validation_loss": 0.5387955712925258
}