{
  "training_duration": "00:32:54",
  "training_start_epoch": 0,
  "training_epochs": 1,
  "epoch": 1,
  "training_background_P": 0.9570060402838704,
  "training_background_R": 0.9681009246782213,
  "training_background_F1": 0.9625215111510999,
  "training_method_P": 0.9411764705882353,
  "training_method_R": 0.9224776003116478,
  "training_method_F1": 0.9317332284083703,
  "training_result_P": 0.9494856910072309,
  "training_result_R": 0.9407669021190717,
  "training_result_F1": 0.94510618885899,
  "training_average_F1": 0.9464536428061535,
  "training_aux-sec--introduction_P": 0.44940690871203015,
  "training_aux-sec--introduction_R": 0.7895867070337252,
  "training_aux-sec--introduction_F1": 0.5727966902469083,
  "training_aux-sec--conclusion_P": 0.48476425777228743,
  "training_aux-sec--conclusion_R": 0.3098434004474273,
  "training_aux-sec--conclusion_F1": 0.3780507385998239,
  "training_aux-sec--experiments_P": 0.38729544254795,
  "training_aux-sec--experiments_R": 0.1826859229747676,
  "training_aux-sec--experiments_F1": 0.24826574925267764,
  "training_aux-sec--method_P": 0.33754924320962054,
  "training_aux-sec--method_R": 0.13756971438228832,
  "training_aux-sec--method_F1": 0.19547337455720207,
  "training_aux-sec--related work_P": 0.35786650774731826,
  "training_aux-sec--related work_R": 0.20023341113704568,
  "training_aux-sec--related work_F1": 0.2567885396621306,
  "training_aux-sec--average_F1": 0.3302750184637485,
  "training_aux-worth--False_P": 0.9086931069808283,
  "training_aux-worth--False_R": 0.986322912695387,
  "training_aux-worth--False_F1": 0.9459179476241484,
  "training_aux-worth--True_P": 0.8329452852153667,
  "training_aux-worth--True_R": 0.4076148879605013,
  "training_aux-worth--True_F1": 0.5473670789238372,
  "training_aux-worth--average_F1": 0.7466425132739928,
  "training_loss": 0.21529841911791459,
  "validation_background_P": 0.861878453038674,
  "validation_background_R": 0.8698884758364313,
  "validation_background_F1": 0.8658649398704404,
  "validation_method_P": 0.7808764940239044,
  "validation_method_R": 0.7686274509803922,
  "validation_method_F1": 0.774703557312203,
  "validation_result_P": 0.7786885245901639,
  "validation_result_R": 0.7723577235772358,
  "validation_result_F1": 0.7755102040815827,
  "validation_average_F1": 0.8053595670880753,
  "validation_aux-sec--introduction_P": 0.0,
  "validation_aux-sec--introduction_R": 0.0,
  "validation_aux-sec--introduction_F1": 0.0,
  "validation_aux-sec--conclusion_P": 0.0,
  "validation_aux-sec--conclusion_R": 0.0,
  "validation_aux-sec--conclusion_F1": 0.0,
  "validation_aux-sec--experiments_P": 0.0,
  "validation_aux-sec--experiments_R": 0.0,
  "validation_aux-sec--experiments_F1": 0.0,
  "validation_aux-sec--method_P": 0.0,
  "validation_aux-sec--method_R": 0.0,
  "validation_aux-sec--method_F1": 0.0,
  "validation_aux-sec--related work_P": 0.0,
  "validation_aux-sec--related work_R": 0.0,
  "validation_aux-sec--related work_F1": 0.0,
  "validation_aux-sec--average_F1": 0.0,
  "validation_aux-worth--False_P": 0.0,
  "validation_aux-worth--False_R": 0.0,
  "validation_aux-worth--False_F1": 0.0,
  "validation_aux-worth--True_P": 0.0,
  "validation_aux-worth--True_R": 0.0,
  "validation_aux-worth--True_F1": 0.0,
  "validation_aux-worth--average_F1": 0.0,
  "validation_loss": 0.7761838075158924,
  "best_epoch": 0,
  "best_validation_background_P": 0.8487972508591065,
  "best_validation_background_R": 0.9182156133828996,
  "best_validation_background_F1": 0.8821428571428072,
  "best_validation_method_P": 0.8709677419354839,
  "best_validation_method_R": 0.7411764705882353,
  "best_validation_method_F1": 0.800847457627069,
  "best_validation_result_P": 0.7863247863247863,
  "best_validation_result_R": 0.7479674796747967,
  "best_validation_result_F1": 0.7666666666666166,
  "best_validation_average_F1": 0.8165523271454976,
  "best_validation_aux-sec--introduction_P": 0.0,
  "best_validation_aux-sec--introduction_R": 0.0,
  "best_validation_aux-sec--introduction_F1": 0.0,
  "best_validation_aux-sec--conclusion_P": 0.0,
  "best_validation_aux-sec--conclusion_R": 0.0,
  "best_validation_aux-sec--conclusion_F1": 0.0,
  "best_validation_aux-sec--experiments_P": 0.0,
  "best_validation_aux-sec--experiments_R": 0.0,
  "best_validation_aux-sec--experiments_F1": 0.0,
  "best_validation_aux-sec--method_P": 0.0,
  "best_validation_aux-sec--method_R": 0.0,
  "best_validation_aux-sec--method_F1": 0.0,
  "best_validation_aux-sec--related work_P": 0.0,
  "best_validation_aux-sec--related work_R": 0.0,
  "best_validation_aux-sec--related work_F1": 0.0,
  "best_validation_aux-sec--average_F1": 0.0,
  "best_validation_aux-worth--False_P": 0.0,
  "best_validation_aux-worth--False_R": 0.0,
  "best_validation_aux-worth--False_F1": 0.0,
  "best_validation_aux-worth--True_P": 0.0,
  "best_validation_aux-worth--True_R": 0.0,
  "best_validation_aux-worth--True_F1": 0.0,
  "best_validation_aux-worth--average_F1": 0.0,
  "best_validation_loss": 0.5387955712925258
}