{
  "training_duration": "01:38:03",
  "training_start_epoch": 0,
  "training_epochs": 5,
  "epoch": 5,
  "training_background_P": 0.9945034556333782,
  "training_background_R": 0.9953575822288248,
  "training_background_F1": 0.9949303356186927,
  "training_method_P": 0.9917721518987341,
  "training_method_R": 0.9905664964745927,
  "training_method_F1": 0.9911689575476935,
  "training_result_P": 0.9930739458138114,
  "training_result_R": 0.9918616480162767,
  "training_result_F1": 0.9924674267100477,
  "training_average_F1": 0.9928555732921446,
  "training_aux-sec--introduction_P": 0.4929366287923158,
  "training_aux-sec--introduction_R": 0.7407237907484334,
  "training_aux-sec--introduction_F1": 0.5919455345964552,
  "training_aux-sec--conclusion_P": 0.5081890134002037,
  "training_aux-sec--conclusion_R": 0.42670088169495984,
  "training_aux-sec--conclusion_F1": 0.4638935584247867,
  "training_aux-sec--experiments_P": 0.4370120924536966,
  "training_aux-sec--experiments_R": 0.23696879150066402,
  "training_aux-sec--experiments_F1": 0.30730315914101247,
  "training_aux-sec--method_P": 0.37696188340807174,
  "training_aux-sec--method_R": 0.22731113740070982,
  "training_aux-sec--method_F1": 0.2836056931997422,
  "training_aux-sec--related work_P": 0.4653238727397574,
  "training_aux-sec--related work_R": 0.3389463154384795,
  "training_aux-sec--related work_F1": 0.39220603839099977,
  "training_aux-sec--average_F1": 0.40779079675059926,
  "training_aux-worth--False_P": 0.9264821899048838,
  "training_aux-worth--False_R": 0.988721565637311,
  "training_aux-worth--False_F1": 0.956590565037258,
  "training_aux-worth--True_P": 0.8873552276693638,
  "training_aux-worth--True_R": 0.5310482339536651,
  "training_aux-worth--True_F1": 0.6644490644490177,
  "training_aux-worth--average_F1": 0.8105198147431378,
  "training_loss": 0.0917704098061256,
  "validation_background_P": 0.867513611615245,
  "validation_background_R": 0.8884758364312267,
  "validation_background_F1": 0.8778696051422825,
  "validation_method_P": 0.8200836820083682,
  "validation_method_R": 0.7686274509803922,
  "validation_method_F1": 0.7935222672064279,
  "validation_result_P": 0.7698412698412699,
  "validation_result_R": 0.7886178861788617,
  "validation_result_F1": 0.7791164658634039,
  "validation_average_F1": 0.8168361127373714,
  "validation_aux-sec--introduction_P": 0.0,
  "validation_aux-sec--introduction_R": 0.0,
  "validation_aux-sec--introduction_F1": 0.0,
  "validation_aux-sec--conclusion_P": 0.0,
  "validation_aux-sec--conclusion_R": 0.0,
  "validation_aux-sec--conclusion_F1": 0.0,
  "validation_aux-sec--experiments_P": 0.0,
  "validation_aux-sec--experiments_R": 0.0,
  "validation_aux-sec--experiments_F1": 0.0,
  "validation_aux-sec--method_P": 0.0,
  "validation_aux-sec--method_R": 0.0,
  "validation_aux-sec--method_F1": 0.0,
  "validation_aux-sec--related work_P": 0.0,
  "validation_aux-sec--related work_R": 0.0,
  "validation_aux-sec--related work_F1": 0.0,
  "validation_aux-sec--average_F1": 0.0,
  "validation_aux-worth--False_P": 0.0,
  "validation_aux-worth--False_R": 0.0,
  "validation_aux-worth--False_F1": 0.0,
  "validation_aux-worth--True_P": 0.0,
  "validation_aux-worth--True_R": 0.0,
  "validation_aux-worth--True_F1": 0.0,
  "validation_aux-worth--average_F1": 0.0,
  "validation_loss": 1.2803442859025194,
  "best_epoch": 4,
  "best_validation_background_P": 0.8589065255731922,
  "best_validation_background_R": 0.9052044609665427,
  "best_validation_background_F1": 0.8814479638008551,
  "best_validation_method_P": 0.8260869565217391,
  "best_validation_method_R": 0.7450980392156863,
  "best_validation_method_F1": 0.7835051546391253,
  "best_validation_result_P": 0.8067226890756303,
  "best_validation_result_R": 0.7804878048780488,
  "best_validation_result_F1": 0.7933884297520162,
  "best_validation_average_F1": 0.8194471827306655,
  "best_validation_aux-sec--introduction_P": 0.0,
  "best_validation_aux-sec--introduction_R": 0.0,
  "best_validation_aux-sec--introduction_F1": 0.0,
  "best_validation_aux-sec--conclusion_P": 0.0,
  "best_validation_aux-sec--conclusion_R": 0.0,
  "best_validation_aux-sec--conclusion_F1": 0.0,
  "best_validation_aux-sec--experiments_P": 0.0,
  "best_validation_aux-sec--experiments_R": 0.0,
  "best_validation_aux-sec--experiments_F1": 0.0,
  "best_validation_aux-sec--method_P": 0.0,
  "best_validation_aux-sec--method_R": 0.0,
  "best_validation_aux-sec--method_F1": 0.0,
  "best_validation_aux-sec--related work_P": 0.0,
  "best_validation_aux-sec--related work_R": 0.0,
  "best_validation_aux-sec--related work_F1": 0.0,
  "best_validation_aux-sec--average_F1": 0.0,
  "best_validation_aux-worth--False_P": 0.0,
  "best_validation_aux-worth--False_R": 0.0,
  "best_validation_aux-worth--False_F1": 0.0,
  "best_validation_aux-worth--True_P": 0.0,
  "best_validation_aux-worth--True_R": 0.0,
  "best_validation_aux-worth--True_F1": 0.0,
  "best_validation_aux-worth--average_F1": 0.0,
  "best_validation_loss": 1.2815316236271335
}