{
  "training_duration": "01:05:25",
  "training_start_epoch": 0,
  "training_epochs": 3,
  "epoch": 3,
  "training_background_P": 0.9892981236970119,
  "training_background_R": 0.9907209798645263,
  "training_background_F1": 0.99000904054331,
  "training_method_P": 0.9839294463498285,
  "training_method_R": 0.981333072713057,
  "training_method_F1": 0.9826295444536369,
  "training_result_P": 0.9849434114793856,
  "training_result_R": 0.9841478190630049,
  "training_result_F1": 0.9845454545454045,
  "training_average_F1": 0.9857280131807838,
  "training_aux-sec--introduction_P": 0.47471647765176783,
  "training_aux-sec--introduction_R": 0.7515313666126875,
  "training_aux-sec--introduction_F1": 0.5818796336676368,
  "training_aux-sec--conclusion_P": 0.49561181434599155,
  "training_aux-sec--conclusion_R": 0.3864324253191209,
  "training_aux-sec--conclusion_F1": 0.4342650103519176,
  "training_aux-sec--experiments_P": 0.4221298369043812,
  "training_aux-sec--experiments_R": 0.21912350597609562,
  "training_aux-sec--experiments_F1": 0.2884930608676197,
  "training_aux-sec--method_P": 0.37458300238284353,
  "training_aux-sec--method_R": 0.1992563799222579,
  "training_aux-sec--method_F1": 0.26013569419158133,
  "training_aux-sec--related work_P": 0.42600243013365735,
  "training_aux-sec--related work_R": 0.2922640880293431,
  "training_aux-sec--related work_F1": 0.34668248788683,
  "training_aux-sec--average_F1": 0.38229117739311713,
  "training_aux-worth--False_P": 0.918752861594813,
  "training_aux-worth--False_R": 0.9881497013597662,
  "training_aux-worth--False_F1": 0.9521885212652285,
  "training_aux-worth--True_P": 0.8708672321274018,
  "training_aux-worth--True_R": 0.4776870489935435,
  "training_aux-worth--True_F1": 0.6169599607578181,
  "training_aux-worth--average_F1": 0.7845742410115233,
  "training_loss": 0.11219940854947395,
  "validation_background_P": 0.8546099290780141,
  "validation_background_R": 0.895910780669145,
  "validation_background_F1": 0.8747731397458666,
  "validation_method_P": 0.8067226890756303,
  "validation_method_R": 0.7529411764705882,
  "validation_method_F1": 0.7789046653143517,
  "validation_result_P": 0.8070175438596491,
  "validation_result_R": 0.7479674796747967,
  "validation_result_F1": 0.7763713080168277,
  "validation_average_F1": 0.8100163710256819,
  "validation_aux-sec--introduction_P": 0.0,
  "validation_aux-sec--introduction_R": 0.0,
  "validation_aux-sec--introduction_F1": 0.0,
  "validation_aux-sec--conclusion_P": 0.0,
  "validation_aux-sec--conclusion_R": 0.0,
  "validation_aux-sec--conclusion_F1": 0.0,
  "validation_aux-sec--experiments_P": 0.0,
  "validation_aux-sec--experiments_R": 0.0,
  "validation_aux-sec--experiments_F1": 0.0,
  "validation_aux-sec--method_P": 0.0,
  "validation_aux-sec--method_R": 0.0,
  "validation_aux-sec--method_F1": 0.0,
  "validation_aux-sec--related work_P": 0.0,
  "validation_aux-sec--related work_R": 0.0,
  "validation_aux-sec--related work_F1": 0.0,
  "validation_aux-sec--average_F1": 0.0,
  "validation_aux-worth--False_P": 0.0,
  "validation_aux-worth--False_R": 0.0,
  "validation_aux-worth--False_F1": 0.0,
  "validation_aux-worth--True_P": 0.0,
  "validation_aux-worth--True_R": 0.0,
  "validation_aux-worth--True_F1": 0.0,
  "validation_aux-worth--average_F1": 0.0,
  "validation_loss": 1.1685174140669727,
  "best_epoch": 0,
  "best_validation_background_P": 0.8487972508591065,
  "best_validation_background_R": 0.9182156133828996,
  "best_validation_background_F1": 0.8821428571428072,
  "best_validation_method_P": 0.8709677419354839,
  "best_validation_method_R": 0.7411764705882353,
  "best_validation_method_F1": 0.800847457627069,
  "best_validation_result_P": 0.7863247863247863,
  "best_validation_result_R": 0.7479674796747967,
  "best_validation_result_F1": 0.7666666666666166,
  "best_validation_average_F1": 0.8165523271454976,
  "best_validation_aux-sec--introduction_P": 0.0,
  "best_validation_aux-sec--introduction_R": 0.0,
  "best_validation_aux-sec--introduction_F1": 0.0,
  "best_validation_aux-sec--conclusion_P": 0.0,
  "best_validation_aux-sec--conclusion_R": 0.0,
  "best_validation_aux-sec--conclusion_F1": 0.0,
  "best_validation_aux-sec--experiments_P": 0.0,
  "best_validation_aux-sec--experiments_R": 0.0,
  "best_validation_aux-sec--experiments_F1": 0.0,
  "best_validation_aux-sec--method_P": 0.0,
  "best_validation_aux-sec--method_R": 0.0,
  "best_validation_aux-sec--method_F1": 0.0,
  "best_validation_aux-sec--related work_P": 0.0,
  "best_validation_aux-sec--related work_R": 0.0,
  "best_validation_aux-sec--related work_F1": 0.0,
  "best_validation_aux-sec--average_F1": 0.0,
  "best_validation_aux-worth--False_P": 0.0,
  "best_validation_aux-worth--False_R": 0.0,
  "best_validation_aux-worth--False_F1": 0.0,
  "best_validation_aux-worth--True_P": 0.0,
  "best_validation_aux-worth--True_R": 0.0,
  "best_validation_aux-worth--True_F1": 0.0,
  "best_validation_aux-worth--average_F1": 0.0,
  "best_validation_loss": 0.5387955712925258
}