{
  "training_duration": "00:16:40",
  "training_start_epoch": 0,
  "training_epochs": 0,
  "epoch": 0,
  "training_background_P": 0.8901170060735977,
  "training_background_R": 0.9262495062388177,
  "training_background_F1": 0.9078238690062241,
  "training_method_P": 0.8606710158434296,
  "training_method_R": 0.8113133876714335,
  "training_method_F1": 0.835263673592393,
  "training_result_P": 0.8714011516314779,
  "training_result_R": 0.8213065326633165,
  "training_result_F1": 0.8456125827814069,
  "training_average_F1": 0.8629000417933413,
  "training_aux-sec--introduction_P": 0.42541084997349354,
  "training_aux-sec--introduction_R": 0.847497007674435,
  "training_aux-sec--introduction_F1": 0.5664737164101395,
  "training_aux-sec--conclusion_P": 0.4709271168274384,
  "training_aux-sec--conclusion_R": 0.23128043163574155,
  "training_aux-sec--conclusion_F1": 0.31021092577879267,
  "training_aux-sec--experiments_P": 0.3735881841876629,
  "training_aux-sec--experiments_R": 0.10707171314741036,
  "training_aux-sec--experiments_F1": 0.16644087478223749,
  "training_aux-sec--method_P": 0.31069156577057255,
  "training_aux-sec--method_R": 0.12793645428426567,
  "training_aux-sec--method_F1": 0.1812413958220692,
  "training_aux-sec--related work_P": 0.26358695652173914,
  "training_aux-sec--related work_R": 0.04851617205735245,
  "training_aux-sec--related work_F1": 0.08194874683185209,
  "training_aux-sec--average_F1": 0.26126313192501815,
  "training_aux-worth--False_P": 0.8769431872487561,
  "training_aux-worth--False_R": 0.9910884483415936,
  "training_aux-worth--False_F1": 0.930528419514037,
  "training_aux-worth--True_P": 0.7600513259195893,
  "training_aux-worth--True_R": 0.16872388909988606,
  "training_aux-worth--True_F1": 0.27614607614604636,
  "training_aux-worth--average_F1": 0.6033372478300416,
  "training_loss": 0.4070124193059186,
  "validation_background_P": 0.8487972508591065,
  "validation_background_R": 0.9182156133828996,
  "validation_background_F1": 0.8821428571428072,
  "validation_method_P": 0.8709677419354839,
  "validation_method_R": 0.7411764705882353,
  "validation_method_F1": 0.800847457627069,
  "validation_result_P": 0.7863247863247863,
  "validation_result_R": 0.7479674796747967,
  "validation_result_F1": 0.7666666666666166,
  "validation_average_F1": 0.8165523271454976,
  "validation_aux-sec--introduction_P": 0.0,
  "validation_aux-sec--introduction_R": 0.0,
  "validation_aux-sec--introduction_F1": 0.0,
  "validation_aux-sec--conclusion_P": 0.0,
  "validation_aux-sec--conclusion_R": 0.0,
  "validation_aux-sec--conclusion_F1": 0.0,
  "validation_aux-sec--experiments_P": 0.0,
  "validation_aux-sec--experiments_R": 0.0,
  "validation_aux-sec--experiments_F1": 0.0,
  "validation_aux-sec--method_P": 0.0,
  "validation_aux-sec--method_R": 0.0,
  "validation_aux-sec--method_F1": 0.0,
  "validation_aux-sec--related work_P": 0.0,
  "validation_aux-sec--related work_R": 0.0,
  "validation_aux-sec--related work_F1": 0.0,
  "validation_aux-sec--average_F1": 0.0,
  "validation_aux-worth--False_P": 0.0,
  "validation_aux-worth--False_R": 0.0,
  "validation_aux-worth--False_F1": 0.0,
  "validation_aux-worth--True_P": 0.0,
  "validation_aux-worth--True_R": 0.0,
  "validation_aux-worth--True_F1": 0.0,
  "validation_aux-worth--average_F1": 0.0,
  "validation_loss": 0.5387955712925258,
  "best_epoch": 0,
  "best_validation_background_P": 0.8487972508591065,
  "best_validation_background_R": 0.9182156133828996,
  "best_validation_background_F1": 0.8821428571428072,
  "best_validation_method_P": 0.8709677419354839,
  "best_validation_method_R": 0.7411764705882353,
  "best_validation_method_F1": 0.800847457627069,
  "best_validation_result_P": 0.7863247863247863,
  "best_validation_result_R": 0.7479674796747967,
  "best_validation_result_F1": 0.7666666666666166,
  "best_validation_average_F1": 0.8165523271454976,
  "best_validation_aux-sec--introduction_P": 0.0,
  "best_validation_aux-sec--introduction_R": 0.0,
  "best_validation_aux-sec--introduction_F1": 0.0,
  "best_validation_aux-sec--conclusion_P": 0.0,
  "best_validation_aux-sec--conclusion_R": 0.0,
  "best_validation_aux-sec--conclusion_F1": 0.0,
  "best_validation_aux-sec--experiments_P": 0.0,
  "best_validation_aux-sec--experiments_R": 0.0,
  "best_validation_aux-sec--experiments_F1": 0.0,
  "best_validation_aux-sec--method_P": 0.0,
  "best_validation_aux-sec--method_R": 0.0,
  "best_validation_aux-sec--method_F1": 0.0,
  "best_validation_aux-sec--related work_P": 0.0,
  "best_validation_aux-sec--related work_R": 0.0,
  "best_validation_aux-sec--related work_F1": 0.0,
  "best_validation_aux-sec--average_F1": 0.0,
  "best_validation_aux-worth--False_P": 0.0,
  "best_validation_aux-worth--False_R": 0.0,
  "best_validation_aux-worth--False_F1": 0.0,
  "best_validation_aux-worth--True_P": 0.0,
  "best_validation_aux-worth--True_R": 0.0,
  "best_validation_aux-worth--True_F1": 0.0,
  "best_validation_aux-worth--average_F1": 0.0,
  "best_validation_loss": 0.5387955712925258
}