{
  "training_duration": "00:16:18",
  "training_start_epoch": 0,
  "training_epochs": 0,
  "epoch": 0,
  "training_background_P": 0.8869303426562177,
  "training_background_R": 0.9155457500059307,
  "training_background_F1": 0.9010109028085322,
  "training_method_P": 0.8521952415992151,
  "training_method_R": 0.8121931834120342,
  "training_method_F1": 0.831713506008472,
  "training_result_P": 0.8593326381647549,
  "training_result_R": 0.8285743012266238,
  "training_result_F1": 0.8436732186731687,
  "training_average_F1": 0.858799209163391,
  "training_aux-sec--introduction_P": 0.4407302548081617,
  "training_aux-sec--introduction_R": 0.7946208547489967,
  "training_aux-sec--introduction_F1": 0.566986096632752,
  "training_aux-sec--conclusion_P": 0.46518196632265074,
  "training_aux-sec--conclusion_R": 0.28174759836820634,
  "training_aux-sec--conclusion_F1": 0.3509404581403455,
  "training_aux-sec--experiments_P": 0.3749751737835154,
  "training_aux-sec--experiments_R": 0.15670650730411687,
  "training_aux-sec--experiments_F1": 0.2210384592869689,
  "training_aux-sec--method_P": 0.3306824486776401,
  "training_aux-sec--method_R": 0.15109007943214467,
  "training_aux-sec--method_F1": 0.20741256307634465,
  "training_aux-sec--related work_P": 0.32570556826849734,
  "training_aux-sec--related work_R": 0.14238079359786596,
  "training_aux-sec--related work_F1": 0.1981438515080783,
  "training_aux-sec--average_F1": 0.30890428572889783,
  "training_aux-worth--False_P": 0.8982256056965873,
  "training_aux-worth--False_R": 0.985862244249587,
  "training_aux-worth--False_F1": 0.9400057555699787,
  "training_aux-worth--True_P": 0.7972665148063781,
  "training_aux-worth--True_R": 0.3323205469046715,
  "training_aux-worth--True_F1": 0.46910601796001755,
  "training_aux-worth--average_F1": 0.7045558867649981,
  "training_loss": 0.4148839704827003,
  "validation_background_P": 0.8602540834845736,
  "validation_background_R": 0.8810408921933085,
  "validation_background_F1": 0.8705234159779116,
  "validation_method_P": 0.834061135371179,
  "validation_method_R": 0.7490196078431373,
  "validation_method_F1": 0.7892561983470576,
  "validation_result_P": 0.7205882352941176,
  "validation_result_R": 0.7967479674796748,
  "validation_result_F1": 0.7567567567567068,
  "validation_average_F1": 0.8055121236938921,
  "validation_aux-sec--introduction_P": 0.0,
  "validation_aux-sec--introduction_R": 0.0,
  "validation_aux-sec--introduction_F1": 0.0,
  "validation_aux-sec--conclusion_P": 0.0,
  "validation_aux-sec--conclusion_R": 0.0,
  "validation_aux-sec--conclusion_F1": 0.0,
  "validation_aux-sec--experiments_P": 0.0,
  "validation_aux-sec--experiments_R": 0.0,
  "validation_aux-sec--experiments_F1": 0.0,
  "validation_aux-sec--method_P": 0.0,
  "validation_aux-sec--method_R": 0.0,
  "validation_aux-sec--method_F1": 0.0,
  "validation_aux-sec--related work_P": 0.0,
  "validation_aux-sec--related work_R": 0.0,
  "validation_aux-sec--related work_F1": 0.0,
  "validation_aux-sec--average_F1": 0.0,
  "validation_aux-worth--False_P": 0.0,
  "validation_aux-worth--False_R": 0.0,
  "validation_aux-worth--False_F1": 0.0,
  "validation_aux-worth--True_P": 0.0,
  "validation_aux-worth--True_R": 0.0,
  "validation_aux-worth--True_F1": 0.0,
  "validation_aux-worth--average_F1": 0.0,
  "validation_loss": 0.5106217501492336,
  "best_epoch": 0,
  "best_validation_background_P": 0.8602540834845736,
  "best_validation_background_R": 0.8810408921933085,
  "best_validation_background_F1": 0.8705234159779116,
  "best_validation_method_P": 0.834061135371179,
  "best_validation_method_R": 0.7490196078431373,
  "best_validation_method_F1": 0.7892561983470576,
  "best_validation_result_P": 0.7205882352941176,
  "best_validation_result_R": 0.7967479674796748,
  "best_validation_result_F1": 0.7567567567567068,
  "best_validation_average_F1": 0.8055121236938921,
  "best_validation_aux-sec--introduction_P": 0.0,
  "best_validation_aux-sec--introduction_R": 0.0,
  "best_validation_aux-sec--introduction_F1": 0.0,
  "best_validation_aux-sec--conclusion_P": 0.0,
  "best_validation_aux-sec--conclusion_R": 0.0,
  "best_validation_aux-sec--conclusion_F1": 0.0,
  "best_validation_aux-sec--experiments_P": 0.0,
  "best_validation_aux-sec--experiments_R": 0.0,
  "best_validation_aux-sec--experiments_F1": 0.0,
  "best_validation_aux-sec--method_P": 0.0,
  "best_validation_aux-sec--method_R": 0.0,
  "best_validation_aux-sec--method_F1": 0.0,
  "best_validation_aux-sec--related work_P": 0.0,
  "best_validation_aux-sec--related work_R": 0.0,
  "best_validation_aux-sec--related work_F1": 0.0,
  "best_validation_aux-sec--average_F1": 0.0,
  "best_validation_aux-worth--False_P": 0.0,
  "best_validation_aux-worth--False_R": 0.0,
  "best_validation_aux-worth--False_F1": 0.0,
  "best_validation_aux-worth--True_P": 0.0,
  "best_validation_aux-worth--True_R": 0.0,
  "best_validation_aux-worth--True_F1": 0.0,
  "best_validation_aux-worth--average_F1": 0.0,
  "best_validation_loss": 0.5106217501492336
}