{
  "training_duration": "00:31:51",
  "training_start_epoch": 0,
  "training_epochs": 1,
  "epoch": 1,
  "training_background_P": 0.9595216839731241,
  "training_background_R": 0.9685780686776703,
  "training_background_F1": 0.9640286071706253,
  "training_method_P": 0.9466336303425931,
  "training_method_R": 0.9310619551973006,
  "training_method_F1": 0.9387832250442502,
  "training_result_P": 0.9492702566683442,
  "training_result_R": 0.9448006411540774,
  "training_result_F1": 0.947030175227143,
  "training_average_F1": 0.9499473358140061,
  "training_aux-sec--introduction_P": 0.45924718435091877,
  "training_aux-sec--introduction_R": 0.763676688023657,
  "training_aux-sec--introduction_F1": 0.5735702387561996,
  "training_aux-sec--conclusion_P": 0.48373709101438084,
  "training_aux-sec--conclusion_R": 0.32978023424134756,
  "training_aux-sec--conclusion_F1": 0.39219061778625014,
  "training_aux-sec--experiments_P": 0.39983471074380167,
  "training_aux-sec--experiments_R": 0.20078021248339972,
  "training_aux-sec--experiments_F1": 0.26732235606139876,
  "training_aux-sec--method_P": 0.3590250329380764,
  "training_aux-sec--method_R": 0.18421497380429272,
  "training_aux-sec--method_F1": 0.24349380096052703,
  "training_aux-sec--related work_P": 0.37689243027888447,
  "training_aux-sec--related work_R": 0.2365788596198733,
  "training_aux-sec--related work_F1": 0.2906893372938172,
  "training_aux-sec--average_F1": 0.3534532701716385,
  "training_aux-worth--False_P": 0.9159299219222765,
  "training_aux-worth--False_R": 0.9857828186554836,
  "training_aux-worth--False_F1": 0.949573466967549,
  "training_aux-worth--True_P": 0.8438317920083755,
  "training_aux-worth--True_R": 0.45917204709456894,
  "training_aux-worth--True_F1": 0.5947242206234556,
  "training_aux-worth--average_F1": 0.7721488437955023,
  "training_loss": 0.20376184432498257,
  "validation_background_P": 0.8594306049822064,
  "validation_background_R": 0.8977695167286245,
  "validation_background_F1": 0.8781818181817682,
  "validation_method_P": 0.8158995815899581,
  "validation_method_R": 0.7647058823529411,
  "validation_method_F1": 0.7894736842104764,
  "validation_result_P": 0.8173913043478261,
  "validation_result_R": 0.7642276422764228,
  "validation_result_F1": 0.7899159663865049,
  "validation_average_F1": 0.8191904895929164,
  "validation_aux-sec--introduction_P": 0.0,
  "validation_aux-sec--introduction_R": 0.0,
  "validation_aux-sec--introduction_F1": 0.0,
  "validation_aux-sec--conclusion_P": 0.0,
  "validation_aux-sec--conclusion_R": 0.0,
  "validation_aux-sec--conclusion_F1": 0.0,
  "validation_aux-sec--experiments_P": 0.0,
  "validation_aux-sec--experiments_R": 0.0,
  "validation_aux-sec--experiments_F1": 0.0,
  "validation_aux-sec--method_P": 0.0,
  "validation_aux-sec--method_R": 0.0,
  "validation_aux-sec--method_F1": 0.0,
  "validation_aux-sec--related work_P": 0.0,
  "validation_aux-sec--related work_R": 0.0,
  "validation_aux-sec--related work_F1": 0.0,
  "validation_aux-sec--average_F1": 0.0,
  "validation_aux-worth--False_P": 0.0,
  "validation_aux-worth--False_R": 0.0,
  "validation_aux-worth--False_F1": 0.0,
  "validation_aux-worth--True_P": 0.0,
  "validation_aux-worth--True_R": 0.0,
  "validation_aux-worth--True_F1": 0.0,
  "validation_aux-worth--average_F1": 0.0,
  "validation_loss": 0.8723774608545776,
  "best_epoch": 1,
  "best_validation_background_P": 0.8594306049822064,
  "best_validation_background_R": 0.8977695167286245,
  "best_validation_background_F1": 0.8781818181817682,
  "best_validation_method_P": 0.8158995815899581,
  "best_validation_method_R": 0.7647058823529411,
  "best_validation_method_F1": 0.7894736842104764,
  "best_validation_result_P": 0.8173913043478261,
  "best_validation_result_R": 0.7642276422764228,
  "best_validation_result_F1": 0.7899159663865049,
  "best_validation_average_F1": 0.8191904895929164,
  "best_validation_aux-sec--introduction_P": 0.0,
  "best_validation_aux-sec--introduction_R": 0.0,
  "best_validation_aux-sec--introduction_F1": 0.0,
  "best_validation_aux-sec--conclusion_P": 0.0,
  "best_validation_aux-sec--conclusion_R": 0.0,
  "best_validation_aux-sec--conclusion_F1": 0.0,
  "best_validation_aux-sec--experiments_P": 0.0,
  "best_validation_aux-sec--experiments_R": 0.0,
  "best_validation_aux-sec--experiments_F1": 0.0,
  "best_validation_aux-sec--method_P": 0.0,
  "best_validation_aux-sec--method_R": 0.0,
  "best_validation_aux-sec--method_F1": 0.0,
  "best_validation_aux-sec--related work_P": 0.0,
  "best_validation_aux-sec--related work_R": 0.0,
  "best_validation_aux-sec--related work_F1": 0.0,
  "best_validation_aux-sec--average_F1": 0.0,
  "best_validation_aux-worth--False_P": 0.0,
  "best_validation_aux-worth--False_R": 0.0,
  "best_validation_aux-worth--False_F1": 0.0,
  "best_validation_aux-worth--True_P": 0.0,
  "best_validation_aux-worth--True_R": 0.0,
  "best_validation_aux-worth--True_F1": 0.0,
  "best_validation_aux-worth--average_F1": 0.0,
  "best_validation_loss": 0.8723774608545776
}