{
  "training_duration": "01:18:18",
  "training_start_epoch": 0,
  "training_epochs": 4,
  "epoch": 4,
  "training_background_P": 0.9952788783184267,
  "training_background_R": 0.9955859319379182,
  "training_background_F1": 0.9954323814494868,
  "training_method_P": 0.993032825212756,
  "training_method_R": 0.9926614938767879,
  "training_method_F1": 0.9928471248246346,
  "training_result_P": 0.9926551966998692,
  "training_result_R": 0.9921560740144811,
  "training_result_F1": 0.9924055725996584,
  "training_average_F1": 0.9935616929579266,
  "training_aux-sec--introduction_P": 0.4919456801685788,
  "training_aux-sec--introduction_R": 0.7396676758431318,
  "training_aux-sec--introduction_F1": 0.5908937510545671,
  "training_aux-sec--conclusion_P": 0.5117040432149288,
  "training_aux-sec--conclusion_R": 0.4113699170943545,
  "training_aux-sec--conclusion_F1": 0.4560840385176045,
  "training_aux-sec--experiments_P": 0.424103299856528,
  "training_aux-sec--experiments_R": 0.2453519256308101,
  "training_aux-sec--experiments_F1": 0.3108633925754084,
  "training_aux-sec--method_P": 0.38061328295305913,
  "training_aux-sec--method_R": 0.22131147540983606,
  "training_aux-sec--method_F1": 0.27988244723479183,
  "training_aux-sec--related work_P": 0.4490967056323061,
  "training_aux-sec--related work_R": 0.35228409469823274,
  "training_aux-sec--related work_F1": 0.3948425675043888,
  "training_aux-sec--average_F1": 0.4065132393773522,
  "training_aux-worth--False_P": 0.9275226212304161,
  "training_aux-worth--False_R": 0.9883879781420765,
  "training_aux-worth--False_F1": 0.9569885030952706,
  "training_aux-worth--True_P": 0.8857990938915794,
  "training_aux-worth--True_R": 0.5383592859855678,
  "training_aux-worth--True_F1": 0.6696982224059058,
  "training_aux-worth--average_F1": 0.8133433627505882,
  "training_loss": 0.08989670516867511,
  "validation_background_P": 0.8605072463768116,
  "validation_background_R": 0.8828996282527881,
  "validation_background_F1": 0.8715596330274731,
  "validation_method_P": 0.7874015748031497,
  "validation_method_R": 0.7843137254901961,
  "validation_method_F1": 0.7858546168958243,
  "validation_result_P": 0.8363636363636363,
  "validation_result_R": 0.7479674796747967,
  "validation_result_F1": 0.7896995708154008,
  "validation_average_F1": 0.8157046069128994,
  "validation_aux-sec--introduction_P": 0.0,
  "validation_aux-sec--introduction_R": 0.0,
  "validation_aux-sec--introduction_F1": 0.0,
  "validation_aux-sec--conclusion_P": 0.0,
  "validation_aux-sec--conclusion_R": 0.0,
  "validation_aux-sec--conclusion_F1": 0.0,
  "validation_aux-sec--experiments_P": 0.0,
  "validation_aux-sec--experiments_R": 0.0,
  "validation_aux-sec--experiments_F1": 0.0,
  "validation_aux-sec--method_P": 0.0,
  "validation_aux-sec--method_R": 0.0,
  "validation_aux-sec--method_F1": 0.0,
  "validation_aux-sec--related work_P": 0.0,
  "validation_aux-sec--related work_R": 0.0,
  "validation_aux-sec--related work_F1": 0.0,
  "validation_aux-sec--average_F1": 0.0,
  "validation_aux-worth--False_P": 0.0,
  "validation_aux-worth--False_R": 0.0,
  "validation_aux-worth--False_F1": 0.0,
  "validation_aux-worth--True_P": 0.0,
  "validation_aux-worth--True_R": 0.0,
  "validation_aux-worth--True_F1": 0.0,
  "validation_aux-worth--average_F1": 0.0,
  "validation_loss": 1.3199877317930604,
  "best_epoch": 1,
  "best_validation_background_P": 0.8594306049822064,
  "best_validation_background_R": 0.8977695167286245,
  "best_validation_background_F1": 0.8781818181817682,
  "best_validation_method_P": 0.8158995815899581,
  "best_validation_method_R": 0.7647058823529411,
  "best_validation_method_F1": 0.7894736842104764,
  "best_validation_result_P": 0.8173913043478261,
  "best_validation_result_R": 0.7642276422764228,
  "best_validation_result_F1": 0.7899159663865049,
  "best_validation_average_F1": 0.8191904895929164,
  "best_validation_aux-sec--introduction_P": 0.0,
  "best_validation_aux-sec--introduction_R": 0.0,
  "best_validation_aux-sec--introduction_F1": 0.0,
  "best_validation_aux-sec--conclusion_P": 0.0,
  "best_validation_aux-sec--conclusion_R": 0.0,
  "best_validation_aux-sec--conclusion_F1": 0.0,
  "best_validation_aux-sec--experiments_P": 0.0,
  "best_validation_aux-sec--experiments_R": 0.0,
  "best_validation_aux-sec--experiments_F1": 0.0,
  "best_validation_aux-sec--method_P": 0.0,
  "best_validation_aux-sec--method_R": 0.0,
  "best_validation_aux-sec--method_F1": 0.0,
  "best_validation_aux-sec--related work_P": 0.0,
  "best_validation_aux-sec--related work_R": 0.0,
  "best_validation_aux-sec--related work_F1": 0.0,
  "best_validation_aux-sec--average_F1": 0.0,
  "best_validation_aux-worth--False_P": 0.0,
  "best_validation_aux-worth--False_R": 0.0,
  "best_validation_aux-worth--False_F1": 0.0,
  "best_validation_aux-worth--True_P": 0.0,
  "best_validation_aux-worth--True_R": 0.0,
  "best_validation_aux-worth--True_F1": 0.0,
  "best_validation_aux-worth--average_F1": 0.0,
  "best_validation_loss": 0.8723774608545776
}