{
  "training_duration": "01:02:48",
  "training_start_epoch": 0,
  "training_epochs": 3,
  "epoch": 3,
  "training_background_P": 0.9922983956965805,
  "training_background_R": 0.9934283884130863,
  "training_background_F1": 0.9928630705393692,
  "training_method_P": 0.9889274655156235,
  "training_method_R": 0.9876763038283117,
  "training_method_F1": 0.9883014886882633,
  "training_result_P": 0.9900751879699248,
  "training_result_R": 0.9879951980792316,
  "training_result_F1": 0.9890340994441441,
  "training_average_F1": 0.9900662195572588,
  "training_aux-sec--introduction_P": 0.48365384615384616,
  "training_aux-sec--introduction_R": 0.7437161163134549,
  "training_aux-sec--introduction_F1": 0.5861332297533024,
  "training_aux-sec--conclusion_P": 0.5038510368176048,
  "training_aux-sec--conclusion_R": 0.39169627582576655,
  "training_aux-sec--conclusion_F1": 0.44075074963901345,
  "training_aux-sec--experiments_P": 0.4265035069392628,
  "training_aux-sec--experiments_R": 0.23721779548472777,
  "training_aux-sec--experiments_F1": 0.3048695930449165,
  "training_aux-sec--method_P": 0.38196985218791163,
  "training_aux-sec--method_R": 0.22055095487578164,
  "training_aux-sec--method_F1": 0.27963786360953197,
  "training_aux-sec--related work_P": 0.42738496071829407,
  "training_aux-sec--related work_R": 0.3174391463821274,
  "training_aux-sec--related work_F1": 0.36429733090973776,
  "training_aux-sec--average_F1": 0.3951377533913004,
  "training_aux-worth--False_P": 0.925043527433444,
  "training_aux-worth--False_R": 0.9874507561316559,
  "training_aux-worth--False_F1": 0.9552289264008229,
  "training_aux-worth--True_P": 0.8743038981702467,
  "training_aux-worth--True_R": 0.5217432586403342,
  "training_aux-worth--True_F1": 0.6535053814591909,
  "training_aux-worth--average_F1": 0.8043671539300069,
  "training_loss": 0.10051223882890697,
  "validation_background_P": 0.8762475049900199,
  "validation_background_R": 0.8159851301115242,
  "validation_background_F1": 0.8450433108757922,
  "validation_method_P": 0.7490774907749077,
  "validation_method_R": 0.796078431372549,
  "validation_method_F1": 0.7718631178706724,
  "validation_result_P": 0.7083333333333334,
  "validation_result_R": 0.8292682926829268,
  "validation_result_F1": 0.7640449438201751,
  "validation_average_F1": 0.7936504575222133,
  "validation_aux-sec--introduction_P": 0.0,
  "validation_aux-sec--introduction_R": 0.0,
  "validation_aux-sec--introduction_F1": 0.0,
  "validation_aux-sec--conclusion_P": 0.0,
  "validation_aux-sec--conclusion_R": 0.0,
  "validation_aux-sec--conclusion_F1": 0.0,
  "validation_aux-sec--experiments_P": 0.0,
  "validation_aux-sec--experiments_R": 0.0,
  "validation_aux-sec--experiments_F1": 0.0,
  "validation_aux-sec--method_P": 0.0,
  "validation_aux-sec--method_R": 0.0,
  "validation_aux-sec--method_F1": 0.0,
  "validation_aux-sec--related work_P": 0.0,
  "validation_aux-sec--related work_R": 0.0,
  "validation_aux-sec--related work_F1": 0.0,
  "validation_aux-sec--average_F1": 0.0,
  "validation_aux-worth--False_P": 0.0,
  "validation_aux-worth--False_R": 0.0,
  "validation_aux-worth--False_F1": 0.0,
  "validation_aux-worth--True_P": 0.0,
  "validation_aux-worth--True_R": 0.0,
  "validation_aux-worth--True_F1": 0.0,
  "validation_aux-worth--average_F1": 0.0,
  "validation_loss": 1.280835761817108,
  "best_epoch": 1,
  "best_validation_background_P": 0.8594306049822064,
  "best_validation_background_R": 0.8977695167286245,
  "best_validation_background_F1": 0.8781818181817682,
  "best_validation_method_P": 0.8158995815899581,
  "best_validation_method_R": 0.7647058823529411,
  "best_validation_method_F1": 0.7894736842104764,
  "best_validation_result_P": 0.8173913043478261,
  "best_validation_result_R": 0.7642276422764228,
  "best_validation_result_F1": 0.7899159663865049,
  "best_validation_average_F1": 0.8191904895929164,
  "best_validation_aux-sec--introduction_P": 0.0,
  "best_validation_aux-sec--introduction_R": 0.0,
  "best_validation_aux-sec--introduction_F1": 0.0,
  "best_validation_aux-sec--conclusion_P": 0.0,
  "best_validation_aux-sec--conclusion_R": 0.0,
  "best_validation_aux-sec--conclusion_F1": 0.0,
  "best_validation_aux-sec--experiments_P": 0.0,
  "best_validation_aux-sec--experiments_R": 0.0,
  "best_validation_aux-sec--experiments_F1": 0.0,
  "best_validation_aux-sec--method_P": 0.0,
  "best_validation_aux-sec--method_R": 0.0,
  "best_validation_aux-sec--method_F1": 0.0,
  "best_validation_aux-sec--related work_P": 0.0,
  "best_validation_aux-sec--related work_R": 0.0,
  "best_validation_aux-sec--related work_F1": 0.0,
  "best_validation_aux-sec--average_F1": 0.0,
  "best_validation_aux-worth--False_P": 0.0,
  "best_validation_aux-worth--False_R": 0.0,
  "best_validation_aux-worth--False_F1": 0.0,
  "best_validation_aux-worth--True_P": 0.0,
  "best_validation_aux-worth--True_R": 0.0,
  "best_validation_aux-worth--True_F1": 0.0,
  "best_validation_aux-worth--average_F1": 0.0,
  "best_validation_loss": 0.8723774608545776
}