{
  "training_duration": "00:47:20",
  "training_start_epoch": 0,
  "training_epochs": 2,
  "epoch": 2,
  "training_background_P": 0.9852453580901857,
  "training_background_R": 0.9874436268692144,
  "training_background_F1": 0.9863432676576782,
  "training_method_P": 0.9790160548305323,
  "training_method_R": 0.9759464645046563,
  "training_method_F1": 0.9774788498042667,
  "training_result_P": 0.9805259987954226,
  "training_result_R": 0.9778756632295525,
  "training_result_F1": 0.9791990376421735,
  "training_average_F1": 0.9810070517013729,
  "training_aux-sec--introduction_P": 0.4717186528036968,
  "training_aux-sec--introduction_R": 0.7474829261423643,
  "training_aux-sec--introduction_F1": 0.5784140129123174,
  "training_aux-sec--conclusion_P": 0.4925137903861308,
  "training_aux-sec--conclusion_R": 0.37011448874851954,
  "training_aux-sec--conclusion_F1": 0.4226304519327809,
  "training_aux-sec--experiments_P": 0.4128382630585274,
  "training_aux-sec--experiments_R": 0.21779548472775564,
  "training_aux-sec--experiments_F1": 0.28515540099973746,
  "training_aux-sec--method_P": 0.3749622013909888,
  "training_aux-sec--method_R": 0.20956565827277338,
  "training_aux-sec--method_F1": 0.26886383347783777,
  "training_aux-sec--related work_P": 0.41190884587111004,
  "training_aux-sec--related work_R": 0.2802600866955652,
  "training_aux-sec--related work_F1": 0.3335648377814777,
  "training_aux-sec--average_F1": 0.3777257074208302,
  "training_aux-worth--False_P": 0.9221628838451268,
  "training_aux-worth--False_R": 0.9874666412504766,
  "training_aux-worth--False_F1": 0.9536981635752252,
  "training_aux-worth--True_P": 0.8701020744155417,
  "training_aux-worth--True_R": 0.5018040258260539,
  "training_aux-worth--True_F1": 0.636516921594558,
  "training_aux-worth--average_F1": 0.7951075425848916,
  "training_loss": 0.12323648093567158,
  "validation_background_P": 0.8525754884547069,
  "validation_background_R": 0.8921933085501859,
  "validation_background_F1": 0.8719346049045821,
  "validation_method_P": 0.7862903225806451,
  "validation_method_R": 0.7647058823529411,
  "validation_method_F1": 0.775347912524801,
  "validation_result_P": 0.8476190476190476,
  "validation_result_R": 0.7235772357723578,
  "validation_result_F1": 0.7807017543859152,
  "validation_average_F1": 0.8093280906050994,
  "validation_aux-sec--introduction_P": 0.0,
  "validation_aux-sec--introduction_R": 0.0,
  "validation_aux-sec--introduction_F1": 0.0,
  "validation_aux-sec--conclusion_P": 0.0,
  "validation_aux-sec--conclusion_R": 0.0,
  "validation_aux-sec--conclusion_F1": 0.0,
  "validation_aux-sec--experiments_P": 0.0,
  "validation_aux-sec--experiments_R": 0.0,
  "validation_aux-sec--experiments_F1": 0.0,
  "validation_aux-sec--method_P": 0.0,
  "validation_aux-sec--method_R": 0.0,
  "validation_aux-sec--method_F1": 0.0,
  "validation_aux-sec--related work_P": 0.0,
  "validation_aux-sec--related work_R": 0.0,
  "validation_aux-sec--related work_F1": 0.0,
  "validation_aux-sec--average_F1": 0.0,
  "validation_aux-worth--False_P": 0.0,
  "validation_aux-worth--False_R": 0.0,
  "validation_aux-worth--False_F1": 0.0,
  "validation_aux-worth--True_P": 0.0,
  "validation_aux-worth--True_R": 0.0,
  "validation_aux-worth--True_F1": 0.0,
  "validation_aux-worth--average_F1": 0.0,
  "validation_loss": 1.0758418696350418,
  "best_epoch": 1,
  "best_validation_background_P": 0.8594306049822064,
  "best_validation_background_R": 0.8977695167286245,
  "best_validation_background_F1": 0.8781818181817682,
  "best_validation_method_P": 0.8158995815899581,
  "best_validation_method_R": 0.7647058823529411,
  "best_validation_method_F1": 0.7894736842104764,
  "best_validation_result_P": 0.8173913043478261,
  "best_validation_result_R": 0.7642276422764228,
  "best_validation_result_F1": 0.7899159663865049,
  "best_validation_average_F1": 0.8191904895929164,
  "best_validation_aux-sec--introduction_P": 0.0,
  "best_validation_aux-sec--introduction_R": 0.0,
  "best_validation_aux-sec--introduction_F1": 0.0,
  "best_validation_aux-sec--conclusion_P": 0.0,
  "best_validation_aux-sec--conclusion_R": 0.0,
  "best_validation_aux-sec--conclusion_F1": 0.0,
  "best_validation_aux-sec--experiments_P": 0.0,
  "best_validation_aux-sec--experiments_R": 0.0,
  "best_validation_aux-sec--experiments_F1": 0.0,
  "best_validation_aux-sec--method_P": 0.0,
  "best_validation_aux-sec--method_R": 0.0,
  "best_validation_aux-sec--method_F1": 0.0,
  "best_validation_aux-sec--related work_P": 0.0,
  "best_validation_aux-sec--related work_R": 0.0,
  "best_validation_aux-sec--related work_F1": 0.0,
  "best_validation_aux-sec--average_F1": 0.0,
  "best_validation_aux-worth--False_P": 0.0,
  "best_validation_aux-worth--False_R": 0.0,
  "best_validation_aux-worth--False_F1": 0.0,
  "best_validation_aux-worth--True_P": 0.0,
  "best_validation_aux-worth--True_R": 0.0,
  "best_validation_aux-worth--True_F1": 0.0,
  "best_validation_aux-worth--average_F1": 0.0,
  "best_validation_loss": 0.8723774608545776
}