{
  "training_duration": "00:47:42",
  "training_start_epoch": 0,
  "training_epochs": 2,
  "epoch": 2,
  "training_background_P": 0.9823810955166593,
  "training_background_R": 0.9852743379249571,
  "training_background_F1": 0.9838255896075728,
  "training_method_P": 0.9730326060308899,
  "training_method_R": 0.968804920913884,
  "training_method_F1": 0.9709141613052656,
  "training_result_P": 0.9771434376269809,
  "training_result_R": 0.9733859542602712,
  "training_result_F1": 0.9752610767514456,
  "training_average_F1": 0.9766669425547615,
  "training_aux-sec--introduction_P": 0.47261217236783654,
  "training_aux-sec--introduction_R": 0.7490318946701401,
  "training_aux-sec--introduction_F1": 0.5795494783863553,
  "training_aux-sec--conclusion_P": 0.4884966631541974,
  "training_aux-sec--conclusion_R": 0.3660350046058692,
  "training_aux-sec--conclusion_F1": 0.41849093507856383,
  "training_aux-sec--experiments_P": 0.4149423471805402,
  "training_aux-sec--experiments_R": 0.2180444887118194,
  "training_aux-sec--experiments_F1": 0.28586974264101256,
  "training_aux-sec--method_P": 0.36359432799013564,
  "training_aux-sec--method_R": 0.1993408822038195,
  "training_aux-sec--method_F1": 0.2575046392314792,
  "training_aux-sec--related work_P": 0.4148461357763683,
  "training_aux-sec--related work_R": 0.294431477159053,
  "training_aux-sec--related work_F1": 0.34441735738659207,
  "training_aux-sec--average_F1": 0.3771664305448006,
  "training_aux-worth--False_P": 0.9213706389098942,
  "training_aux-worth--False_R": 0.9871012835176007,
  "training_aux-worth--False_F1": 0.9531040300624526,
  "training_aux-worth--True_P": 0.86558516801854,
  "training_aux-worth--True_R": 0.4964868970755792,
  "training_aux-worth--True_F1": 0.6310263681891772,
  "training_aux-worth--average_F1": 0.792065199125815,
  "training_loss": 0.1356003222041742,
  "validation_background_P": 0.851063829787234,
  "validation_background_R": 0.8921933085501859,
  "validation_background_F1": 0.8711433756805307,
  "validation_method_P": 0.8109243697478992,
  "validation_method_R": 0.7568627450980392,
  "validation_method_F1": 0.7829614604461975,
  "validation_result_P": 0.7807017543859649,
  "validation_result_R": 0.7235772357723578,
  "validation_result_F1": 0.7510548523206253,
  "validation_average_F1": 0.8017198961491179,
  "validation_aux-sec--introduction_P": 0.0,
  "validation_aux-sec--introduction_R": 0.0,
  "validation_aux-sec--introduction_F1": 0.0,
  "validation_aux-sec--conclusion_P": 0.0,
  "validation_aux-sec--conclusion_R": 0.0,
  "validation_aux-sec--conclusion_F1": 0.0,
  "validation_aux-sec--experiments_P": 0.0,
  "validation_aux-sec--experiments_R": 0.0,
  "validation_aux-sec--experiments_F1": 0.0,
  "validation_aux-sec--method_P": 0.0,
  "validation_aux-sec--method_R": 0.0,
  "validation_aux-sec--method_F1": 0.0,
  "validation_aux-sec--related work_P": 0.0,
  "validation_aux-sec--related work_R": 0.0,
  "validation_aux-sec--related work_F1": 0.0,
  "validation_aux-sec--average_F1": 0.0,
  "validation_aux-worth--False_P": 0.0,
  "validation_aux-worth--False_R": 0.0,
  "validation_aux-worth--False_F1": 0.0,
  "validation_aux-worth--True_P": 0.0,
  "validation_aux-worth--True_R": 0.0,
  "validation_aux-worth--True_F1": 0.0,
  "validation_aux-worth--average_F1": 0.0,
  "validation_loss": 0.9998220712396091,
  "best_epoch": 1,
  "best_validation_background_P": 0.8594306049822064,
  "best_validation_background_R": 0.8977695167286245,
  "best_validation_background_F1": 0.8781818181817682,
  "best_validation_method_P": 0.8099173553719008,
  "best_validation_method_R": 0.7686274509803922,
  "best_validation_method_F1": 0.7887323943661473,
  "best_validation_result_P": 0.8303571428571429,
  "best_validation_result_R": 0.7560975609756098,
  "best_validation_result_F1": 0.7914893617020778,
  "best_validation_average_F1": 0.8194678580833311,
  "best_validation_aux-sec--introduction_P": 0.0,
  "best_validation_aux-sec--introduction_R": 0.0,
  "best_validation_aux-sec--introduction_F1": 0.0,
  "best_validation_aux-sec--conclusion_P": 0.0,
  "best_validation_aux-sec--conclusion_R": 0.0,
  "best_validation_aux-sec--conclusion_F1": 0.0,
  "best_validation_aux-sec--experiments_P": 0.0,
  "best_validation_aux-sec--experiments_R": 0.0,
  "best_validation_aux-sec--experiments_F1": 0.0,
  "best_validation_aux-sec--method_P": 0.0,
  "best_validation_aux-sec--method_R": 0.0,
  "best_validation_aux-sec--method_F1": 0.0,
  "best_validation_aux-sec--related work_P": 0.0,
  "best_validation_aux-sec--related work_R": 0.0,
  "best_validation_aux-sec--related work_F1": 0.0,
  "best_validation_aux-sec--average_F1": 0.0,
  "best_validation_aux-worth--False_P": 0.0,
  "best_validation_aux-worth--False_R": 0.0,
  "best_validation_aux-worth--False_F1": 0.0,
  "best_validation_aux-worth--True_P": 0.0,
  "best_validation_aux-worth--True_R": 0.0,
  "best_validation_aux-worth--True_F1": 0.0,
  "best_validation_aux-worth--average_F1": 0.0,
  "best_validation_loss": 0.7281970720023623
}