{
  "training_duration": "01:18:58",
  "training_start_epoch": 0,
  "training_epochs": 4,
  "epoch": 4,
  "training_background_P": 0.9935579897206912,
  "training_background_R": 0.9941128563118092,
  "training_background_F1": 0.9938353455695408,
  "training_method_P": 0.9906800640745594,
  "training_method_R": 0.98933540161908,
  "training_method_F1": 0.990007276255104,
  "training_result_P": 0.9886593762656947,
  "training_result_R": 0.9890599675850892,
  "training_result_F1": 0.9888596313550241,
  "training_average_F1": 0.9909007510598896,
  "training_aux-sec--introduction_P": 0.489527874850482,
  "training_aux-sec--introduction_R": 0.7347743434485672,
  "training_aux-sec--introduction_F1": 0.5875877989386229,
  "training_aux-sec--conclusion_P": 0.5049795918367347,
  "training_aux-sec--conclusion_R": 0.4070272404263719,
  "training_aux-sec--conclusion_F1": 0.450743223549936,
  "training_aux-sec--experiments_P": 0.43592436974789917,
  "training_aux-sec--experiments_R": 0.24111885790172644,
  "training_aux-sec--experiments_F1": 0.3104959384351828,
  "training_aux-sec--method_P": 0.38027182289477374,
  "training_aux-sec--method_R": 0.22933919215818827,
  "training_aux-sec--method_F1": 0.2861209214063101,
  "training_aux-sec--related work_P": 0.4480817347789825,
  "training_aux-sec--related work_R": 0.3582860953651217,
  "training_aux-sec--related work_F1": 0.39818417639424375,
  "training_aux-sec--average_F1": 0.40662641174485914,
  "training_aux-worth--False_P": 0.927938808373591,
  "training_aux-worth--False_R": 0.9886103698055662,
  "training_aux-worth--False_F1": 0.9573142593446663,
  "training_aux-worth--True_P": 0.8882481296758105,
  "training_aux-worth--True_R": 0.5411127990884922,
  "training_aux-worth--True_F1": 0.6725277318857211,
  "training_aux-worth--average_F1": 0.8149209956151937,
  "training_loss": 0.09759988959318226,
  "validation_background_P": 0.8367003367003367,
  "validation_background_R": 0.9237918215613383,
  "validation_background_F1": 0.8780918727914696,
  "validation_method_P": 0.8264840182648402,
  "validation_method_R": 0.7098039215686275,
  "validation_method_F1": 0.7637130801687266,
  "validation_result_P": 0.8640776699029126,
  "validation_result_R": 0.7235772357723578,
  "validation_result_F1": 0.7876106194689769,
  "validation_average_F1": 0.8098051908097244,
  "validation_aux-sec--introduction_P": 0.0,
  "validation_aux-sec--introduction_R": 0.0,
  "validation_aux-sec--introduction_F1": 0.0,
  "validation_aux-sec--conclusion_P": 0.0,
  "validation_aux-sec--conclusion_R": 0.0,
  "validation_aux-sec--conclusion_F1": 0.0,
  "validation_aux-sec--experiments_P": 0.0,
  "validation_aux-sec--experiments_R": 0.0,
  "validation_aux-sec--experiments_F1": 0.0,
  "validation_aux-sec--method_P": 0.0,
  "validation_aux-sec--method_R": 0.0,
  "validation_aux-sec--method_F1": 0.0,
  "validation_aux-sec--related work_P": 0.0,
  "validation_aux-sec--related work_R": 0.0,
  "validation_aux-sec--related work_F1": 0.0,
  "validation_aux-sec--average_F1": 0.0,
  "validation_aux-worth--False_P": 0.0,
  "validation_aux-worth--False_R": 0.0,
  "validation_aux-worth--False_F1": 0.0,
  "validation_aux-worth--True_P": 0.0,
  "validation_aux-worth--True_R": 0.0,
  "validation_aux-worth--True_F1": 0.0,
  "validation_aux-worth--average_F1": 0.0,
  "validation_loss": 1.4058902086690068,
  "best_epoch": 1,
  "best_validation_background_P": 0.8594306049822064,
  "best_validation_background_R": 0.8977695167286245,
  "best_validation_background_F1": 0.8781818181817682,
  "best_validation_method_P": 0.8099173553719008,
  "best_validation_method_R": 0.7686274509803922,
  "best_validation_method_F1": 0.7887323943661473,
  "best_validation_result_P": 0.8303571428571429,
  "best_validation_result_R": 0.7560975609756098,
  "best_validation_result_F1": 0.7914893617020778,
  "best_validation_average_F1": 0.8194678580833311,
  "best_validation_aux-sec--introduction_P": 0.0,
  "best_validation_aux-sec--introduction_R": 0.0,
  "best_validation_aux-sec--introduction_F1": 0.0,
  "best_validation_aux-sec--conclusion_P": 0.0,
  "best_validation_aux-sec--conclusion_R": 0.0,
  "best_validation_aux-sec--conclusion_F1": 0.0,
  "best_validation_aux-sec--experiments_P": 0.0,
  "best_validation_aux-sec--experiments_R": 0.0,
  "best_validation_aux-sec--experiments_F1": 0.0,
  "best_validation_aux-sec--method_P": 0.0,
  "best_validation_aux-sec--method_R": 0.0,
  "best_validation_aux-sec--method_F1": 0.0,
  "best_validation_aux-sec--related work_P": 0.0,
  "best_validation_aux-sec--related work_R": 0.0,
  "best_validation_aux-sec--related work_F1": 0.0,
  "best_validation_aux-sec--average_F1": 0.0,
  "best_validation_aux-worth--False_P": 0.0,
  "best_validation_aux-worth--False_R": 0.0,
  "best_validation_aux-worth--False_F1": 0.0,
  "best_validation_aux-worth--True_P": 0.0,
  "best_validation_aux-worth--True_R": 0.0,
  "best_validation_aux-worth--True_F1": 0.0,
  "best_validation_aux-worth--average_F1": 0.0,
  "best_validation_loss": 0.7281970720023623
}