{
  "training_duration": "00:32:04",
  "training_start_epoch": 0,
  "training_epochs": 1,
  "epoch": 1,
  "training_background_P": 0.9571093642256241,
  "training_background_R": 0.967427164165234,
  "training_background_F1": 0.9622406063686704,
  "training_method_P": 0.9415964303420922,
  "training_method_R": 0.9248149590962212,
  "training_method_F1": 0.9331302510685886,
  "training_result_P": 0.9491439054219323,
  "training_result_R": 0.939757820383451,
  "training_result_F1": 0.9444275428455032,
  "training_average_F1": 0.9465994667609207,
  "training_aux-sec--introduction_P": 0.46261321200154526,
  "training_aux-sec--introduction_R": 0.7588185594592691,
  "training_aux-sec--introduction_F1": 0.574799999999953,
  "training_aux-sec--conclusion_P": 0.4829799107142857,
  "training_aux-sec--conclusion_R": 0.3416896960126332,
  "training_aux-sec--conclusion_F1": 0.4002312138727838,
  "training_aux-sec--experiments_P": 0.39924946973405123,
  "training_aux-sec--experiments_R": 0.20310424966799467,
  "training_aux-sec--experiments_F1": 0.269241348957429,
  "training_aux-sec--method_P": 0.35499580184718726,
  "training_aux-sec--method_R": 0.17863782322122698,
  "training_aux-sec--method_F1": 0.2376749676766096,
  "training_aux-sec--related work_P": 0.38554514060187467,
  "training_aux-sec--related work_R": 0.26058686228742917,
  "training_aux-sec--related work_F1": 0.31098288897726983,
  "training_aux-sec--average_F1": 0.35858608389680907,
  "training_aux-worth--False_P": 0.9157688106975234,
  "training_aux-worth--False_R": 0.9856239674672767,
  "training_aux-worth--False_F1": 0.9494131868467666,
  "training_aux-worth--True_P": 0.8420593368237347,
  "training_aux-worth--True_R": 0.4581276110900114,
  "training_aux-worth--True_F1": 0.5934079449021805,
  "training_aux-worth--average_F1": 0.7714105658744735,
  "training_loss": 0.21402251695366095,
  "validation_background_P": 0.8594306049822064,
  "validation_background_R": 0.8977695167286245,
  "validation_background_F1": 0.8781818181817682,
  "validation_method_P": 0.8099173553719008,
  "validation_method_R": 0.7686274509803922,
  "validation_method_F1": 0.7887323943661473,
  "validation_result_P": 0.8303571428571429,
  "validation_result_R": 0.7560975609756098,
  "validation_result_F1": 0.7914893617020778,
  "validation_average_F1": 0.8194678580833311,
  "validation_aux-sec--introduction_P": 0.0,
  "validation_aux-sec--introduction_R": 0.0,
  "validation_aux-sec--introduction_F1": 0.0,
  "validation_aux-sec--conclusion_P": 0.0,
  "validation_aux-sec--conclusion_R": 0.0,
  "validation_aux-sec--conclusion_F1": 0.0,
  "validation_aux-sec--experiments_P": 0.0,
  "validation_aux-sec--experiments_R": 0.0,
  "validation_aux-sec--experiments_F1": 0.0,
  "validation_aux-sec--method_P": 0.0,
  "validation_aux-sec--method_R": 0.0,
  "validation_aux-sec--method_F1": 0.0,
  "validation_aux-sec--related work_P": 0.0,
  "validation_aux-sec--related work_R": 0.0,
  "validation_aux-sec--related work_F1": 0.0,
  "validation_aux-sec--average_F1": 0.0,
  "validation_aux-worth--False_P": 0.0,
  "validation_aux-worth--False_R": 0.0,
  "validation_aux-worth--False_F1": 0.0,
  "validation_aux-worth--True_P": 0.0,
  "validation_aux-worth--True_R": 0.0,
  "validation_aux-worth--True_F1": 0.0,
  "validation_aux-worth--average_F1": 0.0,
  "validation_loss": 0.7281970720023623,
  "best_epoch": 1,
  "best_validation_background_P": 0.8594306049822064,
  "best_validation_background_R": 0.8977695167286245,
  "best_validation_background_F1": 0.8781818181817682,
  "best_validation_method_P": 0.8099173553719008,
  "best_validation_method_R": 0.7686274509803922,
  "best_validation_method_F1": 0.7887323943661473,
  "best_validation_result_P": 0.8303571428571429,
  "best_validation_result_R": 0.7560975609756098,
  "best_validation_result_F1": 0.7914893617020778,
  "best_validation_average_F1": 0.8194678580833311,
  "best_validation_aux-sec--introduction_P": 0.0,
  "best_validation_aux-sec--introduction_R": 0.0,
  "best_validation_aux-sec--introduction_F1": 0.0,
  "best_validation_aux-sec--conclusion_P": 0.0,
  "best_validation_aux-sec--conclusion_R": 0.0,
  "best_validation_aux-sec--conclusion_F1": 0.0,
  "best_validation_aux-sec--experiments_P": 0.0,
  "best_validation_aux-sec--experiments_R": 0.0,
  "best_validation_aux-sec--experiments_F1": 0.0,
  "best_validation_aux-sec--method_P": 0.0,
  "best_validation_aux-sec--method_R": 0.0,
  "best_validation_aux-sec--method_F1": 0.0,
  "best_validation_aux-sec--related work_P": 0.0,
  "best_validation_aux-sec--related work_R": 0.0,
  "best_validation_aux-sec--related work_F1": 0.0,
  "best_validation_aux-sec--average_F1": 0.0,
  "best_validation_aux-worth--False_P": 0.0,
  "best_validation_aux-worth--False_R": 0.0,
  "best_validation_aux-worth--False_F1": 0.0,
  "best_validation_aux-worth--True_P": 0.0,
  "best_validation_aux-worth--True_R": 0.0,
  "best_validation_aux-worth--True_F1": 0.0,
  "best_validation_aux-worth--average_F1": 0.0,
  "best_validation_loss": 0.7281970720023623
}