{
  "training_duration": "00:16:24",
  "training_start_epoch": 0,
  "training_epochs": 0,
  "epoch": 0,
  "training_background_P": 0.8894859918154427,
  "training_background_R": 0.9191858168552641,
  "training_background_F1": 0.9040920569984989,
  "training_method_P": 0.8517382413087935,
  "training_method_R": 0.8131192347113085,
  "training_method_F1": 0.8319808234911734,
  "training_result_P": 0.8627409447151028,
  "training_result_R": 0.8186934673366835,
  "training_result_F1": 0.8401402640263528,
  "training_average_F1": 0.858737714838675,
  "training_aux-sec--introduction_P": 0.44353304802662863,
  "training_aux-sec--introduction_R": 0.7880729423361261,
  "training_aux-sec--introduction_F1": 0.567610740637394,
  "training_aux-sec--conclusion_P": 0.46329987452948557,
  "training_aux-sec--conclusion_R": 0.2915515199368338,
  "training_aux-sec--conclusion_F1": 0.3578870850496255,
  "training_aux-sec--experiments_P": 0.36769953051643195,
  "training_aux-sec--experiments_R": 0.16251660026560424,
  "training_aux-sec--experiments_F1": 0.2254072411212376,
  "training_aux-sec--method_P": 0.32431423773091994,
  "training_aux-sec--method_R": 0.14686496535406457,
  "training_aux-sec--method_F1": 0.20217530390270824,
  "training_aux-sec--related work_P": 0.3223589001447178,
  "training_aux-sec--related work_R": 0.14854951650550183,
  "training_aux-sec--related work_F1": 0.2033782241496943,
  "training_aux-sec--average_F1": 0.311291718972132,
  "training_aux-worth--False_P": 0.8979984938014135,
  "training_aux-worth--False_R": 0.9849567924768077,
  "training_aux-worth--False_F1": 0.9394696969696471,
  "training_aux-worth--True_P": 0.7865193868349865,
  "training_aux-worth--True_R": 0.33127611090011394,
  "training_aux-worth--True_F1": 0.46619454836981405,
  "training_aux-worth--average_F1": 0.7028321226697306,
  "training_loss": 0.4110759102082216,
  "validation_background_P": 0.8551483420593369,
  "validation_background_R": 0.9107806691449815,
  "validation_background_F1": 0.8820882088208323,
  "validation_method_P": 0.8377192982456141,
  "validation_method_R": 0.7490196078431373,
  "validation_method_F1": 0.7908902691510888,
  "validation_result_P": 0.808695652173913,
  "validation_result_R": 0.7560975609756098,
  "validation_result_F1": 0.781512605041967,
  "validation_average_F1": 0.8181636943379628,
  "validation_aux-sec--introduction_P": 0.0,
  "validation_aux-sec--introduction_R": 0.0,
  "validation_aux-sec--introduction_F1": 0.0,
  "validation_aux-sec--conclusion_P": 0.0,
  "validation_aux-sec--conclusion_R": 0.0,
  "validation_aux-sec--conclusion_F1": 0.0,
  "validation_aux-sec--experiments_P": 0.0,
  "validation_aux-sec--experiments_R": 0.0,
  "validation_aux-sec--experiments_F1": 0.0,
  "validation_aux-sec--method_P": 0.0,
  "validation_aux-sec--method_R": 0.0,
  "validation_aux-sec--method_F1": 0.0,
  "validation_aux-sec--related work_P": 0.0,
  "validation_aux-sec--related work_R": 0.0,
  "validation_aux-sec--related work_F1": 0.0,
  "validation_aux-sec--average_F1": 0.0,
  "validation_aux-worth--False_P": 0.0,
  "validation_aux-worth--False_R": 0.0,
  "validation_aux-worth--False_F1": 0.0,
  "validation_aux-worth--True_P": 0.0,
  "validation_aux-worth--True_R": 0.0,
  "validation_aux-worth--True_F1": 0.0,
  "validation_aux-worth--average_F1": 0.0,
  "validation_loss": 0.5354688020166138,
  "best_epoch": 0,
  "best_validation_background_P": 0.8551483420593369,
  "best_validation_background_R": 0.9107806691449815,
  "best_validation_background_F1": 0.8820882088208323,
  "best_validation_method_P": 0.8377192982456141,
  "best_validation_method_R": 0.7490196078431373,
  "best_validation_method_F1": 0.7908902691510888,
  "best_validation_result_P": 0.808695652173913,
  "best_validation_result_R": 0.7560975609756098,
  "best_validation_result_F1": 0.781512605041967,
  "best_validation_average_F1": 0.8181636943379628,
  "best_validation_aux-sec--introduction_P": 0.0,
  "best_validation_aux-sec--introduction_R": 0.0,
  "best_validation_aux-sec--introduction_F1": 0.0,
  "best_validation_aux-sec--conclusion_P": 0.0,
  "best_validation_aux-sec--conclusion_R": 0.0,
  "best_validation_aux-sec--conclusion_F1": 0.0,
  "best_validation_aux-sec--experiments_P": 0.0,
  "best_validation_aux-sec--experiments_R": 0.0,
  "best_validation_aux-sec--experiments_F1": 0.0,
  "best_validation_aux-sec--method_P": 0.0,
  "best_validation_aux-sec--method_R": 0.0,
  "best_validation_aux-sec--method_F1": 0.0,
  "best_validation_aux-sec--related work_P": 0.0,
  "best_validation_aux-sec--related work_R": 0.0,
  "best_validation_aux-sec--related work_F1": 0.0,
  "best_validation_aux-sec--average_F1": 0.0,
  "best_validation_aux-worth--False_P": 0.0,
  "best_validation_aux-worth--False_R": 0.0,
  "best_validation_aux-worth--False_F1": 0.0,
  "best_validation_aux-worth--True_P": 0.0,
  "best_validation_aux-worth--True_R": 0.0,
  "best_validation_aux-worth--True_F1": 0.0,
  "best_validation_aux-worth--average_F1": 0.0,
  "best_validation_loss": 0.5354688020166138
}