{
  "training_duration": "01:03:20",
  "training_start_epoch": 0,
  "training_epochs": 3,
  "epoch": 3,
  "training_background_P": 0.9907501854599406,
  "training_background_R": 0.9913937088243482,
  "training_background_F1": 0.991071842678861,
  "training_method_P": 0.9859534064212999,
  "training_method_R": 0.9844116497263488,
  "training_method_F1": 0.9851819248825792,
  "training_result_P": 0.9849616471538151,
  "training_result_R": 0.985359450726979,
  "training_result_F1": 0.985160508782506,
  "training_average_F1": 0.9871380921146486,
  "training_aux-sec--introduction_P": 0.4809802487198244,
  "training_aux-sec--introduction_R": 0.7406885869182567,
  "training_aux-sec--introduction_F1": 0.5832293832293355,
  "training_aux-sec--conclusion_P": 0.4975365344467641,
  "training_aux-sec--conclusion_R": 0.3920252664824319,
  "training_aux-sec--conclusion_F1": 0.43852353439070624,
  "training_aux-sec--experiments_P": 0.42083397445760884,
  "training_aux-sec--experiments_R": 0.2270086321381142,
  "training_aux-sec--experiments_F1": 0.2949264031918453,
  "training_aux-sec--method_P": 0.3796489140136864,
  "training_aux-sec--method_R": 0.21564982254520873,
  "training_aux-sec--method_F1": 0.2750592800171989,
  "training_aux-sec--related work_P": 0.4278169014084507,
  "training_aux-sec--related work_R": 0.324108036012004,
  "training_aux-sec--related work_F1": 0.3688104723960808,
  "training_aux-sec--average_F1": 0.39210981464503336,
  "training_aux-worth--False_P": 0.9253338096726655,
  "training_aux-worth--False_R": 0.9874666412504766,
  "training_aux-worth--False_F1": 0.9553911058855576,
  "training_aux-worth--True_P": 0.8748612212529738,
  "training_aux-worth--True_R": 0.5237371819217622,
  "training_aux-worth--True_F1": 0.6552236146581465,
  "training_aux-worth--average_F1": 0.8053073602718521,
  "training_loss": 0.10846076127252832,
  "validation_background_P": 0.8361774744027304,
  "validation_background_R": 0.9107806691449815,
  "validation_background_F1": 0.8718861209963915,
  "validation_method_P": 0.8169642857142857,
  "validation_method_R": 0.7176470588235294,
  "validation_method_F1": 0.7640918580375285,
  "validation_result_P": 0.839622641509434,
  "validation_result_R": 0.7235772357723578,
  "validation_result_F1": 0.7772925764191644,
  "validation_average_F1": 0.8044235184843616,
  "validation_aux-sec--introduction_P": 0.0,
  "validation_aux-sec--introduction_R": 0.0,
  "validation_aux-sec--introduction_F1": 0.0,
  "validation_aux-sec--conclusion_P": 0.0,
  "validation_aux-sec--conclusion_R": 0.0,
  "validation_aux-sec--conclusion_F1": 0.0,
  "validation_aux-sec--experiments_P": 0.0,
  "validation_aux-sec--experiments_R": 0.0,
  "validation_aux-sec--experiments_F1": 0.0,
  "validation_aux-sec--method_P": 0.0,
  "validation_aux-sec--method_R": 0.0,
  "validation_aux-sec--method_F1": 0.0,
  "validation_aux-sec--related work_P": 0.0,
  "validation_aux-sec--related work_R": 0.0,
  "validation_aux-sec--related work_F1": 0.0,
  "validation_aux-sec--average_F1": 0.0,
  "validation_aux-worth--False_P": 0.0,
  "validation_aux-worth--False_R": 0.0,
  "validation_aux-worth--False_F1": 0.0,
  "validation_aux-worth--True_P": 0.0,
  "validation_aux-worth--True_R": 0.0,
  "validation_aux-worth--True_F1": 0.0,
  "validation_aux-worth--average_F1": 0.0,
  "validation_loss": 1.1421215173884713,
  "best_epoch": 1,
  "best_validation_background_P": 0.8594306049822064,
  "best_validation_background_R": 0.8977695167286245,
  "best_validation_background_F1": 0.8781818181817682,
  "best_validation_method_P": 0.8099173553719008,
  "best_validation_method_R": 0.7686274509803922,
  "best_validation_method_F1": 0.7887323943661473,
  "best_validation_result_P": 0.8303571428571429,
  "best_validation_result_R": 0.7560975609756098,
  "best_validation_result_F1": 0.7914893617020778,
  "best_validation_average_F1": 0.8194678580833311,
  "best_validation_aux-sec--introduction_P": 0.0,
  "best_validation_aux-sec--introduction_R": 0.0,
  "best_validation_aux-sec--introduction_F1": 0.0,
  "best_validation_aux-sec--conclusion_P": 0.0,
  "best_validation_aux-sec--conclusion_R": 0.0,
  "best_validation_aux-sec--conclusion_F1": 0.0,
  "best_validation_aux-sec--experiments_P": 0.0,
  "best_validation_aux-sec--experiments_R": 0.0,
  "best_validation_aux-sec--experiments_F1": 0.0,
  "best_validation_aux-sec--method_P": 0.0,
  "best_validation_aux-sec--method_R": 0.0,
  "best_validation_aux-sec--method_F1": 0.0,
  "best_validation_aux-sec--related work_P": 0.0,
  "best_validation_aux-sec--related work_R": 0.0,
  "best_validation_aux-sec--related work_F1": 0.0,
  "best_validation_aux-sec--average_F1": 0.0,
  "best_validation_aux-worth--False_P": 0.0,
  "best_validation_aux-worth--False_R": 0.0,
  "best_validation_aux-worth--False_F1": 0.0,
  "best_validation_aux-worth--True_P": 0.0,
  "best_validation_aux-worth--True_R": 0.0,
  "best_validation_aux-worth--True_F1": 0.0,
  "best_validation_aux-worth--average_F1": 0.0,
  "best_validation_loss": 0.7281970720023623
}