{
  "training_duration": "00:30:20",
  "training_start_epoch": 0,
  "training_epochs": 2,
  "epoch": 2,
  "training_background_P": 0.9738714595943261,
  "training_background_R": 0.9792557145511986,
  "training_background_F1": 0.976556165589405,
  "training_method_P": 0.9632677049662063,
  "training_method_R": 0.9550354472176362,
  "training_method_F1": 0.9591339120256985,
  "training_result_P": 0.9674090723334695,
  "training_result_R": 0.9613197969543147,
  "training_result_F1": 0.9643548222832783,
  "training_average_F1": 0.9666816332994607,
  "training_aux-sec--introduction_P": 0.510619359624181,
  "training_aux-sec--introduction_R": 0.7270295008096881,
  "training_aux-sec--introduction_F1": 0.5999041408257929,
  "training_aux-sec--conclusion_P": 0.5178803890037522,
  "training_aux-sec--conclusion_R": 0.44499276220555334,
  "training_aux-sec--conclusion_F1": 0.4786778497362988,
  "training_aux-sec--experiments_P": 0.45021465171028946,
  "training_aux-sec--experiments_R": 0.26983731739707834,
  "training_aux-sec--experiments_F1": 0.337433182832482,
  "training_aux-sec--method_P": 0.39931470743278863,
  "training_aux-sec--method_R": 0.25604191313165453,
  "training_aux-sec--method_F1": 0.3120172999690595,
  "training_aux-sec--related work_P": 0.4708953780700058,
  "training_aux-sec--related work_R": 0.40596865621873957,
  "training_aux-sec--related work_F1": 0.4360282925955273,
  "training_aux-sec--average_F1": 0.43281215319183214,
  "training_aux-worth--False_P": 0.9311474428971026,
  "training_aux-worth--False_R": 0.9888486465878765,
  "training_aux-worth--False_F1": 0.9591310041985557,
  "training_aux-worth--True_P": 0.8941336148393907,
  "training_aux-worth--True_R": 0.5629510064565135,
  "training_aux-worth--True_F1": 0.6909048534637993,
  "training_aux-worth--average_F1": 0.8250179288311774,
  "training_loss": 0.5110257716349119,
  "validation_background_P": 0.8685185185185185,
  "validation_background_R": 0.8717472118959108,
  "validation_background_F1": 0.8701298701298201,
  "validation_method_P": 0.8007968127490039,
  "validation_method_R": 0.788235294117647,
  "validation_method_F1": 0.7944664031620053,
  "validation_result_P": 0.752,
  "validation_result_R": 0.7642276422764228,
  "validation_result_F1": 0.7580645161289823,
  "validation_average_F1": 0.8075535964736026,
  "validation_aux-sec--introduction_P": 0.0,
  "validation_aux-sec--introduction_R": 0.0,
  "validation_aux-sec--introduction_F1": 0.0,
  "validation_aux-sec--conclusion_P": 0.0,
  "validation_aux-sec--conclusion_R": 0.0,
  "validation_aux-sec--conclusion_F1": 0.0,
  "validation_aux-sec--experiments_P": 0.0,
  "validation_aux-sec--experiments_R": 0.0,
  "validation_aux-sec--experiments_F1": 0.0,
  "validation_aux-sec--method_P": 0.0,
  "validation_aux-sec--method_R": 0.0,
  "validation_aux-sec--method_F1": 0.0,
  "validation_aux-sec--related work_P": 0.0,
  "validation_aux-sec--related work_R": 0.0,
  "validation_aux-sec--related work_F1": 0.0,
  "validation_aux-sec--average_F1": 0.0,
  "validation_aux-worth--False_P": 0.0,
  "validation_aux-worth--False_R": 0.0,
  "validation_aux-worth--False_F1": 0.0,
  "validation_aux-worth--True_P": 0.0,
  "validation_aux-worth--True_R": 0.0,
  "validation_aux-worth--True_F1": 0.0,
  "validation_aux-worth--average_F1": 0.0,
  "validation_loss": 0.8656122633095445,
  "best_epoch": 0,
  "best_validation_background_P": 0.8576512455516014,
  "best_validation_background_R": 0.895910780669145,
  "best_validation_background_F1": 0.8763636363635864,
  "best_validation_method_P": 0.8333333333333334,
  "best_validation_method_R": 0.7647058823529411,
  "best_validation_method_F1": 0.7975460122698886,
  "best_validation_result_P": 0.7916666666666666,
  "best_validation_result_R": 0.7723577235772358,
  "best_validation_result_F1": 0.7818930041151764,
  "best_validation_average_F1": 0.8186008842495505,
  "best_validation_aux-sec--introduction_P": 0.0,
  "best_validation_aux-sec--introduction_R": 0.0,
  "best_validation_aux-sec--introduction_F1": 0.0,
  "best_validation_aux-sec--conclusion_P": 0.0,
  "best_validation_aux-sec--conclusion_R": 0.0,
  "best_validation_aux-sec--conclusion_F1": 0.0,
  "best_validation_aux-sec--experiments_P": 0.0,
  "best_validation_aux-sec--experiments_R": 0.0,
  "best_validation_aux-sec--experiments_F1": 0.0,
  "best_validation_aux-sec--method_P": 0.0,
  "best_validation_aux-sec--method_R": 0.0,
  "best_validation_aux-sec--method_F1": 0.0,
  "best_validation_aux-sec--related work_P": 0.0,
  "best_validation_aux-sec--related work_R": 0.0,
  "best_validation_aux-sec--related work_F1": 0.0,
  "best_validation_aux-sec--average_F1": 0.0,
  "best_validation_aux-worth--False_P": 0.0,
  "best_validation_aux-worth--False_R": 0.0,
  "best_validation_aux-worth--False_F1": 0.0,
  "best_validation_aux-worth--True_P": 0.0,
  "best_validation_aux-worth--True_R": 0.0,
  "best_validation_aux-worth--True_F1": 0.0,
  "best_validation_aux-worth--average_F1": 0.0,
  "best_validation_loss": 0.4951199858353056
}