{
  "training_duration": "00:10:32",
  "training_start_epoch": 0,
  "training_epochs": 0,
  "epoch": 0,
  "training_background_P": 0.8816088876991032,
  "training_background_R": 0.9155546288573811,
  "training_background_F1": 0.8982611660415457,
  "training_method_P": 0.8412411585523258,
  "training_method_R": 0.7952948067161265,
  "training_method_F1": 0.817623002232933,
  "training_result_P": 0.856512853608691,
  "training_result_R": 0.8092479674796748,
  "training_result_F1": 0.8322098552541696,
  "training_average_F1": 0.8493646745095494,
  "training_aux-sec--introduction_P": 0.4645453147989547,
  "training_aux-sec--introduction_R": 0.7447018235584032,
  "training_aux-sec--introduction_F1": 0.5721704556211745,
  "training_aux-sec--conclusion_P": 0.48427672955974843,
  "training_aux-sec--conclusion_R": 0.35971838399789446,
  "training_aux-sec--conclusion_F1": 0.41280628232713046,
  "training_aux-sec--experiments_P": 0.38631346578366443,
  "training_aux-sec--experiments_R": 0.20335325365205845,
  "training_aux-sec--experiments_F1": 0.26644915715058015,
  "training_aux-sec--method_P": 0.34206623826000987,
  "training_aux-sec--method_R": 0.1754267365218861,
  "training_aux-sec--method_F1": 0.23191643858566707,
  "training_aux-sec--related work_P": 0.36449258299976456,
  "training_aux-sec--related work_R": 0.25808602867622543,
  "training_aux-sec--related work_F1": 0.30219619326495883,
  "training_aux-sec--average_F1": 0.3571077053899022,
  "training_aux-worth--False_P": 0.9109766129980021,
  "training_aux-worth--False_R": 0.9850679883085526,
  "training_aux-worth--False_F1": 0.9465746733422387,
  "training_aux-worth--True_P": 0.8263118994826312,
  "training_aux-worth--True_R": 0.4246107102164831,
  "training_aux-worth--True_F1": 0.5609633718012598,
  "training_aux-worth--average_F1": 0.7537690225717493,
  "training_loss": 0.8194675425316491,
  "validation_background_P": 0.8576512455516014,
  "validation_background_R": 0.895910780669145,
  "validation_background_F1": 0.8763636363635864,
  "validation_method_P": 0.8333333333333334,
  "validation_method_R": 0.7647058823529411,
  "validation_method_F1": 0.7975460122698886,
  "validation_result_P": 0.7916666666666666,
  "validation_result_R": 0.7723577235772358,
  "validation_result_F1": 0.7818930041151764,
  "validation_average_F1": 0.8186008842495505,
  "validation_aux-sec--introduction_P": 0.0,
  "validation_aux-sec--introduction_R": 0.0,
  "validation_aux-sec--introduction_F1": 0.0,
  "validation_aux-sec--conclusion_P": 0.0,
  "validation_aux-sec--conclusion_R": 0.0,
  "validation_aux-sec--conclusion_F1": 0.0,
  "validation_aux-sec--experiments_P": 0.0,
  "validation_aux-sec--experiments_R": 0.0,
  "validation_aux-sec--experiments_F1": 0.0,
  "validation_aux-sec--method_P": 0.0,
  "validation_aux-sec--method_R": 0.0,
  "validation_aux-sec--method_F1": 0.0,
  "validation_aux-sec--related work_P": 0.0,
  "validation_aux-sec--related work_R": 0.0,
  "validation_aux-sec--related work_F1": 0.0,
  "validation_aux-sec--average_F1": 0.0,
  "validation_aux-worth--False_P": 0.0,
  "validation_aux-worth--False_R": 0.0,
  "validation_aux-worth--False_F1": 0.0,
  "validation_aux-worth--True_P": 0.0,
  "validation_aux-worth--True_R": 0.0,
  "validation_aux-worth--True_F1": 0.0,
  "validation_aux-worth--average_F1": 0.0,
  "validation_loss": 0.4951199858353056,
  "best_epoch": 0,
  "best_validation_background_P": 0.8576512455516014,
  "best_validation_background_R": 0.895910780669145,
  "best_validation_background_F1": 0.8763636363635864,
  "best_validation_method_P": 0.8333333333333334,
  "best_validation_method_R": 0.7647058823529411,
  "best_validation_method_F1": 0.7975460122698886,
  "best_validation_result_P": 0.7916666666666666,
  "best_validation_result_R": 0.7723577235772358,
  "best_validation_result_F1": 0.7818930041151764,
  "best_validation_average_F1": 0.8186008842495505,
  "best_validation_aux-sec--introduction_P": 0.0,
  "best_validation_aux-sec--introduction_R": 0.0,
  "best_validation_aux-sec--introduction_F1": 0.0,
  "best_validation_aux-sec--conclusion_P": 0.0,
  "best_validation_aux-sec--conclusion_R": 0.0,
  "best_validation_aux-sec--conclusion_F1": 0.0,
  "best_validation_aux-sec--experiments_P": 0.0,
  "best_validation_aux-sec--experiments_R": 0.0,
  "best_validation_aux-sec--experiments_F1": 0.0,
  "best_validation_aux-sec--method_P": 0.0,
  "best_validation_aux-sec--method_R": 0.0,
  "best_validation_aux-sec--method_F1": 0.0,
  "best_validation_aux-sec--related work_P": 0.0,
  "best_validation_aux-sec--related work_R": 0.0,
  "best_validation_aux-sec--related work_F1": 0.0,
  "best_validation_aux-sec--average_F1": 0.0,
  "best_validation_aux-worth--False_P": 0.0,
  "best_validation_aux-worth--False_R": 0.0,
  "best_validation_aux-worth--False_F1": 0.0,
  "best_validation_aux-worth--True_P": 0.0,
  "best_validation_aux-worth--True_R": 0.0,
  "best_validation_aux-worth--True_F1": 0.0,
  "best_validation_aux-worth--average_F1": 0.0,
  "best_validation_loss": 0.4951199858353056
}