{
  "training_duration": "00:20:28",
  "training_start_epoch": 0,
  "training_epochs": 1,
  "epoch": 1,
  "training_background_P": 0.9464850736002202,
  "training_background_R": 0.9593306995119684,
  "training_background_F1": 0.9528645953556585,
  "training_method_P": 0.9268110157653163,
  "training_method_R": 0.9050031665611147,
  "training_method_F1": 0.9157772793374079,
  "training_result_P": 0.9361399227171039,
  "training_result_R": 0.926623049823855,
  "training_result_F1": 0.9313571753755381,
  "training_average_F1": 0.9333330166895348,
  "training_aux-sec--introduction_P": 0.4928316698978004,
  "training_aux-sec--introduction_R": 0.724882067168908,
  "training_aux-sec--introduction_F1": 0.5867468334591395,
  "training_aux-sec--conclusion_P": 0.5015948963317385,
  "training_aux-sec--conclusion_R": 0.41387024608501116,
  "training_aux-sec--conclusion_F1": 0.45352945417833385,
  "training_aux-sec--experiments_P": 0.4205594207014057,
  "training_aux-sec--experiments_R": 0.2458499335989376,
  "training_aux-sec--experiments_F1": 0.3103032842700283,
  "training_aux-sec--method_P": 0.37893864013267,
  "training_aux-sec--method_R": 0.23170525604191314,
  "training_aux-sec--method_F1": 0.28757210277918727,
  "training_aux-sec--related work_P": 0.4346846846846847,
  "training_aux-sec--related work_R": 0.3539513171057019,
  "training_aux-sec--related work_F1": 0.39018562764192805,
  "training_aux-sec--average_F1": 0.4056674604657234,
  "training_aux-worth--False_P": 0.9259689576071737,
  "training_aux-worth--False_R": 0.9874825263692972,
  "training_aux-worth--False_F1": 0.9557369740017643,
  "training_aux-worth--True_P": 0.8759055118110236,
  "training_aux-worth--True_R": 0.5281048233953665,
  "training_aux-worth--True_F1": 0.6589266674564155,
  "training_aux-worth--average_F1": 0.8073318207290898,
  "training_loss": 0.6107228726317273,
  "validation_background_P": 0.8661567877629063,
  "validation_background_R": 0.8420074349442379,
  "validation_background_F1": 0.8539114043354824,
  "validation_method_P": 0.8371040723981901,
  "validation_method_R": 0.7254901960784313,
  "validation_method_F1": 0.7773109243696982,
  "validation_result_P": 0.622093023255814,
  "validation_result_R": 0.8699186991869918,
  "validation_result_F1": 0.7254237288135107,
  "validation_average_F1": 0.7855486858395637,
  "validation_aux-sec--introduction_P": 0.0,
  "validation_aux-sec--introduction_R": 0.0,
  "validation_aux-sec--introduction_F1": 0.0,
  "validation_aux-sec--conclusion_P": 0.0,
  "validation_aux-sec--conclusion_R": 0.0,
  "validation_aux-sec--conclusion_F1": 0.0,
  "validation_aux-sec--experiments_P": 0.0,
  "validation_aux-sec--experiments_R": 0.0,
  "validation_aux-sec--experiments_F1": 0.0,
  "validation_aux-sec--method_P": 0.0,
  "validation_aux-sec--method_R": 0.0,
  "validation_aux-sec--method_F1": 0.0,
  "validation_aux-sec--related work_P": 0.0,
  "validation_aux-sec--related work_R": 0.0,
  "validation_aux-sec--related work_F1": 0.0,
  "validation_aux-sec--average_F1": 0.0,
  "validation_aux-worth--False_P": 0.0,
  "validation_aux-worth--False_R": 0.0,
  "validation_aux-worth--False_F1": 0.0,
  "validation_aux-worth--True_P": 0.0,
  "validation_aux-worth--True_R": 0.0,
  "validation_aux-worth--True_F1": 0.0,
  "validation_aux-worth--average_F1": 0.0,
  "validation_loss": 0.7208821737560732,
  "best_epoch": 0,
  "best_validation_background_P": 0.8576512455516014,
  "best_validation_background_R": 0.895910780669145,
  "best_validation_background_F1": 0.8763636363635864,
  "best_validation_method_P": 0.8333333333333334,
  "best_validation_method_R": 0.7647058823529411,
  "best_validation_method_F1": 0.7975460122698886,
  "best_validation_result_P": 0.7916666666666666,
  "best_validation_result_R": 0.7723577235772358,
  "best_validation_result_F1": 0.7818930041151764,
  "best_validation_average_F1": 0.8186008842495505,
  "best_validation_aux-sec--introduction_P": 0.0,
  "best_validation_aux-sec--introduction_R": 0.0,
  "best_validation_aux-sec--introduction_F1": 0.0,
  "best_validation_aux-sec--conclusion_P": 0.0,
  "best_validation_aux-sec--conclusion_R": 0.0,
  "best_validation_aux-sec--conclusion_F1": 0.0,
  "best_validation_aux-sec--experiments_P": 0.0,
  "best_validation_aux-sec--experiments_R": 0.0,
  "best_validation_aux-sec--experiments_F1": 0.0,
  "best_validation_aux-sec--method_P": 0.0,
  "best_validation_aux-sec--method_R": 0.0,
  "best_validation_aux-sec--method_F1": 0.0,
  "best_validation_aux-sec--related work_P": 0.0,
  "best_validation_aux-sec--related work_R": 0.0,
  "best_validation_aux-sec--related work_F1": 0.0,
  "best_validation_aux-sec--average_F1": 0.0,
  "best_validation_aux-worth--False_P": 0.0,
  "best_validation_aux-worth--False_R": 0.0,
  "best_validation_aux-worth--False_F1": 0.0,
  "best_validation_aux-worth--True_P": 0.0,
  "best_validation_aux-worth--True_R": 0.0,
  "best_validation_aux-worth--True_F1": 0.0,
  "best_validation_aux-worth--average_F1": 0.0,
  "best_validation_loss": 0.4951199858353056
}