{
  "training_duration": "00:40:09",
  "training_start_epoch": 0,
  "training_epochs": 3,
  "epoch": 3,
  "training_background_P": 0.9866913551672261,
  "training_background_R": 0.9888198181480794,
  "training_background_F1": 0.9877544400291448,
  "training_method_P": 0.9822496812788075,
  "training_method_R": 0.9786506424349015,
  "training_method_F1": 0.9804468590166644,
  "training_result_P": 0.9795815222884868,
  "training_result_R": 0.9778024417314095,
  "training_result_F1": 0.978691173500253,
  "training_average_F1": 0.9822974908486873,
  "training_aux-sec--introduction_P": 0.5288852517709639,
  "training_aux-sec--introduction_R": 0.7280504118848131,
  "training_aux-sec--introduction_F1": 0.6126886785465155,
  "training_aux-sec--conclusion_P": 0.5322893363161819,
  "training_aux-sec--conclusion_R": 0.46966706145545467,
  "training_aux-sec--conclusion_F1": 0.4990212527963708,
  "training_aux-sec--experiments_P": 0.4611378726728291,
  "training_aux-sec--experiments_R": 0.29399070385126164,
  "training_aux-sec--experiments_F1": 0.3590653352931756,
  "training_aux-sec--method_P": 0.4163275686673449,
  "training_aux-sec--method_R": 0.2766604698326855,
  "training_aux-sec--method_F1": 0.3324195349781224,
  "training_aux-sec--related work_P": 0.5029487652045705,
  "training_aux-sec--related work_R": 0.4549849949983328,
  "training_aux-sec--related work_F1": 0.47776610644252715,
  "training_aux-sec--average_F1": 0.4561921816113423,
  "training_aux-worth--False_P": 0.9341310182477921,
  "training_aux-worth--False_R": 0.989642902528911,
  "training_aux-worth--False_F1": 0.9610860426548924,
  "training_aux-worth--True_P": 0.903990575762038,
  "training_aux-worth--True_R": 0.5828902392707938,
  "training_aux-worth--True_F1": 0.7087686890261026,
  "training_aux-worth--average_F1": 0.8349273658404974,
  "training_loss": 0.46204612521851224,
  "validation_background_P": 0.8715596330275229,
  "validation_background_R": 0.8828996282527881,
  "validation_background_F1": 0.8771929824560905,
  "validation_method_P": 0.8032128514056225,
  "validation_method_R": 0.7843137254901961,
  "validation_method_F1": 0.7936507936507436,
  "validation_result_P": 0.7868852459016393,
  "validation_result_R": 0.7804878048780488,
  "validation_result_F1": 0.7836734693877051,
  "validation_average_F1": 0.8181724151648463,
  "validation_aux-sec--introduction_P": 0.0,
  "validation_aux-sec--introduction_R": 0.0,
  "validation_aux-sec--introduction_F1": 0.0,
  "validation_aux-sec--conclusion_P": 0.0,
  "validation_aux-sec--conclusion_R": 0.0,
  "validation_aux-sec--conclusion_F1": 0.0,
  "validation_aux-sec--experiments_P": 0.0,
  "validation_aux-sec--experiments_R": 0.0,
  "validation_aux-sec--experiments_F1": 0.0,
  "validation_aux-sec--method_P": 0.0,
  "validation_aux-sec--method_R": 0.0,
  "validation_aux-sec--method_F1": 0.0,
  "validation_aux-sec--related work_P": 0.0,
  "validation_aux-sec--related work_R": 0.0,
  "validation_aux-sec--related work_F1": 0.0,
  "validation_aux-sec--average_F1": 0.0,
  "validation_aux-worth--False_P": 0.0,
  "validation_aux-worth--False_R": 0.0,
  "validation_aux-worth--False_F1": 0.0,
  "validation_aux-worth--True_P": 0.0,
  "validation_aux-worth--True_R": 0.0,
  "validation_aux-worth--True_F1": 0.0,
  "validation_aux-worth--average_F1": 0.0,
  "validation_loss": 0.9541118245828768,
  "best_epoch": 0,
  "best_validation_background_P": 0.8576512455516014,
  "best_validation_background_R": 0.895910780669145,
  "best_validation_background_F1": 0.8763636363635864,
  "best_validation_method_P": 0.8333333333333334,
  "best_validation_method_R": 0.7647058823529411,
  "best_validation_method_F1": 0.7975460122698886,
  "best_validation_result_P": 0.7916666666666666,
  "best_validation_result_R": 0.7723577235772358,
  "best_validation_result_F1": 0.7818930041151764,
  "best_validation_average_F1": 0.8186008842495505,
  "best_validation_aux-sec--introduction_P": 0.0,
  "best_validation_aux-sec--introduction_R": 0.0,
  "best_validation_aux-sec--introduction_F1": 0.0,
  "best_validation_aux-sec--conclusion_P": 0.0,
  "best_validation_aux-sec--conclusion_R": 0.0,
  "best_validation_aux-sec--conclusion_F1": 0.0,
  "best_validation_aux-sec--experiments_P": 0.0,
  "best_validation_aux-sec--experiments_R": 0.0,
  "best_validation_aux-sec--experiments_F1": 0.0,
  "best_validation_aux-sec--method_P": 0.0,
  "best_validation_aux-sec--method_R": 0.0,
  "best_validation_aux-sec--method_F1": 0.0,
  "best_validation_aux-sec--related work_P": 0.0,
  "best_validation_aux-sec--related work_R": 0.0,
  "best_validation_aux-sec--related work_F1": 0.0,
  "best_validation_aux-sec--average_F1": 0.0,
  "best_validation_aux-worth--False_P": 0.0,
  "best_validation_aux-worth--False_R": 0.0,
  "best_validation_aux-worth--False_F1": 0.0,
  "best_validation_aux-worth--True_P": 0.0,
  "best_validation_aux-worth--True_R": 0.0,
  "best_validation_aux-worth--True_F1": 0.0,
  "best_validation_aux-worth--average_F1": 0.0,
  "best_validation_loss": 0.4951199858353056,
  "test_background_P": 0.8690476190476191,
  "test_background_R": 0.8786359077231695,
  "test_background_F1": 0.8738154613465834,
  "test_method_P": 0.8619469026548673,
  "test_method_R": 0.8049586776859504,
  "test_method_F1": 0.8324786324785827,
  "test_result_P": 0.75,
  "test_result_R": 0.833976833976834,
  "test_result_F1": 0.7897623400365131,
  "test_average_F1": 0.8320188112872264,
  "test_aux-sec--introduction_P": 0.0,
  "test_aux-sec--introduction_R": 0.0,
  "test_aux-sec--introduction_F1": 0.0,
  "test_aux-sec--conclusion_P": 0.0,
  "test_aux-sec--conclusion_R": 0.0,
  "test_aux-sec--conclusion_F1": 0.0,
  "test_aux-sec--experiments_P": 0.0,
  "test_aux-sec--experiments_R": 0.0,
  "test_aux-sec--experiments_F1": 0.0,
  "test_aux-sec--method_P": 0.0,
  "test_aux-sec--method_R": 0.0,
  "test_aux-sec--method_F1": 0.0,
  "test_aux-sec--related work_P": 0.0,
  "test_aux-sec--related work_R": 0.0,
  "test_aux-sec--related work_F1": 0.0,
  "test_aux-sec--average_F1": 0.0,
  "test_aux-worth--False_P": 0.0,
  "test_aux-worth--False_R": 0.0,
  "test_aux-worth--False_F1": 0.0,
  "test_aux-worth--True_P": 0.0,
  "test_aux-worth--True_R": 0.0,
  "test_aux-worth--True_F1": 0.0,
  "test_aux-worth--average_F1": 0.0,
  "test_loss": 0.42891391480373126
}